contract_title,clause_text,Termination For Convenience,Renewal Term,Notice Period To Terminate Renewal,Cap On Liability,Uncapped Liability,Non-Compete
2ThemartComInc_19990826_10-12G_EX-10.10_6700288_EX-10.10_Co-Branding Agreement_ Agency Agreement,A party wishing to renew this Agreement shall give the other party notice thereof no less than thirty (30) days before the expiration of the term then in effect.,0,1,1,0,0,0
2ThemartComInc_19990826_10-12G_EX-10.10_6700288_EX-10.10_Co-Branding Agreement_ Agency Agreement,"EXCEPT IN THE EVENT OF A BREACH OF SECTION 11, NEITHER PARTY SHALL BE LIABLE FOR SPECIAL, INCIDENTAL OR CONSEQUENTIAL DAMAGES OR LOST PROFITS (HOWEVER ARISING, INCLUDING NEGLIGENCE) ARISING OUT OF OR IN CONNECTION WITH THIS AGREEMENT, EVEN IF THE PARTIES ARE AWARE OF THE POSSIBILITY OF SUCH DAMAGES.",0,0,0,1,1,0
2ThemartComInc_19990826_10-12G_EX-10.10_6700288_EX-10.10_Co-Branding Agreement_ Agency Agreement,"In the event that either party does not give such notice, the term of this Agreement shall be automatically renewed for another one (1) year.",0,1,1,0,0,0
2ThemartComInc_19990826_10-12G_EX-10.10_6700288_EX-10.10_Co-Branding Agreement_ Agency Agreement,i-Escrow shall not run banner advertisements on the Co-Branded Site for any of 2TheMart's competitors.,0,0,0,0,0,1
ABILITYINC_06_15_2020-EX-4.25-SERVICES AGREEMENT,"Each of the Recipient and the Provider may, in their sole discretion, terminate this Agreement in whole or in part, at any time without cause, and without liability except, in the case of the Recipient, for required payment for services rendered and reimbursement for authorized expenses incurred, by providing at least 90 (ninety) days' prior written notice to the other party (such date, the ""Services Termination Date"").",1,0,0,0,0,0
ACCURAYINC_09_01_2010-EX-10.31-DISTRIBUTOR AGREEMENT,"If a Customer notifies Accuray in writing during the Warranty Period of a defect in a Product that causes the Product to fail to conform to the foregoing warranty, Accuray shall at its option either repair or replace the non- conforming Product or, if in Accuray's opinion such repair or replacement is not commercially reasonable, Accuray shall refund a pro-rated portion of the price paid by the Customer for such Product calculated based on a straight-line depreciation over a 5-year period beginning on the date of delivery.",0,0,0,1,0,0
ACCURAYINC_09_01_2010-EX-10.31-DISTRIBUTOR AGREEMENT,This is Accuray's sole and exclusive obligation and Customer's and Distributor's sole and exclusive remedy in relation to any Safety Update required to be provided by applicable law in the Customer's jurisdiction.,0,0,0,1,0,0
ACCURAYINC_09_01_2010-EX-10.31-DISTRIBUTOR AGREEMENT,This is Accuray's sole and exclusive obligation and Customer's and Distributor's sole and exclusive remedy in relation to defective software.,0,0,0,1,0,0
ACCURAYINC_09_01_2010-EX-10.31-DISTRIBUTOR AGREEMENT,This will be Accuray's sole and exclusive obligation and such Customer's sole and exclusive remedy in relation to defective Products and parts.,0,0,0,1,0,0
ACCURAYINC_09_01_2010-EX-10.31-DISTRIBUTOR AGREEMENT,"WITHOUT AFFECTING STRICT PRODUCT LIABILITY UNDER MANDATORY APPLICABLE LAW, SECTION 10, OR THE RESPECTIVE OBLIGATIONS OF THE PARTIES UNDER THE CONFIDENTIAILITY AGREEMENT AND EXCEPT FOR BREACHES ASSOCIATED WITH THE UNAUTHORIZED USE OF INTELLECTUAL PROPERTY, IN NO EVENT SHALL EITHER PARTY BE LIABLE TO THE OTHER PARTY FOR SPECIAL, INCIDENTAL, CONSEQUENTIAL, PUNITIVE OR TORT DAMAGES, INCLUDING WITHOUT LIMITATION, ANY DAMAGES RESULTING FROM LOSS OF USE, LOSS OF DATA, LOSS OF PROFITS OR LOSS OF BUSINESS ARISING OUT OF OR IN CONNECTION WITH THE MATTERS CONTEMPLATED BY THIS AGREEMENT, WHETHER OR NOT A PARTY HAS BEEN ADVISED OF THE POSSIBILITY OF SUCH DAMAGES.",0,0,0,1,1,0
ACCURAYINC_09_01_2010-EX-10.31-DISTRIBUTOR AGREEMENT,"WITHOUT AFFECTING STRICT PRODUCT LIABILITY UNDER MANDATORY APPLICABLE LAW, THE FOREGOING PROVISIONS OF THIS SECTION SET FORTH ACCURAY'S SOLE AND EXCLUSIVE LIABILITY AND DISTRIBUTOR'S SOLE AND EXCLUSIVE REMEDY FOR ANY CLAIMS OF INFRINGEMENT OR MISAPPROPRIATION OF INTELLECTUAL PROPERTY RIGHTS OR PROPRIETARY RIGHTS OF ANY KIND.",0,0,0,1,0,0
ACCURAYINC_09_01_2010-EX-10.31-DISTRIBUTOR AGREEMENT,"Without affecting Section 10 or the respective obligations of the parties under the Confidentiality Agreement and except for any liability (i) relating to any breach associated with the unauthorized use of Intellectual Property, (ii) arising from the intentional breach or willful misconduct of a party, or (iii) arising from the non-compliance with any mandatory applicable law or regulation, the total aggregate liability of one party to another party for any claim relating to any breach of this Agreement (or any Purchase Order or other agreement entered into in connection with this Agreement) (a ""Claim"") shall be limited to the aggregate amount of the purchase prices paid by Distributor to Accuray for Products pursuant to this Agreement (or any Purchase Order or other Agreement entered into in connection with this Agreement) during the twelve calendar months preceding the date of the notification to the other party of such Claim less any amounts paid or payable in respect of any other Claim of which the other party was notified during such twelve month period.",0,0,0,1,1,0
ADAMSGOLFINC_03_21_2005-EX-10.17-ENDORSEMENT AGREEMENT,"When endorsing a non-competitive product, under no circumstances shall CONSULTANT wear, play, use, hold or in any way be associated with an ADAMS GOLF competitor's Product.",0,0,0,0,0,1
ADAPTIMMUNETHERAPEUTICSPLC_04_06_2017-EX-10.11-STRATEGIC ALLIANCE AGREEMENT,"In addition, in order to accommodate the review and approval of this Agreement by the Office of General Counsel of UT System (the ""OGC""), for a period of *** (***) days following the Effective Date (the ""Limited Unilateral Termination Period""), MD Anderson will have the right to terminate this Agreement without cause upon ten (10) days' notice to Adaptimmune; provided, however, that (i) a termination by MD Anderson will be effective if notice of termination is sent by MD Anderson any time within the Limited Unilateral Termination Period even if the ten day notice period extends beyond the Limited Unilateral Termination Period and (ii) the Limited Unilateral Termination Period will expire on the earlier to occur of (x) the end of the sixty days, or (y) written notice to Adaptimmune from MD Anderson that the Agreement has been approved by the OGC.",1,0,0,0,0,0
ADAPTIMMUNETHERAPEUTICSPLC_04_06_2017-EX-10.11-STRATEGIC ALLIANCE AGREEMENT,NEITHER PARTY SHALL BE LIABLE FOR ANY INDIRECT OR CONSEQUENTIAL DAMAGES SUFFERED BY THE OTHER PARTY AS A RESULT OF PERFORMANCE OF ANY STUDY UNDER THIS AGREEMENT.,0,0,0,1,0,0
"ADIANUTRITION,INC_04_01_2005-EX-10.D2-RESELLER AGREEMENT","EXCEPT FOR PIVX'S OBLIGATIONS UNDER SECTION 4.2, IN NO EVENT SHALL PIVX'S OR ITS LICENSORS' LIABILITY TO DETTO OR ANY THIRD PARTY ARISING OUT OF THIS AGREEMENT EXCEED THE TOTAL AMOUNT ACTUALLY RECEIVED BY PIVX HEREUNDER DURING THE PREVIOUS SIX (6) MONTHS.",0,0,0,1,1,0
"ADIANUTRITION,INC_04_01_2005-EX-10.D2-RESELLER AGREEMENT","In the event of termination in accordance with Section 5.1, PivX shall not be liable to Detto because of such termination for compensation, reimbursement or damages on account of the loss of prospective profits or anticipated sales or on account of expenditures, inventory, investments, leases or commitments in connection with the business or goodwill of Detto.",0,0,0,1,0,0
"ADIANUTRITION,INC_04_01_2005-EX-10.D2-RESELLER AGREEMENT",PivX may terminate this Agreement for convenience by giving at least thirty (30) days written notice of termination to Detto.,1,0,0,0,0,0
"ADMA BioManufacturing, LLC -  Amendment #3 to Manufacturing Agreement ",All claims by Sanofi Pasteur for breach or default under this Agreement shall be brought within [***] year after the cause of action comes into existence or otherwise shall be waived.,0,0,0,1,0,0
"ADMA BioManufacturing, LLC -  Amendment #3 to Manufacturing Agreement ","Except for the obligation of indemnity as set forth in Section 6.1 (c) with respect to claims by third parties for personal injury, illness or death (but not including property damage) resulting from the manufacture of the Product by BPC, aggregate damages for which ADMA shall be liable to Sanofi Pasteur hereunder, including without limitation costs of Source Plasma yield loss and/or rejected Batches, shall not exceed [***].",0,0,0,0,1,0
"ADMA BioManufacturing, LLC -  Amendment #3 to Manufacturing Agreement ","Limitation of Liability: In no event shall either party be liable to the other party for incidental, indirect, special and consequential or punitive damages, including without limitation any claims for damages based upon lost profits or lost business opportunity.",0,0,0,1,0,0
"ADMA BioManufacturing, LLC -  Amendment #3 to Manufacturing Agreement ","The liability cap set forth under section 6.5 is hereby amended to adapt to the provisions of this Amendment #3 and is therefore set at ""[***]"" instead of ""[***]"".",0,0,0,1,0,0
"ADUROBIOTECH,INC_06_02_2020-EX-10.7-CONSULTING AGREEMENT",Either party may terminate this Agreement at any time on prior written notice to the other.,1,0,0,0,0,0
"ADUROBIOTECH,INC_06_02_2020-EX-10.7-CONSULTING AGREEMENT(1)",Either party may terminate this Agreement at any time on prior written notice to the other.,1,0,0,0,0,0
AFSALABANCORPINC_08_01_1996-EX-1.1-AGENCY AGREEMENT,Capital Resources may terminate this Agreement by giving the notice indicated below in this Section at any time after this Agreement becomes effective as follows:,1,0,0,0,0,0
AFSALABANCORPINC_08_01_1996-EX-1.1-AGENCY AGREEMENT,"If Capital Resources elects to terminate this Agreement as provided in this section, the Company and the Association shall be notified as provided in Section 13 hereof, promptly by Capital Resources by telephone or telegram, confirmed by letter.",1,0,0,0,0,0
AFSALABANCORPINC_08_01_1996-EX-1.1-AGENCY AGREEMENT,"If any of the conditions specified in Section 8 shall not have been fulfilled when and as required by this Agreement, or by the Closing Date, or waived in writing by Capital Resources, this Agreement and all of Capital Resources obligations hereunder may be canceled by Capital Resources by notifying the Association of such cancellation in writing or by telegram at any time at or prior to the Closing Date, and, any such cancellation shall be without Liability of any party to any other party except as otherwise provided in Sections 2, 7, 9 and 10 hereof.",1,0,0,0,0,0
AFSALABANCORPINC_08_01_1996-EX-1.1-AGENCY AGREEMENT,"In the event the Company fails to sell all of the Shares within the period specified, and in accordance with the provisions of the Plan or as required by the Conversion Regulations and applicable law, this Agreement shall terminate upon refund by the Association to each person who has subscribed for or ordered any of the Shares the full amount which it may have received from such person, together with interest as provided in the Offering Prospectus, and no party to this Agreement shall have any obligation to the other hereunder, except for payment by the Association and/or the Company as set forth in Sections 2, 7, 9 and 10 hereof.",1,0,0,0,0,0
AFSALABANCORPINC_08_01_1996-EX-1.1-AGENCY AGREEMENT,"It is expressly agreed that Capital Resources shall not be liable for any loss, liability, claim, damage or expense or be required to contribute any amount which in the aggregate exceeds the amount paid (excluding reimbursable expenses) to Capital Resources under this Agreement.",0,0,0,1,0,0
AIRSPANNETWORKSINC_04_11_2000-EX-10.5-Distributor Agreement,"Airspan Parties, taken as a whole, shall be liable for physical damage to Distributor's property resulting from Airspan's negligence under or in connection with this Agreement up to a maximum aggregate amount of one million US Dollars (US$1,000,000).",0,0,0,1,0,0
AIRSPANNETWORKSINC_04_11_2000-EX-10.5-Distributor Agreement,"Airspan shall not be liable to Distributor for damages of any kind, including incidental or consequential damages, on account of the termination of this agreement in accordance with this section 13.",0,0,0,1,0,0
AIRSPANNETWORKSINC_04_11_2000-EX-10.5-Distributor Agreement,"Airspan shall not be liable to Distributor on account of termination or expiration of this Agreement for reimbursement or damages for loss of goodwill, prospective profits, or anticipated orders, or on account of any expenditures, investments, leases, or commitments made by either party, or for any other reason whatsoever based upon or growing out of such termination or expiration.",0,0,0,1,0,0
AIRSPANNETWORKSINC_04_11_2000-EX-10.5-Distributor Agreement,"Airspan's obligation and Distributor's sole remedy under this warranty are limited to the replacement or repair, at Airspan's option, of the defective Equipment or Software within the Initial Warranty Period.",0,0,0,1,0,0
AIRSPANNETWORKSINC_04_11_2000-EX-10.5-Distributor Agreement,"And Distributor, taken as a whole, shall be liable for physical damage to Airspan's property resulting from Distributor's negligence under or in connection with this Agreement up to a maximum aggregate amount of one million US Dollars (US$1,000,000).",0,0,0,1,0,0
AIRSPANNETWORKSINC_04_11_2000-EX-10.5-Distributor Agreement,"Distributor will give Airspan thirty (30) days' prior, written notice of each new potential representation role being considered by Distributor, and Distributor will not undertake such representation without Airspan's prior, written consent, such consent not to be unreasonably withheld.",0,0,0,0,0,1
AIRSPANNETWORKSINC_04_11_2000-EX-10.5-Distributor Agreement,"During the performance of this Agreement and for three (3) months after termination of services under this Agreement, Airspan will not offer products or services to third parties which compete with the products or services provided by Distributor under this Agreement, or otherwise use the knowledge acquired from Distributor in order to compete with Distributor its customers",0,0,0,0,0,1
AIRSPANNETWORKSINC_04_11_2000-EX-10.5-Distributor Agreement,"During the term of this Agreement Distributor agrees that neither it nor any organization or entity controlled or directed by it will, without Airspan's prior, written consent, represent a manufacturer or supplier of products similar in design or performance to or which are of such a nature as to be competitive with any products contained in the Airspan Products.",0,0,0,0,0,1
AIRSPANNETWORKSINC_04_11_2000-EX-10.5-Distributor Agreement,"During the term of this Agreement, and for a period of three (3) months following the expiration or termination of this Agreement, Distributor agrees that neither it nor any organization or entity controlled or directed by it will, without Airspan's prior, written consent, represent a manufacturer or supplier of products similar in design or performance to or which are of such a nature as to be competitive with any products contained in the Airspan Products, nor will Distributor market or otherwise promote the sale of such products.",0,0,0,0,0,1
AIRSPANNETWORKSINC_04_11_2000-EX-10.5-Distributor Agreement,"Except as provided above, in no event will Airspan consent to Distributor's consultation for or representation of a manufacturer or supplier, which is directly or indirectly, a competitor of Airspan.",0,0,0,0,0,1
AIRSPANNETWORKSINC_04_11_2000-EX-10.5-Distributor Agreement,"In any event, Airspan shall not be liable for any direct, indirect, consequential, or special losses or damages (including, but not limited to, loss of income or profit and loss of data) that may be suffered by the Distributor or by any other person for failure to deliver or for any delay or error in delivery of Equipment or Software for any reason whatsoever.",0,0,0,1,0,0
AIRSPANNETWORKSINC_04_11_2000-EX-10.5-Distributor Agreement,"WITHOUT PREJUDICE TO SECTION 16.4, NEITHER Airspan, NOR ANY OF ITS OFFICERS, DIRECTORS, EMPLOYEES, AGENTS, REPRESENTATIVES, SHAREHOLDERS, OR AFFILIATES (Airspan AND SUCH OTHER PERSONS, THE ""Airspan PARTIES""), SHALL HAVE ANY LIABILITY TO DISTRIBUTOR FOR LOSS OF PROFITS, INCOME, REVENUE OR DATA, OR INCIDENTAL, CONSEQUENTIAL, INDIRECT OR PUNITIVE DAMAGES OR LOSSES, ARISING FROM OR IN CONNECTION WITH THIS AGREEMENT, ANY PURCHASE ORDER PLACED PURSUANT TO THIS AGREEMENT OR ANY OTHER COLLATERAL CONTRACT, OR FROM OR IN CONNECTION WITH THE EQUIPMENT OR THE SOFTWARE OR THE USE THEREOF OR THE INABILITY TO USE THEM EITHER SEPARATELY OR IN COMBINATION WITH OTHER EQUIPMENT OR SOFTWARE, OR FROM ANY OTHER CAUSE, WHETHER CAUSED BY NEGLIGENCE, BREACH OF CONTRACT, STRICT LIABILITY, BREACH OF WARRANTY, ON GROUNDS OF FAILURE OF ESSENTIAL PURPOSE OR OTHERWISE.",0,0,0,1,0,0
AIRSPANNETWORKSINC_04_11_2000-EX-10.5-Distributor Agreement,"Without prejudice to Sections 16.3 and 16.4, the liability of the Airspan Parties, taken as a whole, for each event or series of connected events arising out of or in connection with this Agreement, any purchase order placed pursuant to this Agreement, or any other collateral contract, or from or in connection with the Equipment or Software or the use thereof, or the inability to use them either separately or in combination with other equipment or software, or from any other cause, whether caused by negligence, breach of contract, strict liability, breach of warranty, on grounds of failure of essential purpose, or otherwise, shall in no circumstance exceed the total amount payable by Distributor to Airspan under this Agreement for the provision of",0,0,0,1,0,0
AIRSPANNETWORKSINC_04_11_2000-EX-10.5-Distributor Agreement,the Equipment or Software which gave rise to the loss or damage or in connection with which the loss or damage was incurred.,0,0,0,1,0,0
AIRTECHINTERNATIONALGROUPINC_05_08_2000-EX-10.4-FRANCHISE AGREEMENT,"At the expiration of the term or any renewal term hereof, You may, at its option, renew the Franchise granted hereunder for 2 additional terms of 10 years each on the following terms and conditions: A. You shall give AIRSOPURE notice in writing of Your election to renew this Agreement at least 3 months prior to the expiration of the then-current term. B. You shall not be in default of any provision of this Agreement or amendment hereto, including without limitation all payment obligations to AIRSOPURE and its affiliates. C. As a condition of renewal of the Franchise, You agree to execute AIRSOPURE's then-current form of franchise agreement and to comply fully with all terms and conditions thereof, and to pay AIRSOPURE the then-current renewal fee, which is presently $1,000.00. You understand that AIRSOPURE may revise its franchise agreement for any renewal term, at AIRSOPURE's sole discretion, including without limitation to increase the royalty fees or other fees payable by You or to require other obligations of franchisees. D. You shall meet AIRSOPURE's then-current qualifications and training requirements. E. You shall execute a general release in a form prescribed by AIRSOPURE releasing AIRSOPURE and its affiliates, directors, officers, employees and agents from all known and unknown claims and liabilities to the extent permitted by state and federal law. F. You may be required, at AIRSOPURE's sole discretion, to upgrade or remodel Your AIRSOPURE Center to conform to AIRSOPURE's then-current specifications and standards as specified in AIRSOPURE's Operating Manual of otherwise in writing, provided such upgrade or remodel is reasonable in terms of cost and implementation schedule.",0,1,0,0,0,0
AIRTECHINTERNATIONALGROUPINC_05_08_2000-EX-10.4-FRANCHISE AGREEMENT,"C. Own, maintain, engage in, be employed by, advise, consult, assist, invest in or have any interest whatsoever in any business or entity which competes with or offers products or services which are the same or similar to those of AIRSOPURE or the Franchise.",0,0,0,0,0,1
AIRTECHINTERNATIONALGROUPINC_05_08_2000-EX-10.4-FRANCHISE AGREEMENT,"You covenant and agree that You (or any shareholder if Your Franchise is a corporation) shall not, for a period of two years following termination of this Agreement for any reason, either directly or indirectly own, maintain, engage in, be employed by, advise, consult, assist, invest in or have any interest whatsoever in any business or entity which competes with or offers products or services which are the same or similar to those of AIRSOPURE or the Franchise within a radius of 25 miles of Your Exclusive Territory.",0,0,0,0,0,1
AIRTECHINTERNATIONALGROUPINC_05_08_2000-EX-10.4-FRANCHISE AGREEMENT,"You covenant and agree that during the term of this Agreement, and subject to the post-termination provisions contained herein, You shall not, except as otherwise approved in writing by AIRSOPURE, either directly or indirectly: A. Divert or attempt to divert any business or customer of the Franchise to any competitor, or competing business, by direct or indirect inducement or otherwise, or do or perform, directly or indirectly, any other act injurious or prejudicial to AIRSOPURE or the goodwill associated with the Licensed Marks and Products.",0,0,0,0,0,1
ALAMOGORDOFINANCIALCORP_12_16_1999-EX-1-AGENCY AGREEMENT,"It is expressly agreed that the Agent shall not be liable for any loss, liability, claim, damage or expense or be required to contribute any amount which in the aggregate exceeds the amount paid (excluding reimbursable expenses) to the Agent under this Agreement.",0,0,0,1,0,0
ALCOSTORESINC_12_14_2005-EX-10.26-AGENCY AGREEMENT,"So long as no default exists and is continuing hereunder or under the Lease, either party may terminate this Agreement at any time upon  (30) days written notice to the other party; provided however that such termination shall not act as a termination of any Equipment leased hereunder.",1,0,0,0,0,0
AMERICANPHYSICIANSCAPITALINC_03_31_2003-EX-10.26-AGENCY AGREEMENT,In return for the exclusive appointment of Agency by MICOA to sell its professional liability products listed on the,0,0,0,0,0,1
AMERICANPHYSICIANSCAPITALINC_03_31_2003-EX-10.26-AGENCY AGREEMENT,"This Agreement shall terminate, subject to any automatic renewal or extension for one year as required by law, upon either party giving at least one hundred twenty (120) days advance written notice to the other, if not otherwise contrary to applicable law or this Agreement.",0,1,1,0,0,0
AMERICANPHYSICIANSCAPITALINC_03_31_2003-EX-10.26-AGENCY AGREEMENT,"attached Commission Schedule in Nevada, Agency agrees not to sell any competing professional liability products in Nevada, without the written consent of MICOA.",0,0,0,0,0,1
AMERICASSHOPPINGMALLINC_12_10_1999-EX-10.2-SITE DEVELOPMENT AND HOSTING AGREEMENT,"During the term of this Agreement and for a period of two years after the expiration date of this Agreement, HDI shall not participate in any project similar to the Site on the Internet from which products substantially similar to Deerskin Products (including, without limitation, the products of Wilson's House of Leather, Excelled and and companies similar to Wilson's House of Leather and Excelled) are offered for sale to consumers on the Internet.",0,0,0,0,0,1
AMERICASSHOPPINGMALLINC_12_10_1999-EX-10.2-SITE DEVELOPMENT AND HOSTING AGREEMENT,"Except as provided in Section 6.2, during the term of this Agreement, the Company shall not participate in any project similar to the Site on the Internet with respect to Deerskin Products or products substantially similar to Deerskin Products (including, without limitation, the products of Wilson's House of Leather, Excelled and companies similar to Wilson's House of Leather and Excelled)",0,0,0,0,0,1
AMERICASSHOPPINGMALLINC_12_10_1999-EX-10.2-SITE DEVELOPMENT AND HOSTING AGREEMENT,"In the event the Company terminates this Agreement, the Company shall pay to HDI a termination payment, (the ""Termination Payment"") the amount of which shall be an amount equal to the aggregate Net Sales for the twelve (12) months preceding the Termination Date less $800,000, the balance of which shall be divided by two.",0,0,0,1,0,0
AMERICASSHOPPINGMALLINC_12_10_1999-EX-10.2-SITE DEVELOPMENT AND HOSTING AGREEMENT,"This Agreement shall be automatically renewed for an additional one year period on each anniversary of the Effective Date, unless terminated by either Party hereto upon ninety (90) days written notice to the other.",0,1,1,0,0,0
ANIXABIOSCIENCESINC_06_09_2020-EX-10.1-COLLABORATION AGREEMENT,"During the term of this Agreement, except in the performance of its obligations or exercise of its rights under this Agreement, neither OntoChem nor any of its Affiliates will discover, research, develop, manufacture or commercialize any compound or product directed to any Target, either independently or for or in collaboration with a third party (including the grant of a license to any third party), or have any of the foregoing activities performed on behalf of OntoChem or any of its Affiliates by a third party.",0,0,0,0,0,1
ANIXABIOSCIENCESINC_06_09_2020-EX-10.1-COLLABORATION AGREEMENT,Financial reimbursements claimed according to such indemnification shall not exceed payments received by OntoChem under this contract.,0,0,0,1,0,0
ANIXABIOSCIENCESINC_06_09_2020-EX-10.1-COLLABORATION AGREEMENT,"This Agreement may be terminated by Anixa, without cause, upon at least thirty (30) days written notice to OntoChem.",1,0,0,0,0,0
ASIANDRAGONGROUPINC_08_11_2005-EX-10.5-Reseller Agreement,"Galaxy shall have no liability to Telnet, whether in contract, tort (including negligence), strict liability or otherwise, for any special, indirect or consequential damages or for lost profits, in any matter related to this Agreement, including but not limited to any delay or failure by Galaxy to furnish, deliver or provide Products or Services; Galaxy's liability in any matter related to Product shall be limited to the purchase price paid by Telnet for the Product with respect to which such liability relates; Galaxy's liability in any matter related to Services shall be limited to the fee paid by Telnet for the Service with respect to which the liability relates in the month or months in which the event giving rise to the liability occurred.",0,0,0,1,0,0
ASIANDRAGONGROUPINC_08_11_2005-EX-10.5-Reseller Agreement,"Neither Party shall be liable to the other for any damages or compensation in connection with termination of this Agreement including, without limitation, for loss of profits, loss of investment or expenditures made in reliance on this Agreement or loss of goodwill.",0,0,0,1,0,0
ASIANDRAGONGROUPINC_08_11_2005-EX-10.5-Reseller Agreement,Telnet's sole and exclusive remedies concerning Galaxy's performance or non-performance in any matter related to this Agreement or the provisioning of the Services or Products are limited to those expressly stated in this Agreement.,0,0,0,1,0,0
ASIANDRAGONGROUPINC_08_11_2005-EX-10.5-Reseller Agreement,"Thereafter, this agreement will renew automatically from year to year unless cancelled in writing by either Party giving the other written notice of such cancellation a minimum of 60 days before the end of the then current term.",0,1,1,0,0,0
ASPIRITYHOLDINGSLLC_05_07_2012-EX-10.6-OUTSOURCING AGREEMENT,"The Company or the Contractor may terminate this Agreement at any time in whole or in part as more specifically provided below, and in such case, the Contractor will be paid fees incurred up to the date of such termination plus its expenses accrued as of such date within 30 days of such termination.",1,0,0,0,0,0
ASPIRITYHOLDINGSLLC_05_07_2012-EX-10.6-OUTSOURCING AGREEMENT,The Company will have the ability to terminate this Agreement by giving 60 days' prior written notice to the Contractor.,1,0,0,0,0,0
ASPIRITYHOLDINGSLLC_05_07_2012-EX-10.6-OUTSOURCING AGREEMENT,The Contractor will have the ability to terminate this Agreement by giving 90 days' prior written notice to the Company.,1,0,0,0,0,0
"ATHENSBANCSHARESCORP_11_02_2009-EX-1.2-AGENCY AGREEMENT , 2009","It is expressly agreed that the Agent shall not be liable for any loss, liability, claim, damage or expense or be required to contribute any amount pursuant to Section 9(b) or this Section 10 which in the aggregate exceeds the amount paid (excluding reimbursable expenses) to the Agent under this Agreement.",0,0,0,1,0,0
ATMOSENERGYCORP_11_22_2002-EX-10.17-TRANSPORTATION SERVICE AGREEMENT,"Thereafter, this Agreement shall be effective month to month, until terminated by Transporter or Shipper upon the following written notice to the other specifying a termination date: sixty (60) days for interruptible transportation under Rate Schedule ITS and 180 days for firm transportation under Rate Schedule FTS.",0,1,1,0,0,0
AULAMERICANUNITTRUST_04_24_2020-EX-99.8.77-SERVICING AGREEMENT,"In addition, either you or Nationwide may terminate this Agreement",1,0,0,0,0,0
AULAMERICANUNITTRUST_04_24_2020-EX-99.8.77-SERVICING AGREEMENT,In the event of any error or delay with respect to both the Fund/SERV Processing Procedures and the Manual Processing Procedures outlined in Exhibit B herein:,0,0,0,1,0,0
AULAMERICANUNITTRUST_04_24_2020-EX-99.8.77-SERVICING AGREEMENT,but specifically excluding any and all consequential punitive or other indirect damages.,0,0,0,1,0,0
AULAMERICANUNITTRUST_04_24_2020-EX-99.8.77-SERVICING AGREEMENT,for any reason on at least ninety (90) days written notice to the other party.,1,0,0,0,0,0
AURASYSTEMSINC_06_16_2010-EX-10.25-STRATEGIC ALLIANCE AGREEMENT,(d) By either party hereto upon sixty (60) days prior written notice to the other party hereto;,1,0,0,0,0,0
AURASYSTEMSINC_06_16_2010-EX-10.25-STRATEGIC ALLIANCE AGREEMENT,Any such agreement reached between Zanotti and Aura regarding such worldwide sales and marketing shall prohibit competition among Zanotti and Aura with regard to AETRU Systems and shall be memorized in a separate agreement between the Parties.,0,0,0,0,0,1
AURASYSTEMSINC_06_16_2010-EX-10.25-STRATEGIC ALLIANCE AGREEMENT,"IN NO EVENT SHALL EITHER PARTY BE LIABLE TO THE OTHER PARTY FOR ANY SPECIAL, CONSEQUENTIAL OR INDIRECT DAMAGES, HOWEVER CAUSED.",0,0,0,1,0,0
AURASYSTEMSINC_06_16_2010-EX-10.25-STRATEGIC ALLIANCE AGREEMENT,"NEITHER PARTY SHALL NOT BE LIABLE TO THE OTHER FOR ANY DAMAGES, LOSSES OR EXPENSES RESULTING FROM ANY TERMINATION OR EXPIRATION OF THIS AGREEMENT ARISING FROM ANY CLAIMS ASSERTED WHICH ARE BASED UPON LOSS OF GOODWILL, PROSPECTIVE PROFITS OR ANTICIPATED ORDERS, OR ON ACCOUNT OF ANY EXPENDITURES, INVESTMENTS, LEASES OR COMMITMENTS MADE BY SUCH PARTY;",0,0,0,1,0,0
AURASYSTEMSINC_06_16_2010-EX-10.25-STRATEGIC ALLIANCE AGREEMENT,"Notwithstanding Section 7.1 above, this Agreement may be terminated upon the occurrence of any of the following events:",1,0,0,0,0,0
AURASYSTEMSINC_06_16_2010-EX-10.25-STRATEGIC ALLIANCE AGREEMENT,"Unless terminated prior to the natural expiration of the Initial Term, upon the expiry of the Initial Term this Agreement shall automatically renew for successive terms of the same duration, unless either party gives written notice to the other of such party's desire not to renew not less than ninety (90) days prior to the date of the expiration of the Initial Term or any successive term thereafter.",0,1,1,0,0,0
AgapeAtpCorp_20191202_10-KA_EX-10.1_11911128_EX-10.1_Supply Agreement,"The Manufacturer agrees that the Customer has the right under this agreement to consider, source, promote, market and sell other product outside of the products listed in Schedule A of this agreement in line with the following assumptions: That they are non-competing products to the range of products or those products listed in schedule A of this agreement.",0,0,0,0,0,1
AgapeAtpCorp_20191202_10-KA_EX-10.1_11911128_EX-10.1_Supply Agreement,"This agreement will be automatically renewed at the end of every ten (10) year term, with each subsequent term of renewal being for a ten (10) year term.",0,1,0,0,0,0
AgapeAtpCorp_20191202_10-KA_EX-10.1_11911128_EX-10.1_Supply Agreement,"This agreement will be automatically renewed at the end of every ten (10) year term, with each subsequent term of renewal being for a ten (10) year term. A six (6) months notice must be given by either party of their intention to terminate relations due to any reason other than breach of this agreement.",0,0,1,0,0,0
AimmuneTherapeuticsInc_20200205_8-K_EX-10.3_11967170_EX-10.3_Development Agreement,". Furthermore, Xencor hereby covenants and agrees that it shall not (and shall cause its Affiliates not to), either directly or through granting a license or other right to, or otherwise facilitating, a Third Party to (a) Develop, Manufacture or Commercialize the Antibody or the Product during the Term, (b) commence any [***] of any [***] that is not the Antibody or a Product and that [***] for use in the Licensed Field, prior to the [***] ([***]t h) anniversary of the Effective Date, or (c) Develop, Manufacture or Commercialize any [***] that is not the Antibody or a Product and that [***] for use in the Aimmune Field during the Term.",0,0,0,0,0,1
AimmuneTherapeuticsInc_20200205_8-K_EX-10.3_11967170_EX-10.3_Development Agreement,"Aimmune covenants that it will not research or develop (including Develop) the Antibody itself, including not developing any modification, variant, fragment, progeny or derivatives of such Antibody, in each case, in a way that would produce a molecule that is neither the Antibody nor a molecule that falls within the definition of a Product.",0,0,0,0,0,1
AimmuneTherapeuticsInc_20200205_8-K_EX-10.3_11967170_EX-10.3_Development Agreement,"Aimmune hereby covenants and agrees that it shall not (and shall cause the other Aimmune Agreement Entities not to), either directly or indirectly, 14 Source: AIMMUNE THERAPEUTICS, INC., 8-K, 2/5/2020 Develop, Manufacture, or Commercialize the Product for use outside the Licensed Field.",0,0,0,0,0,1
AimmuneTherapeuticsInc_20200205_8-K_EX-10.3_11967170_EX-10.3_Development Agreement,Aimmune may terminate this Agreement in its entirety at any time for its convenience upon sixty (60) days' prior written notice to Xencor.,1,0,0,0,0,0
AimmuneTherapeuticsInc_20200205_8-K_EX-10.3_11967170_EX-10.3_Development Agreement,"NEITHER PARTY SHALL BE LIABLE TO THE OTHER PARTY FOR ANY LOST PROFITS, OR ANY SPECIAL, CONSEQUENTIAL, INCIDENTAL, OR INDIRECT DAMAGES ARISING FROM OR RELATING TO ANY BREACH OF THIS AGREEMENT, REGARDLESS OF ANY NOTICE OF THE POSSIBILITY OF SUCH DAMAGES. NOTWITHSTANDING THE FOREGOING,",0,0,0,1,0,0
AimmuneTherapeuticsInc_20200205_8-K_EX-10.3_11967170_EX-10.3_Development Agreement,"NEITHER PARTY SHALL BE LIABLE TO THE OTHER PARTY FOR ANY LOST PROFITS, OR ANY SPECIAL, CONSEQUENTIAL, INCIDENTAL, OR INDIRECT DAMAGES ARISING FROM OR RELATING TO ANY BREACH OF THIS AGREEMENT, REGARDLESS OF ANY NOTICE OF THE POSSIBILITY OF SUCH DAMAGES. NOTWITHSTANDING THE FOREGOING, NOTHING IN THIS SECTION 11.4 IS INTENDED TO OR SHALL LIMIT OR RESTRICT THE INDEMNIFICATION RIGHTS OR OBLIGATIONS OF ANY PARTY UNDER SECTION 11.1 or 11.2, OR DAMAGES AVAILABLE FOR A PARTY'S BREACH OF CONFIDENTIALITY OBLIGATIONS UNDER ARTICLE 12.",0,0,0,1,0,0
AimmuneTherapeuticsInc_20200205_8-K_EX-10.3_11967170_EX-10.3_Development Agreement,"NOTWITHSTANDING THE FOREGOING, NOTHING IN THIS SECTION 11.4 IS INTENDED TO OR SHALL LIMIT OR RESTRICT THE INDEMNIFICATION RIGHTS OR OBLIGATIONS OF ANY PARTY UNDER SECTION 11.1 or 11.2, OR DAMAGES AVAILABLE FOR A PARTY'S BREACH OF CONFIDENTIALITY OBLIGATIONS UNDER ARTICLE 12.",0,0,0,0,1,0
AimmuneTherapeuticsInc_20200205_8-K_EX-10.3_11967170_EX-10.3_Development Agreement,"Without limitation of its rights under this ARTICLE 13, Xencor may also terminate this Agreement in its entirety as applicable, pursuant to the provisions of Section 9.7.",1,0,0,0,0,0
AlliedEsportsEntertainmentInc_20190815_8-K_EX-10.19_11788293_EX-10.19_Content License Agreement,"EXCEPT IN CASES OF GROSS NEGLIGENCE, WILLFUL MISCONDUCT OR FRAUD, INDEMNIFICATION CLAIMS UNDER SECTION 5 OR BREACHES OF SECTION 2 (TRADEMARKS), 8 (CONFIDENTIALITY), OR 9 (NO AGENCY RELATIONSHIP), IN NO EVENT SHALL EITHER PARTY OR ITS OFFICERS, DIRECTORS, OR EMPLOYEES BE LIABLE TO THE OTHER PARTY IN CONNECTION WITH THE SUBJECT MATTER HEREOF, FOR ANY SPECIAL, INDIRECT, CONSEQUENTIAL OR PUNITIVE DAMAGES OF ANY KIND, LOST PROFITS OR LOST REVENUE, WHETHER ARISING IN CONTRACT, TORT, NEGLIGENCE, STATUTE, OR OTHERWISE, EVEN IF ADVISED OF THE POSSIBILITY THEREOF.",0,0,0,1,1,0
AlliedEsportsEntertainmentInc_20190815_8-K_EX-10.19_11788293_EX-10.19_Content License Agreement,"This Agreement shall automatically extend for an additional two (2) years on the same terms herein (""Renewal Term"") provided WPT receives payments greater than twelve million U.S. dollars ($12,000,000) within the Initial Term.",0,1,0,0,0,0
AlliedEsportsEntertainmentInc_20190815_8-K_EX-10.19_11788293_EX-10.19_Content License Agreement,WPT or its affiliates shall not authorize a Zynga Competitor to commercially exploit the Licensed Property in connection with social poker gaming via a license similar to the license granted herein for the Term.,0,0,0,0,0,1
AlliedEsportsEntertainmentInc_20190815_8-K_EX-10.34_11788308_EX-10.34_Sponsorship Agreement,"EXCEPTING ONLY CLAIMS MADE PURSUANT TO SECTION 12.1, IN NO EVENT WILL EITHER PARTY BE LIABLE FOR ANY INDIRECT, SPECIAL, INCIDENTAL, EXEMPLARY, PUNITIVE OR CONSEQUENTIAL DAMAGES OF ANY KIND, INCLUDING ANY LOST PROFITS, LOST REVENUES OR LOST SAVINGS, ARISING OUT OF OR IN CONNECTION WITH THIS AGREEMENT AND/OR THE PRODUCTS, WHETHER IN CONTRACT, TORT, STRICT LIABILITY OR OTHERWISE, EVEN IF THE PARTY HAS BEEN ADVISED, KNOWS OR SHOULD KNOW, OR IS OTHERWISE AWARE OF THE POSSIBILITY OF SUCH DAMAGES.",0,0,0,1,1,0
AlliedEsportsEntertainmentInc_20190815_8-K_EX-10.34_11788308_EX-10.34_Sponsorship Agreement,Each Party may also terminate the Agreement for convenience after Contract Year 2,1,0,0,0,0,0
AlliedEsportsEntertainmentInc_20190815_8-K_EX-10.34_11788308_EX-10.34_Sponsorship Agreement,by providing written notice to the other Party at least sixty (60) calendar days prior to the effective date of such termination,1,0,0,0,0,0
"Antares Pharma, Inc. - Manufacturing Agreement","The Parties acknowledge and agree that title to and risk of loss of all Prefilled Syringes shall at all times belong to and remain in AMAG; provided that, subject to the limitations on liability set forth in this Section 2.2(b), in the event of loss or damage of any Prefilled Syringes while they are at the Manufacturing Site, Antares shall be only responsible for the replacement costs (as evidenced by AMAG invoices) of such Prefilled Syringes if the damage, loss, theft or destruction was caused by the negligent act or omission or the willful misconduct of Antares or its Subcontractor.",0,0,0,1,0,0
Apollo Endosurgery - Manufacturing and Supply Agreement,"EXCEPT FOR BREACHES OR VIOLATIONS OF ARTICLE 9, OR INDEMNITY LIABILITIES ARISING UNDER THIS ARTICLE 8, OR CASES OF GROSS NEGLIGENCE OR WILLFUL MISCONDUCT, IN NO EVENT SHALL EITHER PARTY BE LIABLE TO THE OTHER FOR ANY CONSEQUENTIAL, INDIRECT, SPECIAL, INCIDENTAL OR PUNITIVE DAMAGES INCLUDING LOSS OF USE, REVENUES OR PROFITS, INTERRUPTION OF BUSINESS OR CLAIMS AGAINST EITHER PARTY OR ITS CUSTOMERS BY ANY THIRD PARTY, WHETHER SUCH CLAIM IS BASED IN CONTRACT, TORT (INCLUDING NEGLIGENCE), STRICT LIABILITY OR OTHERWISE, EVEN IF THE PARTY IS ADVISED OF THE POSSIBILITY OF SUCH DAMAGES.",0,0,0,1,1,0
Apollo Endosurgery - Manufacturing and Supply Agreement,This Agreement shall commence on the Effective Date and shall be valid for a period of five (5) years with automatic renewal of one year thereafter until terminated,0,1,1,0,0,0
Apollo Endosurgery - Manufacturing and Supply Agreement,by either party with one (1) year written notice prior to the expiration of the initial period or any extension period thereof.,0,1,1,0,0,0
ArcaUsTreasuryFund_20200207_N-2_EX-99.K5_11971930_EX-99.K5_Development Agreement,"This Agreement shall continue in effect for two years from the date hereof, and thereafter shall continue automatically for successive annual periods, provided that such continuance is specifically approved at least annually by (A) the vote of the Board, or by the vote of a majority of the outstanding voting securities of the Fund and (B) the vote of a majority of the Fund's directors who are not parties to this Agreement or ""interested persons"" (as such term is defined in Section 2(a)(19) of the Investment Fund Act) of any such party, in accordance with the requirements of the Investment Fund Act.",0,1,0,0,0,0
"Array BioPharma Inc. - LICENSE, DEVELOPMENT AND COMMERCIALIZATION AGREEMENT",Array shall not conduct Clinical Studies for a Product in the Ono Territory with respect to an Indication for which such Product has received Marketing Approval in the Ono Territory if Ono reasonably believes that the conduct of such Clinical Studies is likely to materially adversely affect the commercial value of such Product.,0,0,0,0,0,1
"Array BioPharma Inc. - LICENSE, DEVELOPMENT AND COMMERCIALIZATION AGREEMENT","Commencing on the later of (i) [ * ] of the First Commercial Sale of the Binimetinib Product in the Ono Territory, or (ii) [ * ] of the First Commercial Sale of the Encorafenib Product in the Ono Territory, Ono shall have the right to terminate this Agreement, for any reasons by giving [ * ] advance written notice to Array which shall be accompanied by the rationale for such termination.",1,0,0,0,0,0
"Array BioPharma Inc. - LICENSE, DEVELOPMENT AND COMMERCIALIZATION AGREEMENT","If Ono Commercializes a Competing Product in the Ono Territory during [ * ], Array may immediately terminate this Agreement.",0,0,0,0,0,1
"Array BioPharma Inc. - LICENSE, DEVELOPMENT AND COMMERCIALIZATION AGREEMENT","In addition, in the event that Array terminates this Agreement for Ono's breach pursuant to Section 13.3 during the [ * ], or Ono exercises its right to terminate this Agreement ""at will"" pursuant to Section 13.2 during the Initial Royalty Term, then neither Ono nor its Affiliates shall Commercialize a Competing Product or grant the right to a licensee or distributor to Commercialize a Competing Product in the Ono Territory prior to the [ * ] anniversary of the date such termination takes effect. If during the [ * ], Array Commercializes a Competing Product in the Ono Territory, the royalty payment period shall terminate and Ono may continue to Commercialize the Product.",0,0,0,0,0,1
"Array BioPharma Inc. - LICENSE, DEVELOPMENT AND COMMERCIALIZATION AGREEMENT","Neither Party shall conduct Clinical Studies in the other Party's Territory without the prior written approval of the other Party, except that Array shall be entitled to conduct Declined Clinical Studies utilizing sites within the Ono Territory without obtaining Ono's consent (but prior notification is required), subject to the following:",0,0,0,0,0,1
"Array BioPharma Inc. - LICENSE, DEVELOPMENT AND COMMERCIALIZATION AGREEMENT","UNLESS EXPRESSLY PROVIDED HEREUNDER, IN NO EVENT SHALL EITHER PARTY OR ANY OF ITS RESPECTIVE AFFILIATES AND THEIR RESPECTIVE OFFICERS, DIRECTORS AND EMPLOYEES BE LIABLE UNDER THIS AGREEMENT FOR SPECIAL, INDIRECT, PUNITIVE, INCIDENTAL OR CONSEQUENTIAL DAMAGES SUFFERED BY THE OTHER PARTY UNDER THIS AGREEMENT, OF ANY KIND WHATEVER AND HOWEVER CAUSED, AND WHETHER BASED ON AN ACTION OR CLAIM IN CONTRACT, TORT (INCLUDING NEGLIGENCE), BREACH OF STATUTORY DUTY OR OTHERWISE, AND EVEN IF FORESEEABLE OR SUFFERED IN CIRCUMSTANCES WHERE A PARTY HAS BEEN ADVISED OF THE POSSIBILITY OF SUCH LOSSES.",0,0,0,1,0,0
ArtaraTherapeuticsInc_20200110_8-K_EX-10.5_11943350_EX-10.5_License Agreement,"Either Party may terminate the Project and all commitments and obligations with respect thereto, subject to Section 8.3 herein, upon thirty (30) days written notice to the other Party.",1,0,0,0,0,0
ArtaraTherapeuticsInc_20200110_8-K_EX-10.5_11943350_EX-10.5_License Agreement,"IN NO EVENT SHALL EITHER PARTY BE LIABLE TO THE OTHER PARTY UNDER THIS AGREEMENT IN A DIRECT ACTION BETWEEN THE PARTIES FOR SPECIAL, INDIRECT, INCIDENTAL OR CONSEQUENTIAL DAMAGES (INCLUDING, WITHOUT LIMITATION, LOSS OF PROFITS) SUFFERED BY THE OTHER PARTY.",0,0,0,1,0,0
ArtaraTherapeuticsInc_20200110_8-K_EX-10.5_11943350_EX-10.5_License Agreement,This Agreement may be terminated by ArTara upon thirty (30) days prior written notice to University.,1,0,0,0,0,0
AtnInternationalInc_20191108_10-Q_EX-10.1_11878541_EX-10.1_Maintenance Agreement,"AT&T may elect to, after consultation with Vendor and good faith discussion to negotiate another resolution: (i) terminate its obligations solely with respect to each Cell Site affected by or related to such Permitting Delay under this Agreement and exercise any of the Termination Remedies set forth in the Build Addendum, without liability to Vendor; provided that AT&T shall pay to Vendor, an amount equal to the demonstrated costs incurred by Vendor for any Work completed (in accordance with applicable Specifications and requirements) to the extent such Work is transferred to AT&T as of the effective time of termination of the applicable terminated Cell Site, which amount shall not exceed $[***]",0,0,0,1,0,0
AtnInternationalInc_20191108_10-Q_EX-10.1_11878541_EX-10.1_Maintenance Agreement,"Insofar as Vendor's obligations under Subsection (b)(i) result from, arise out of, or relate to a Covered Claim that is a Combination Claim, Vendor shall be liable to pay only its Proportionate Share of the Covered Loss associated with such Combination Claim.",0,0,0,1,0,0
AtnInternationalInc_20191108_10-Q_EX-10.1_11878541_EX-10.1_Maintenance Agreement,"NOTWITHSTANDING ANY OTHER PROVISION IN THIS AGREEMENT TO THE CONTRARY (AND WHETHER OR NOT SUCH A PROVISION CONTAINS LANGUAGE TO THE EFFECT THAT THE PROVISION TAKES PRECEDENCE OVER OTHER PROVISIONS CONTRARY TO IT), WHETHER EXPRESS OR IMPLIED, NONE OF THE LIMITATIONS OF LIABILITY (INCLUDING ANY LIMITATIONS REGARDING TYPES OF OR AMOUNTS OF DAMAGES OR LIABILITIES) CONTAINED ANYWHERE IN THIS AGREEMENT WILL APPLY TO VENDOR'S OBLIGATIONS UNDER THIS SECTION.",0,0,0,0,1,0
AtnInternationalInc_20191108_10-Q_EX-10.1_11878541_EX-10.1_Maintenance Agreement,"Notwithstanding anything contained in this Agreement to the contrary, neither Party shall be liable to the other Party for any special, consequential, incidental or punitive damages, however caused, based on any theory of liability except to the extent such damages are payable by such Party (a) pursuant to its indemnification obligations under Section 3.15 and infringement indemnification obligations under Section 3.17, (b) arising out of or resulting from such Party's breach of its confidentiality obligations set forth in this Agreement (including Section 3.16, Section 3.48, Section 4.2 and Exhibit A attached hereto) or (c) in connection with a Third Party Loss arising out of or resulting from such Party's violation of applicable Law.",0,0,0,1,1,0
AudibleInc_20001113_10-Q_EX-10.32_2599586_EX-10.32_Co-Branding Agreement_ Marketing Agreement_ Investment Distribution Agreement,"""ACSI Competitor"" means, collectively, such persons and entities as the Parties may agree upon from time to time. ACSI may update any agreed-upon list of ACSI Competitors no more frequently than once per quarter by written notice, provided that: (a) the number of entities specified on such list shall at no time [***]; (b) any entities added to such list must be [***]; and (c) no addition of any ACSI Competitor to such list shall require Company to breach any contractual or legal obligation to such ACSI Competitor by which Company is bound as of the date of such addition.",0,0,0,0,0,1
AudibleInc_20001113_10-Q_EX-10.32_2599586_EX-10.32_Co-Branding Agreement_ Marketing Agreement_ Investment Distribution Agreement,"EXCEPT FOR LIABILITIES UNDER SECTION 7.2 [Indemnity], NEITHER PARTY'S AGGREGATE LIABILITY ARISING OUT OF OR IN CONNECTION WITH THIS AGREEMENT OR THE TRANSACTIONS CONTEMPLATED HEREBY, WHETHER IN CONTRACT, TORT (INCLUDING NEGLIGENCE), WARRANTY OR OTHERWISE, SHALL EXCEED [***].",0,0,0,1,1,0
AudibleInc_20001113_10-Q_EX-10.32_2599586_EX-10.32_Co-Branding Agreement_ Marketing Agreement_ Investment Distribution Agreement,"EXCEPT TO THE EXTENT AWARDED TO A THIRD PARTY IN A JUDGMENT AGAINST WHICH A PARTY IS ENTITLED TO INDEMNIFICATION PURSUANT TO SECTION 7.2 [Indemnity], OR TO THE EXTENT ARISING OUT OF ANY BREACH OF SECTION 11.4 [Nondisclosure], NEITHER PARTY WILL BE LIABLE (WHETHER IN CONTRACT, WARRANTY, TORT (INCLUDING, BUT NOT LIMITED TO, NEGLIGENCE), PRODUCT LIABILITY OR OTHER THEORY), TO THE OTHER PARTY OR ANY OTHER PERSON OR ENTITY FOR COST OF COVER OR FOR ANY INDIRECT, INCIDENTAL, SPECIAL OR CONSEQUENTIAL DAMAGES (INCLUDING WITHOUT LIMITATION DAMAGES FOR LOSS OF PROFIT, REVENUE, BUSINESS OR DATA) ARISING OUT OF THIS AGREEMENT, EVEN IF SUCH PARTY HAS BEEN ADVISEDOF THE POSSIBILITY OF SUCH COSTS OR DAMAGES.",0,0,0,1,1,0
AzulSa_20170303_F-1A_EX-10.3_9943903_EX-10.3_Maintenance Agreement1,"Early termination fee: subject to not being in breach of any of its obligation under the Agreement, the Company may terminate this Agreement for convenience by way of Notice of termination; the Agreement shall be then terminated following a [*****] period as from",1,0,0,0,0,0
AzulSa_20170303_F-1A_EX-10.3_9943903_EX-10.3_Maintenance Agreement1,"SUBJECT TO CLAUSE 15.2 BELOW, THE REPAIRER, SHALL NOT BE LIABLE TO THE COMPANY FOR ANY OF THE FOLLOWING TYPES OF LOSS OR DAMAGE ARISING UNDER OR IN RELATION TO THIS AGREEMENT (WHETHER ARISING FOR BREACH OF CONTRACT, TORT (INCLUDING NEGLIGENCE), BREACH OF STATUTORY DUTY, MISREPRESENTATION OR OTHERWISE): [*****] [*****]",0,0,0,1,0,0
AzulSa_20170303_F-1A_EX-10.3_9943903_EX-10.3_Maintenance Agreement1,"Upon expiry of the Initial Term, this Agreement [*****] unless a Notice of non-renewal is given by either Party to the other Party [*****] prior to the expiry of the Initial Term or the end of a renewal period, if any.",0,1,1,0,0,0
AzulSa_20170303_F-1A_EX-10.3_9943903_EX-10.3_Maintenance Agreement1,the receipt of such Notice by the Repairer or any other lesser period to be granted by the Repairer.,1,0,0,0,0,0
"BELLICUMPHARMACEUTICALS,INC_05_07_2019-EX-10.1-Supply Agreement","Bellicum acknowledges and agrees that Bellicum's rights to a refund or credit for, or to receive replacement of, properly rejected shipments of Miltenyi Products hereunder shall be Bellicum's sole and exclusive remedy, and Miltenyi's sole obligation, with respect to non-conforming Miltenyi Products delivered hereunder.",0,0,0,1,0,0
"BELLICUMPHARMACEUTICALS,INC_05_07_2019-EX-10.1-Supply Agreement","Bellicum may terminate this Agreement or a particular Module upon ninety (90) days written notice to Miltenyi: 1) if Bellicum, in its sole and absolute discretion, discontinues or indefinitely suspends the development and/or commercialization of the Bellicum Product(s) or 2) without cause for any reason or no reason.",1,0,0,0,0,0
"BELLICUMPHARMACEUTICALS,INC_05_07_2019-EX-10.1-Supply Agreement",EACH PARTY'S MAXIMUM LIABILITY FOR ANY DAMAGES FOR BREACH OF THIS AGREEMENT SHALL BE LIMITED TO DIRECT AND ACTUAL DAMAGES. IN NO ONE EVENT SHALL EITHER PARTY'S AGGREGATE LIABILITY FOR DAMAGES OR LOSSES UNDER THIS AGREEMENT EXCEED THE AGGREGATE AMOUNT OF THE PRODUCT PRICES PAID BY BELLICUM FOR THE MILTENYI PRODUCT(S) DURING THE TWELVE (12) MONTH PERIOD IMMEDIATELY PRECEDING THE EVENT GIVING RISE TO SUCH LIABILITY; AND FURTHER PROVIDED THAT SUCH AGGREGATE LIABILITY DURING SUCH PERIOD ALSO SHALL NOT EXCEED THE AMOUNT OF SUCH PARTY'S INSURANCE COVERAGE FOR SUCH AGGREGATE LIABILITY.,0,0,0,1,0,0
"BELLICUMPHARMACEUTICALS,INC_05_07_2019-EX-10.1-Supply Agreement","Except for liability for (i) breach of the confidentiality obligations described in Article 14, (ii) misappropriation or infringement by a Party of the other Party's Intellectual Property Rights, or (iii) gross negligence or willful misconduct: (a) IN NO EVENT SHALL A PARTY BE LIABLE FOR ANY PUNITIVE, EXEMPLARY, INDIRECT, INCIDENTAL, SPECIAL, OR CONSEQUENTIAL DAMAGES OR EXPENSES, INCLUDING LOSS OF PROFITS, REVENUE, DATA, OR USE, WHETHER IN AN ACTION IN CONTRACT OR TORT (INCLUDING ERRORS OR OMISSIONS OR BREACH OF WARRANTY), EVEN IF SUCH PARTY HAS BEEN ADVISED OF THE POSSIBILITY OF SUCH DAMAGES;",0,0,0,1,1,0
"BELLICUMPHARMACEUTICALS,INC_05_07_2019-EX-10.1-Supply Agreement",IN NO ONE EVENT SHALL EITHER PARTY'S AGGREGATE LIABILITY FOR DAMAGES OR LOSSES UNDER THIS AGREEMENT EXCEED THE AGGREGATE AMOUNT OF THE PRODUCT PRICES PAID BY BELLICUM FOR THE MILTENYI PRODUCT(S) DURING THE TWELVE (12) MONTH PERIOD IMMEDIATELY PRECEDING THE EVENT GIVING RISE TO SUCH LIABILITY; AND FURTHER PROVIDED THAT SUCH AGGREGATE LIABILITY DURING SUCH PERIOD ALSO SHALL NOT EXCEED THE AMOUNT OF SUCH PARTY'S INSURANCE COVERAGE FOR SUCH AGGREGATE LIABILITY.,0,0,0,0,1,0
"BELLICUMPHARMACEUTICALS,INC_05_07_2019-EX-10.1-Supply Agreement","Miltenyi will not in any event be liable for increased manufacturing costs, downtime costs, purchase of substitute products, lost profits, revenue, or goodwill, or any other indirect incidental, special, or consequential damages caused by a breach of the Miltenyi Product Warranty or the warranties in Section 11.2.",0,0,0,1,0,0
"BELLICUMPHARMACEUTICALS,INC_05_07_2019-EX-10.1-Supply Agreement","Miltenyi's sole obligation, and Bellicum's sole and exclusive remedy for breach of the Miltenyi Product Warranty in Section 11.1, shall be as set forth in Article 7, including replacement or refund in accordance with Section 7.6, provided that Miltenyi shall pay reasonable return freight and shipping charges.",0,0,0,1,0,0
"BELLICUMPHARMACEUTICALS,INC_05_07_2019-EX-10.1-Supply Agreement",The foregoing shall be Bellicum's sole and exclusive remedy and Miltenyi's sole obligation with respect to claims that any Miltenyi Product fails to comply with the Miltenyi Product Warranty or the warranties in Section 11.,0,0,0,1,0,0
"BELLICUMPHARMACEUTICALS,INC_05_07_2019-EX-10.1-Supply Agreement",The total amount of any reduction(s) pursuant to this Section 11.5(b) shall in no event exceed [...***...] percent ([...***...]%) of the Product Price payable for the applicable Miltenyi Product in that Contract Year (with the right to carry forward any unused offset).,0,0,0,1,0,0
"BELLICUMPHARMACEUTICALS,INC_05_07_2019-EX-10.1-Supply Agreement","Thereafter, Bellicum shall have consecutive separate options to extend the Term for successive renewal terms of five (5) years each (each, a ""Renewal Term"", and",0,1,0,0,0,0
"BELLICUMPHARMACEUTICALS,INC_05_07_2019-EX-10.1-Supply Agreement","collectively with the Initial Term, the ""Term"").",0,1,0,0,0,0
"BELLRINGBRANDS,INC_02_07_2020-EX-10.18-MASTER SUPPLY AGREEMENT","9.1.1 The Liability Cap will not apply to any (1) material confidentiality breach under Section 5, and/or (2) indemnification obligations under Section 7.1. 9.1.2 The Liability Cap will not apply to intentional misconduct and/or gross negligence.",0,0,0,1,1,0
"BELLRINGBRANDS,INC_02_07_2020-EX-10.18-MASTER SUPPLY AGREEMENT","Except for a Party's gross negligence or intentional acts or omissions and its obligations of indemnity under this Agreement, under no circumstances will either Party be liable to the other Party for [***].",0,0,0,1,0,0
"BELLRINGBRANDS,INC_02_07_2020-EX-10.18-MASTER SUPPLY AGREEMENT","The maximum liability of one Party to the other Party and its affiliates in relation to this Agreement will be [***] (""Liability Cap""), provided however that:",0,0,0,1,1,0
"BELLRINGBRANDS,INC_02_07_2020-EX-10.18-MASTER SUPPLY AGREEMENT","This Agreement will commence on the Effective Date and continue for an Initial Term of five (5) years, and will automatically renew for additional periods of five (5) years unless one Party notifies the other of its intention not to renew, no less than 12 months prior to the expiration of the then-current term, unless terminated as permitted under this Agreement.",0,1,1,0,0,0
"BERKELEYLIGHTS,INC_06_26_2020-EX-10.12-COLLABORATION AGREEMENT","4.1.9 Ginkgo may elect, at any time in its sole discretion, to terminate the Software License Agreement that comprises part of the BLI Terms and Conditions and, upon such termination, Ginkgo's right to use such underlying Software shall term",1,0,0,0,0,0
"BERKELEYLIGHTS,INC_06_26_2020-EX-10.12-COLLABORATION AGREEMENT","ANY THEORY OF LIABILITY (WHETHER IN CONTRACT, TORT (INCLUDING NEGLIGENCE), STRICT LIABILITY OR OTHERWISE). THE LIMITATIONS SET FORTH IN THIS SECTION WILL APPLY EVEN IF A PARTY HAS BEEN ADVISED OF THE POSSIBILITY OF SUCH DAMAGES, AND NOTWITHSTANDING ANY FAILURE OF ESSENTIAL PURPOSE OF ANY LIMITED REMEDY.",0,0,0,1,1,0
"BERKELEYLIGHTS,INC_06_26_2020-EX-10.12-COLLABORATION AGREEMENT","During the Term and for a period of [***] ([***]) months following the Term of this Agreement, other than pursuant to Sections 13.3.2 (Effects of Termination Based Upon Ginkgo's Buy-Down Election) or 13.3.3 (Effects of Termination Based Upon an Uncured Ginkgo Breach, Insolvency or Force Majeure Event), BLI shall not, and shall cause its Affiliates not to, directly or indirectly, itself or with or through a Third Party, develop, configure, customize, license, sell, provide or otherwise give access to the Beacon Platform or any [***] to, [***] or its Affiliates for any use; provided that this restriction shall terminate as set forth in Section 13.3 (Effects of Expiration or Termination) or if Ginkgo has not satisfied its Minimum Cumulative Purchase Commitments (as such may be adjusted under this Agreement) for a full Contract Year, including [***] as permitted under Section 7.2.2(a) (Minimum Cumulative Purchase Commitments) or Section 7.2.2(b)(iii) (Development Purchase Commitments); provided that BLI will provide written notice to Ginkgo within [***] ([***]) days of the end of any Contract Year with respect to which BLI believes that Ginkgo has not satisfied its Minimum Cumulative Purchase Commitment.",0,0,0,0,0,1
"BERKELEYLIGHTS,INC_06_26_2020-EX-10.12-COLLABORATION AGREEMENT","EXCEPT TO THE EXTENT ARISING (A) FROM A PARTY'S BREACH OF ARTICLE 10 (CONFIDENTIALITY), (B) [***] (E) FROM A PARTY'S FRAUD, GROSS NEGLIGENCE OR WILLFUL MISCONDUCT OR (F) IN CONNECTION WITH A PARTY'S INDEMNIFICATION OBLIGATIONS UNDER ARTICLE 12 (INDEMNIFICATION; INSURANCE), IN NO EVENT WILL EITHER PARTY BE LIABLE TO THE OTHER PARTY FOR ANY LOST PROFITS, INDIRECT, SPECIAL, INCIDENTAL, EXEMPLARY OR CONSEQUENTIAL DAMAGES OF ANY KIND ARISING OUT OF OR IN CONNECTION WITH THIS AGREEMENT, HOWEVER CAUSED AND ON",0,0,0,1,1,0
"BERKELEYLIGHTS,INC_06_26_2020-EX-10.12-COLLABORATION AGREEMENT","TO THE GREATEST EXTENT PERMITTED UNDER APPLICABLE LAW, IN NO EVENT WILL A PARTY'S AGGREGATE LIABILITY (ABOVE AMOUNTS ACTUALLY PAID OR REIMBURSED BY SUCH PARTY'S INSURER (TO THE EXTENT NOT SELF-INSURED)) FOR A CLAIM ARISING OUT OF OR RELATED TO THIS AGREEMENT UNDER ANY LEGAL OR EQUITABLE THEORY, INCLUDING BREACH OF CONTRACT, TORT (INCLUDING NEGLIGENCE), STRICT LIABILITY, AND OTHERWISE EXCEED [***], EXCEPT THAT (A) SUCH LIMITATION SHALL NOT APPLY TO (I) A PARTY'S BREACH OF ARTICLE 10 (CONFIDENTIALITY), [***], (V) A PARTY'S FRAUD, GROSS NEGLIGENCE OR WILLFUL MISCONDUCT OR (VI) A PARTY'S INDEMNIFICATION OBLIGATIONS UNDER ARTICLE 12 (INDEMNIFICATION; INSURANCE) AND (B) SUCH LIMITATION ON LIABILITY SHALL NOT INCLUDE ANY AMOUNTS ACCRUED AND ACTUALLY OWED PURSUANT TO THE TERMS OF THIS AGREEMENT.",0,0,0,1,1,0
"BERKELEYLIGHTS,INC_06_26_2020-EX-10.12-COLLABORATION AGREEMENT","This Agreement shall commence on the Effective Date and, unless sooner terminated in accordance with its terms, including by Ginkgo pursuant to Section 7.3 (Buy-Down Election) or extended by the mutual written agreement of the Parties, shall continue until the Intended End of Term (such time period, as may be extended pursuant to this Section 13.3.1 (Term - General), the ""Term""); provided that, if,",0,1,0,0,0,0
"BERKELEYLIGHTS,INC_06_26_2020-EX-10.12-COLLABORATION AGREEMENT","With respect to Beacon Optofluidic Machines (including related Hardware and Software), Consumables and Services for which Ginkgo has placed a Purchase Order pursuant to this Agreement, the Parties agree to the BLI Terms and Conditions that apply with respect to Beacon Optofluidic Machines (including related Hardware and Software), Consumables and Services, unless, notwithstanding anything to the contrary set forth in the BLI Terms and Conditions (including any language regarding the treatment of additional or different terms set forth therein), a term in such BLI Terms and Conditions is inconsistent with a term in this Agreement, in which case this Agreement shall control, including as follows:",1,0,0,0,0,0
"BERKELEYLIGHTS,INC_06_26_2020-EX-10.12-COLLABORATION AGREEMENT","at the expiration of the Intended End of Term, Ginkgo has paid the Minimum Cumulative Purchase Commitment, but will not have paid to BLI the Full Purchase Target, then the Term of this Agreement shall automatically extend for an additional [***] ([***]) year period from the date of the expiration of the then-Intended End of Term so that, among other things, BLI may potentially receive the benefit of the Full Purchase Target and Ginkgo may receive the continuing benefit of royalty-free licenses.",0,1,0,0,0,0
BEYONDCOMCORP_08_03_2000-EX-10.2-CO-HOSTING AGREEMENT,"EXCEPT FOR CLAIMS UNDER SECTION 9 HEREOF, THE LIABILITY OF A PARTY TO THE OTHER FOR DIRECT DAMAGES SHALL NOT EXCEED FIFTEEN MILLION DOLLARS.",0,0,0,1,1,0
BEYONDCOMCORP_08_03_2000-EX-10.2-CO-HOSTING AGREEMENT,The Destination shall not contain any links to any third party sites for the purchase of Competitor's Goods; provided that the Destination will link to the Co-Host Site (which will sell Competitor's Goods).,0,0,0,0,0,1
BICYCLETHERAPEUTICSPLC_03_10_2020-EX-10.11-SERVICE AGREEMENT,"(c) in the Restricted Territory, compete with the business of the Company or any Group Company either on your own account or for any person, firm or company directly or indirectly in competition with the Restricted Business by soliciting or endeavouring to solicit or entice the business or custom of any Restricted Customer or Prospective Customer and with whom you personally dealt in respect of Restricted Business in the pursuance of the employment hereunder in the twelve (12) months prior to the Termination Date; (d) either on your own account or for any person, firm or company directly or indirectly solicit or entice away or endeavour to solicit or entice away any director or senior employee of the Company or any Group Company employed in a managerial, scientific or technical role with whom you have had material personal dealings in the twelve (12) months prior to the Termination Date; (e) from the Termination Date for the purpose of carrying on any trade, or business represent or allow you to be represented or held out as having any present association with the Company or any Group Company; and (f) from the Termination Date carry on any trade or business whose name incorporates the word Bicycle or any deviation or extension thereof which is likely or which may be confused with the name of the Company or any Group Company.",0,0,0,0,0,1
BICYCLETHERAPEUTICSPLC_03_10_2020-EX-10.11-SERVICE AGREEMENT,The Company reserves the right in its sole and absolute discretion to give written notice to,1,0,0,0,0,0
BICYCLETHERAPEUTICSPLC_03_10_2020-EX-10.11-SERVICE AGREEMENT,"Without prejudice to the Company's right to summarily terminate your employment in accordance with paragraph 11.3 below and your right to summarily terminate your employment for Good Reason in accordance with paragraph 11.4 below, either you or the Company may terminate your employment by giving to the other not less than six months' notice in writing.",1,0,0,0,0,0
BICYCLETHERAPEUTICSPLC_03_10_2020-EX-10.11-SERVICE AGREEMENT,"You hereby agree with the Company that to protect the Company's and any and all Group Company's business interests, customer connections and goodwill and the stability of its or their workforce, that you will not during the Restricted Period (and in respect of sub-paragraph 14.2(f) below only, at any time): (a) in the Restricted Territory, compete with the business of the Company or any Group Company by being directly or indirectly employed or engaged in any capacity by any person, firm or company which engages in or provides Restricted Business or commercial activities competitive with the Restricted Business to Restricted Customers or Prospective Customers; (b) in the Restricted Territory, compete with the business of the Company or any Group Company either on your own account or for any person, firm or company directly or indirectly by transacting business in competition with the Restricted Business with any Restricted Customer or Prospective Customer of the Company or Group Company and with whom you personally dealt in respect of Restricted Business in the pursuance of the employment hereunder in the twelve (12) months prior to the Termination Date;",0,0,0,0,0,1
BICYCLETHERAPEUTICSPLC_03_10_2020-EX-10.11-SERVICE AGREEMENT,"You shall not, without the prior written consent of the Company, either solely or jointly, directly or indirectly, carry on or be engaged, concerned or interested in any other trade or business, including, but not limited to, carrying on business with the Company's suppliers or dealers, save that nothing in this paragraph 13.2 shall prevent you from holding (with the prior written consent of the Company, which shall not be unreasonably delayed or withheld) up to three percent (3%) of the issued equity share capital of any company where those equity shares are listed on a recognised investment exchange (as defined in section 285 of the Financial Services and Markets Act 2000) or traded on the AIM market operated by the London Stock Exchange.",0,0,0,0,0,1
BICYCLETHERAPEUTICSPLC_03_10_2020-EX-10.11-SERVICE AGREEMENT,terminate your employment forthwith and to make a payment to you in lieu of salary and the benefits set out in paragraph 5 of this Agreement for all or any unexpired part of the notice period.,1,0,0,0,0,0
BIOAMBERINC_04_10_2013-EX-10.34-DEVELOPMENT AGREEMENT (1),"Bioamber and Cargill agree to waive any and all claims against each other for consequential, punitive, incidental, special, or other forms of ""exemplary"" losses whether arising in contract, warranty, tort (including negligence), strict liability, or otherwise, including any losses relating to lost use, lost profits, lost business, damage to reputation, or lost or diminished financing unless such claims are based on a Party's gross negligence or willful misconduct.",0,0,0,1,0,0
BIOAMBERINC_04_10_2013-EX-10.34-DEVELOPMENT AGREEMENT (1),"Bioamber will not itself or with or through third parties engage in the development of biocatalysts other than E. coli for the production of succinic acid or salts thereof, except for the development activities under the terms and conditions of this Development Agreement.",0,0,0,0,0,1
BIOAMBERINC_04_10_2013-EX-10.34-DEVELOPMENT AGREEMENT (1),"This restriction shall apply to any succinic acid biocatalyst other than E. coli, be it a biocatalyst developed in-house, licensed-in, or under development at a third party lab that is funded by Bioamber or to which Bioamber has secured a future right or right of first refusal through direct payment, in kind contribution, grant, gift, differed payment or commitment to a future payment.",0,0,0,0,0,1
BIOCEPTINC_08_19_2013-EX-10-COLLABORATION AGREEMENT,"Both parties shall have the right to terminate this Agreement at any time, for any or for no reason, upon one hundred twenty (120) days written notice to the other party.",1,0,0,0,0,0
BIOCEPTINC_08_19_2013-EX-10-COLLABORATION AGREEMENT,"NEITHER PARTY SHALL BE ENTITLED TO RECOVER FROM THE OTHER PARTY ANY SPECIAL, INCIDENTAL, CONSEQUENTIAL OR PUNITIVE DAMAGES IN CONNECTION WITH THIS AGREEMENT OR ANY LICENSE GRANTED HEREUNDER; provided, however, that this Section shall neither (a) apply to any liability for damages arising from breach of any obligations of confidentiality under Article 10, nor (b) limit the indemnification obligations of the parties arising under Article 12 of this Agreement.",0,0,0,1,1,0
BIOFRONTERAAG_04_29_2019-EX-4.17-SUPPLY AGREEMENT,"EXCEPT AS OTHERWISE EXPRESSLY SET FORTH IN THIS AGREEMENT, IN NO EVENT WILL EITHER PARTY BE LIABLE FOR ANY SPECIAL, INDIRECT, CONSEQUENTIAL, OR INCIDENTAL DAMAGES, INCLUDING LOST PROFITS, HOWEVER CAUSED AND ON ANY THEORY OF LIABILITY, ARISING IN ANY WAY OUT OF THIS AGREEMENT.",0,0,0,1,0,0
BIOFRONTERAAG_04_29_2019-EX-4.17-SUPPLY AGREEMENT,"Neither party shall be liable to the other party for any direct, indirect, consequential, incidental, special, punitive or exemplary damages arising out of or relating to the suspension or termination of any of its obligations or duties under this Agreement by reason of the occurrence of Force Majeure.",0,0,0,1,0,0
BIOFRONTERAAG_04_29_2019-EX-4.17-SUPPLY AGREEMENT,"THIS LIMITATION OF LIABILITY WILL APPLY EVEN IF A PARTY HAS BEEN ADVISED OF THE POSSIBILITY OF SUCH DAMAGES, AND NOTWITHSTANDING ANY FAILURE OF ESSENTIAL PURPOSE OF ANY LIMITED REMEDY PROVIDED HEREIN.",0,0,0,1,0,0
BIOPURECORP_06_30_1999-EX-10.13-AGENCY AGREEMENT,"Either party may, at its option, terminate this Agreement without cause, effective at any time after January 31, 1999, upon giving at least ninety (90) days prior written notice of such termination to the other party.",1,0,0,0,0,0
BIOPURECORP_06_30_1999-EX-10.13-AGENCY AGREEMENT,In no event will either party be liable for special or consequential damages arising out of the breach or the termination of this Agreement.,0,0,0,1,0,0
BIOPURECORP_06_30_1999-EX-10.13-AGENCY AGREEMENT,In no event will the Company be liable for incidental or consequential damages.,0,0,0,1,0,0
BIOPURECORP_06_30_1999-EX-10.13-AGENCY AGREEMENT,In no way should the Agent be liable for incidental or consequential damages.,0,0,0,1,0,0
BIOPURECORP_06_30_1999-EX-10.13-AGENCY AGREEMENT,"Subject to Subparagraph (c) below, the Agent will indemnify the Company (and its officers, directors, employees, agents and affiliates) and hold it (and them) harmless from and against all loss, damage, liability, cost or expense of any nature whatsoever, including, without limitation, any and all reasonable attorneys fees and court costs (together, a ""Loss""), arising out of or in connection with (i) the inaccuracy or breach of any representation, warranty or obligation of the Agent hereunder and/or (ii) the activities of the Agent in connection with the promotion, sale or collection of payment of the Products in violation of this Agreement, law or any other duty or obligation of the Agent.",0,0,0,1,0,0
BIOPURECORP_06_30_1999-EX-10.13-AGENCY AGREEMENT,"The Customer's exclusive remedy for a breach of any of the foregoing warranties will be the replacement, at the delivery point thereof, freight prepaid, of any Product furnished hereunder that fails to meet the foregoing standards.",0,0,0,1,0,0
BLACKBOXSTOCKSINC_08_05_2014-EX-10.1-DISTRIBUTOR AGREEMENT,Distributor agrees not to represent or sell other products which are deemed to be competitive with the Company's Products unless agreed to by the Company by written notice.,0,0,0,0,0,1
BLACKBOXSTOCKSINC_08_05_2014-EX-10.1-DISTRIBUTOR AGREEMENT,IN NO EVENT SHALL COMPANY BE LIABLE FOR ANY INCIDENTAL OR CONSEQUENTIAL DAMAGES AND DISTRIBUTOR'S REMEDIES SHALL BE LIMITED TO REPAIR OR REPLACEMENT OF NONCONFORMING UNITS OR PARTS.,0,0,0,1,0,0
BLACKBOXSTOCKSINC_08_05_2014-EX-10.1-DISTRIBUTOR AGREEMENT,"Nor shall the Company at any time be liable for any incidental, special or consequential damages.",0,0,0,1,0,0
BLACKBOXSTOCKSINC_08_05_2014-EX-10.1-DISTRIBUTOR AGREEMENT,The term of this Agreement may be extended for an additional two year period with the written consent of both parties.,0,1,0,0,0,0
BLACKSTONEGSOLONG-SHORTCREDITINCOMEFUND_05_11_2020-EX-99.(K)(1)-SERVICE AGREEMENT,Any liability of Agent will be limited in the aggregate to an amount equal to twenty four (24) times the monthly administrative fee to be paid by Client as set forth in Exhibit B hereto.,0,0,0,1,0,0
BLACKSTONEGSOLONG-SHORTCREDITINCOMEFUND_05_11_2020-EX-99.(K)(1)-SERVICE AGREEMENT,"In no event will Agent be liable for special, indirect, incidental, consequential or punitive losses or damages of any kind whatsoever (including but not limited to lost profits), even if Agent has been advised of the possibility of such losses or damages and regardless of the form of action.",0,0,0,1,0,0
BLACKSTONEGSOLONG-SHORTCREDITINCOMEFUND_05_11_2020-EX-99.(K)(1)-SERVICE AGREEMENT,"Unless either party gives written notice of termination of this Agreement at least 60 days prior to the end of the Initial Term, or any successive three-year term, this Agreement shall automatically renew for successive additional three-year terms; provided, however, that this Agreement shall automatically terminate upon the dissolution of the client.",0,1,1,0,0,0
BLUEFLYINC_03_27_2002-EX-10.27-e-business Hosting Agreement,"Customer may terminate this Agreement (including all Service Option Attachments) or any Service Option Attachment (with the exception of any Service Option Attachment that is a prerequisite for the provision of Services under a non-terminated Service Option Attachment) for convenience at the end of any calendar month by: a. providing at least one month's prior written notice to IBM; and b. paying the applicable early termination charges, if any, specified in Attachment A and applicable Service Option Attachments.",1,0,0,0,0,0
BLUEFLYINC_03_27_2002-EX-10.27-e-business Hosting Agreement,Each Service Option Attachment will renew automatically for an additional term equal in duration to the previous term of the applicable Service Option Attachment unless either party notifies the other party in writing at least ninety (90) days prior to the end of the then-current term for the applicable Service Option Attachment that it has elected to terminate such Service Option Attachment.,0,1,1,0,0,0
BLUEFLYINC_03_27_2002-EX-10.27-e-business Hosting Agreement,"If Customer disagrees with any such changes, Customer may in its sole discretion terminate this Agreement (or some or all of the affected Service Option Attachments) without the payment of termination charges upon notice to IBM at least thirty (30) days prior to the effective date of the applicable change.",1,0,0,0,0,0
BLUEFLYINC_03_27_2002-EX-10.27-e-business Hosting Agreement,"In no event will either party be liable to the other for special, incidental, or indirect damages or for any consequential damages (including lost profits or savings), even if they are informed of the possibility; provided that this Section 10 does not apply to Customer's failure to pay any amounts owing to IBM under this Agreement (including amounts owing for Services that would have been rendered but for Customer's breach of this Agreement).",0,0,0,1,1,0
BLUEFLYINC_03_27_2002-EX-10.27-e-business Hosting Agreement,It is the cumulative maximum for which Customer and its Affiliates are collectively responsible.,0,0,0,1,0,0
BLUEFLYINC_03_27_2002-EX-10.27-e-business Hosting Agreement,It is the cumulative maximum for which IBM and its Affiliates and Subcontractors are collectively responsible.,0,0,0,1,0,0
BLUEFLYINC_03_27_2002-EX-10.27-e-business Hosting Agreement,Neither party will bring a legal action related to this Agreement more than two years after the cause of action accrued.,0,0,0,1,0,0
BLUEFLYINC_03_27_2002-EX-10.27-e-business Hosting Agreement,"Regardless of the basis on which Customer is entitled to claim damages from IBM (including fundamental breach, negligence, misrepresentation, or other contract or tort claim), IBM is liable for no more than: a. indemnification payments as provided in Section 8.1; b. damages for bodily injury (including death) and damage to real property and tangible personal property; and c. the amount of any other actual direct damages, up to the greater of $100,000 or the charges paid by Customer to IBM for the Services in the twelve (12) months immediately preceding the accrual of the first claim related to the Services.",0,0,0,1,0,0
BLUEFLYINC_03_27_2002-EX-10.27-e-business Hosting Agreement,"Regardless of the basis on which IBM is entitled to claim damages from Customer (including fundamental breach, negligence, misrepresentation, or other contract or tort claim), Customer is liable for no more than: a. Indemnification payments as provided in Section 8.2; b. damages for bodily injury (including death) and damage to real property and tangible personal property; and (c) the amount of any other actual direct damages, up to the greater of $100,000 or the charges paid by Customer to IBM for the Services in the twelve (12) months immediately preceding the accrual of the first claim related to the Services.",0,0,0,1,0,0
BLUEFLYINC_03_27_2002-EX-10.27-e-business Hosting Agreement,This is IBM's entire obligation to Customer with regard to any claim of infringement.,0,0,0,1,0,0
"BLUEHILLSBANCORP,INC_05_20_2014-EX-1.1-AGENCY AGREEMENT","It is expressly agreed that the Agent shall not be liable for any loss, liability, claim, damage or expense or be required to contribute any amount pursuant to Section 9(b) or this Section 10 which in the aggregate exceeds the amount paid (excluding reimbursable expenses) to the Agent under this Agreement.",0,0,0,1,0,0
"BLUEROCKRESIDENTIALGROWTHREIT,INC_06_01_2016-EX-1.1-AGENCY AGREEMENT","Notwithstanding the provisions of this Section 8(d), the Agent shall not be required to contribute any amount in excess of the amount by which the total price at which the Series A Preferred Stock sold pursuant to this Agreement exceeds the amount of any damages which the Agent has otherwise been required to pay by reason of such untrue or alleged untrue statement or omission or alleged omission.",0,0,0,1,0,0
"BLUEROCKRESIDENTIALGROWTHREIT,INC_06_01_2016-EX-1.1-AGENCY AGREEMENT","Until the Settlement Date, this Agreement may be terminated by the Agent by giving notice (in the manner prescribed by Section 9 hereof) to the Company, if (i) the Company shall have failed, refused or been unable, at or prior to the Settlement Date, to perform any agreement on its part to be performed hereunder unless the failure to perform any agreement is due to the default or omission by the Agent; (ii) any other condition of the obligations of the Agent hereunder is not fulfilled; (iii) trading in securities generally on the NYSE, NYSE MKT, or Nasdaq shall have been suspended or minimum or maximum prices shall have been established on either of such exchanges or such market by the Commission or by such exchange or other regulatory body or governmental authority having jurisdiction; (iv) trading or quotation in any of the Company's securities shall have been suspended or materially limited by the Commission or by the NYSE MKT, NYSE or Nasdaq or other regulatory body of governmental authority having jurisdiction; (v) a general banking moratorium has been declared by Federal or New York authorities; (vi) a material disruption in securities settlement, payment or clearance services in the United States shall have occurred; (vii) there shall have been any material adverse change in general economic, political or financial conditions in the United States or in international conditions on the financial markets in the United States, in each case, the effect of which is such as to make it, in the Agent's reasonable judgment, inadvisable to proceed with the delivery of the Securities; or (viii) any attack on, outbreak or escalation of hostilities, declaration of war or act of terrorism involving the United States or any other national or international calamity or emergency has occurred if, in the Agent's reasonable judgment, the effect of any such attack, outbreak, escalation, declaration, act, calamity or emergency makes it impractical or inadvisable to proceed with the completion of the placement or the delivery of the Securities.",1,0,0,0,0,0
BNCMORTGAGEINC_05_17_1999-EX-10.4-LICENSING AND WEB SITE HOSTING AGREEMENT,"IN NO EVENT SHALL TRUELINK'S LIABILITY FOR ANY MATTER ARISING UNDER OR RELATED TO SECTION 3, 4, 7 AND 11 THIS AGREEMENT (OTHER THAN DUE TO A BREACH RESULTING FROM TRUELINK'S GROSS NEGLIGENCE OR WILLFUL MISCONDUCT) EXCEED THE TOTAL COMPENSATION PAID FOR HOSTING AND SUPPORT SERVICES OVER THE IMMEDIATELY PRECEDING 12 MONTHS PERIOD.",0,0,0,1,0,0
BNCMORTGAGEINC_05_17_1999-EX-10.4-LICENSING AND WEB SITE HOSTING AGREEMENT,This Agreement shall renew automatically thereafter for successive one year periods until terminated pursuant to Section 12 herein or unless either Client or TrueLink deliver to the other written notice of intent not to renew no later than thirty (30) days prior to the end of said year.,0,1,1,0,0,0
BNLFINANCIALCORP_03_30_2007-EX-10.8-OUTSOURCING AGREEMENT,Any claim of action of any kind which one party to this Agreement may have against the other party relating to or arising out of this Agreement must be commenced within two (2) years from the date such claim or cause of action shall have first accrued.,0,0,0,1,0,0
BNLFINANCIALCORP_03_30_2007-EX-10.8-OUTSOURCING AGREEMENT,"BNL shall have no liability with respect to its obligations under this agreement or otherwise for consequential, exemplary, special, indirect, incidental or punitive damages even if it has been advised of the possibility",0,0,0,1,0,0
BNLFINANCIALCORP_03_30_2007-EX-10.8-OUTSOURCING AGREEMENT,"Unless either party gives written notice to terminate this Agreement at least six (6) months prior to the end of said Initial Term, this Agreement shall continue on a year to year basis (""Extended Term(s)"") until terminated by either party by giving written notice of termination thereof to the other party at least six (6) months prior to the end of the then current Extended Term.",0,1,1,0,0,0
BNLFINANCIALCORP_03_30_2007-EX-10.8-OUTSOURCING AGREEMENT,"VIP shall have no liability with respect to its obligations under this agreement or otherwise for consequential, exemplary, special, indirect, incidental or punitive damages even if it has been advised of the possibility of such damages in any event, other than claims covered by paragraph 8(b) or paragraph 6(a) of this agreement (which claims are excluded from this paragraph 9(f) limitation), the liability of VIP to BNL for any reason and upon any cause of action or claim in contract, tort or otherwise shall be limited to the amount paid by BNL to VIP in the twelve (12) month period prior to the accrual of the action or claim for the specific service which is the subject of the action or claim (or, if such accrual occurs during the first twelve (12) months of the initial term, then the liability shall be limited to the minimum fees payable by BNL to VIP during the first twelve (12) months of the initial term).",0,0,0,1,1,0
BNLFINANCIALCORP_03_30_2007-EX-10.8-OUTSOURCING AGREEMENT,"of such damages. in any event, other than claims covered by the next sentence, the liability of BNL to VIP for any reason and upon any cause of action and claim in contract, tort or otherwise shall be limited to the amounts paid by BNL to VIP in the twelve (12) month period prior to the accrual of the action or claim for the specific service which is the subject of the action or claim (or, if such accrual occurs during the first twelve (12) months of the initial term, then the liability shall be limited to the minimum fees payable by BNL to VIP during the first twelve (12) months of the initial term) claims by VIP for the minimum fees and other fees and expenses owing by BNL under paragraphs 5, 15(a) and 15(c), or for a breach by BNL of VIP's proprietary rights as set forth in paragraph 13 are excluded from this paragraph II limitation except for the claims excluded by the preceding sentence, this limitation applies to all causes of action or claims in the aggregate including without limitation breach of contract, breach of warranty, negligence, strict liability, misrepresentation and other torts.",0,0,0,1,0,0
BOLIVARMININGCORP_05_23_2003-EX-2.1-VISP WEB SITE BUILDING AND HOSTING AGREEMENT,"This agreement shall renew automatically each year thereafter, unless either party serves written notice of its intention not to renew, on the other at least 90 days prior to the expiration of the then current term of this agreement.",0,1,1,0,0,0
BONTONSTORESINC_04_20_2018-EX-99.3-AGENCY AGREEMENT,"Subject to the Wind-Down Budget and payment of Expenses, Agent shall use the E-Commerce Platform in connection with the GOB Sale to fulfill customer orders made during the GOB Sale Term and otherwise promote the GOB Sale (in Agent's capacity as Agent hereunder), provided that Agent shall have the option, in its sole discretion, to terminate the use of the E-Commerce Platform at any time after four weeks of use.",1,0,0,0,0,0
BUFFALOWILDWINGSINC_06_05_1998-EX-10.3-FRANCHISE AGREEMENT,"3. Directly or indirectly, for yourself or through, on behalf of, or in conjunction with any person or entity, own, manage, operate, maintain, engage in, consult with or have any interest in: a) any restaurant business, b) any prepared food business, or c) any other business which sells or offers to dispense prepared food products the same as or similar to the type sold in the System.",0,0,0,0,0,1
BUFFALOWILDWINGSINC_06_05_1998-EX-10.3-FRANCHISE AGREEMENT,"Accordingly, you covenant that, except as otherwise approved in writing by us, you will not, for a period of two (2) years after the expiration or termination of this Agreement, regardless of the cause of termination, or within two (2) years of the sale of the Franchised Restaurant or any interest in you, either directly or indirectly, for yourself, or through, on behalf of, or in conjunction with any person or entity, own, manage, operate, maintain, engage in, consult with or have any interest in: i) any restaurant business, ii) any prepared food business, or iii) any other business which sells or offers to dispense prepared food products the same as or similar to the type sold in the System: 1. At the premises of the former Franchised Restaurant; 2. Within a radius of ten (10) miles of the former Franchised Restaurant; or 3. Within a radius of ten (10) miles of the location of any other business using the System, whether franchised or owned by us or our affiliates.",0,0,0,0,0,1
BUFFALOWILDWINGSINC_06_05_1998-EX-10.3-FRANCHISE AGREEMENT,"Each of you agrees that during the period Franchisee operates any Buffalo Wild Wings and/or bw-3 Restaurants, or has any beneficial interest therein, or holds any rights to develop one or more such Restaurants (including all renewal periods) you shall not directly or indirectly on your own account or as an employee, consultant, partner, officer, director, shareholder or member of any person, firm, entity, partnership, corporation or company, own, operate, lease franchise, engage in, be connected with, have any interest in, or assist any person or entity engaged in: 1) any restaurant business, 2) any prepared food business, or 3) any other business which sells prepared food products the same or similar as the type sold in our System.",0,0,0,0,0,1
BUFFALOWILDWINGSINC_06_05_1998-EX-10.3-FRANCHISE AGREEMENT,"Each of you agrees that for a two-year period after Franchisee ceases to have any interest in any Restaurants or any rights to develop Restaurants, regardless of the reasons such interest ceases or terminates, you will not directly or indirectly on your own account or as an employee, consultant, partner, officer, director, shareholder or member of any person, firm, entity, partnership, corporation or company, own operate, lease franchise, engage in, be connected with, have any interest in, or assist any person or entity engaged in: 1) any restaurant business, 2) any prepared food business, or 3) any other business which sells prepared food products the same or similar as the type sold in our System; which is located at or within a ten (10) mile radius of your former Franchised Restaurant or any Buffalo Wild Wings or bw-3 Restaurant.",0,0,0,0,0,1
BUFFALOWILDWINGSINC_06_05_1998-EX-10.3-FRANCHISE AGREEMENT,We and our affiliated companies shall not engage in catering and delivery services and activities in the Designated Area.,0,0,0,0,0,1
BUFFALOWILDWINGSINC_06_05_1998-EX-10.3-FRANCHISE AGREEMENT,We shall give you written notice of our election not to renew the franchise at least three (3) months prior to the expiration of the initial or first renewal term of this Agreement.,0,0,1,0,0,0
BUFFALOWILDWINGSINC_06_05_1998-EX-10.3-FRANCHISE AGREEMENT,"Within ninety (90) days of our receipt of your notice to renew, we will furnish you with written notice of: (i) reasons which could cause us not to grant a renewal to you including but not limited to any deficiencies which require correction and a schedule for correction by you; and (ii) our then-current requirements relating to the image, appearance, decoration, furnishing, equipping and stocking of Buffalo Wild Wings businesses, and a schedule for effecting upgrading or modifications in order to bring the Franchised Restaurant in compliance, as a condition of renewal. Renewal of the franchise shall be conditioned upon your compliance with such requirements and continued compliance with all the terms and conditions of this Agreement up to the date of termination of the initial term.",0,1,0,0,0,0
BUFFALOWILDWINGSINC_06_05_1998-EX-10.3-FRANCHISE AGREEMENT,"You covenant that during the term of this Agreement, except as otherwise approved in writing by us, you will not, either directly or indirectly, for yourself, or through, on behalf of, or in conjunction with any person, persons, partnership, corporation or company:",0,0,0,0,0,1
BUFFALOWILDWINGSINC_06_05_1998-EX-10.3-FRANCHISE AGREEMENT,"You have the right to renew the franchise for two (2) successive terms equal to five (5) years each, providing you meet all of the following conditions: 1. You have, during the entire term, complied with all the provisions of the Agreement; 2. The premises of the Franchised Restaurant meet our then-current standards for Buffalo Wild Wings restaurants and you are able to maintain possession of the Franchised Restaurant. Before the expiration date of this Agreement you must bring the Franchised Restaurant into full compliance with the specifications and standards then applicable for new or renewing Buffalo Wild Wings businesses and present us with evidence satisfactory that you have the right to remain in possession of the Franchised Restaurant premises for the duration of the renewal term. In the event you are unable to maintain possession of the premises of the Franchised Restaurant or if the premises do not meet our then-current standards, you may secure substitute premises approved by us and provided that you have furnished, stocked and equipped such premises to bring the Franchised Restaurant at its substituted premises into full compliance with the then-current specifications and standards before the expiration date of this Agreement; 3. You have given us written notice of your desire to renew at least six (6) months but not more than twelve (12) months prior to the end of the term; 4. You have satisfied all of your monetary obligations to us and our affiliates and have timely met these obligations throughout the term of this Agreement; 5. You have executed for the renewal term our then-current form of Franchise Agreement (with appropriate modifications to reflect the fact that the agreement relates to the grant of a renewal franchise), which shall supersede in all respects this Agreement, and the terms of which may differ from the terms of this Agreement, including, without limitation, a different percentage Continuing Fee and advertising contribution; provided, however, that the percentage Continuing Fee shall not exceed seven percent (7%) during any renewal period. You will not be required to pay the then-current initial franchise fee or its equivalent; 6. You have complied with our then-current qualification and training requirements; and 7. You have executed a general release, in a form prescribed by us, of all claims against us and our affiliates, and respective officers, directors, agents, shareholders and employees.",0,1,0,0,0,0
BUFFALOWILDWINGSINC_06_05_1998-EX-10.3-FRANCHISE AGREEMENT,You shall not engage in catering and delivery services and activities outside of the Designated Area.,0,0,0,0,0,1
BUFFALOWILDWINGSINC_06_05_1998-EX-10.3-FRANCHISE AGREEMENT,You shall not offer for sale any Menu Items or Proprietary Products by means of Internet/World Wide Web programming or advertising.,0,0,0,0,0,1
BUFFALOWILDWINGSINC_06_05_1998-EX-10.3-FRANCHISE AGREEMENT,"You will, in the event you continue to operate or subsequently begin to operate any other business, not use any reproduction, counterfeit, copy or colorable imitation of the Marks either in connection with such other business or the promotion thereof, which is likely to cause confusion, mistake or deception, or which is likely to dilute our exclusive rights in and to the Marks and will not utilize any designation of origin or description or representation which falsely suggests or represents an association or connection with us so as to constitute unfair competition.",0,0,0,0,0,1
BerkshireHillsBancorpInc_20120809_10-Q_EX-10.16_7708169_EX-10.16_Endorsement Agreement,"Auriemma will not enter into any arrangement or agreement, which enables any Berkshire Competitor to be endorsed by Auriemma (whether by using the Auriemma Identification, Auriemma providing services similar to the Endorsement Services, or otherwise) during the Contract Period within the Contract Territory.",0,0,0,0,0,1
BizzingoInc_20120322_8-K_EX-10.17_7504499_EX-10.17_Endorsement Agreement,"Theismann shall have the right to terminate this Agreement at any time upon thirty (30) days' written notice to Bizzingo, such termination to become effective at the conclusion of such 30-day period.",1,0,0,0,0,0
BizzingoInc_20120322_8-K_EX-10.17_7504499_EX-10.17_Endorsement Agreement,"Unless sooner terminated under the provisions hereof, this Agreement shall commence on the Effective Date and continue for a period of one (1) year (""Term""). provided however, that the Parties may extend the Term for an additional year period by entering into an written addendum of the Agreement extending such term.",0,1,0,0,0,0
BloomEnergyCorp_20180321_DRSA (on S-1)_EX-10_11240356_EX-10_Maintenance Agreement,"If the Efficiency Bank reaches a balance of less than zero during the Warranty Period, Operator shall reimburse Owner for any Gas Payment Shortfall that Owner incurs within ten (10) days after Owner provides notice to Operator of such shortfall amount; provided that Operator's cumulative aggregate liability under this Section 2.8 plus any payments required to be made by Operator under Section 2.5(c) shall not exceed an amount equal to (i) one hundred percent (100%) of the aggregate Purchase Price of all Bloom Systems in the Portfolio during the applicable period and the purchase price under the December 30 Bill of Sale (inclusive of any amounts paid or for which a pending claim has been made for under the Gas Payment Shortfall under the MESPA), less (ii) the aggregate of all amounts paid by Operator (or claimed against Operator in the case of any claims that are pending at the time of such calculation) with respect to claims under Section 2.5(c) hereunder or Sections 8.2(b) and 8.3(c) of the MESPA.",0,0,0,1,0,0
BloomEnergyCorp_20180321_DRSA (on S-1)_EX-10_11240356_EX-10_Maintenance Agreement,"In the case of a claim relating to the Power Performance Warranty for a One-Year Power Performance Warranty Period, upon receipt of such notice and verification that such One-Year Power Performance Warranty is applicable, Operator shall make a payment to Owner in an amount to be calculated pursuant to Section 2.6; provided that the cumulative aggregate amount of Operator's liability for all claims under this Section 2.5(c) shall not exceed [***] of the aggregate Purchase Price of all Bloom Systems in the Portfolio during the applicable period and the purchase price under the December 30 Bill of Sale (inclusive of any amounts paid or for which a pending claim has been made under the Power Performance Warranty or the Section 8.2(b) Warranty, as applicable, under the MESPA).",0,0,0,1,0,0
BloomEnergyCorp_20180321_DRSA (on S-1)_EX-10_11240356_EX-10_Maintenance Agreement,"Notwithstanding anything to the contrary in this Agreement, in no event shall a Party be liable to the other Party for an aggregate amount in excess of the Maximum Liability;",0,0,0,1,0,0
BloomEnergyCorp_20180321_DRSA (on S-1)_EX-10_11240356_EX-10_Maintenance Agreement,"Notwithstanding anything to the contrary provided herein, in no event shall Operator be liable under this Agreement (including with respect to its obligations related to the Facility Service Warranty, the Power Performance Warranty or Warranty Specification) for (i) any failure of or damage to the Bloom System or (ii) any obligations on the part of Operator (including internal rate of return or other financial metrics or any obligations to deliver power to Owner or service the Bloom System) caused by or arising from (A) Owner's (as opposed to Operator or Operator's Affiliate or subcontractor acting as operator under this Agreement) failure to properly protect the Bloom Systems from vandalism or other third- party's actions or omissions, (B) Owner's (as opposed to Operator or Operator's Affiliate or subcontractor acting as operator under this Agreement) failure to use the specified input fuel; (C) Owner's (as opposed to Operator or Operator's Affiliate or subcontractor acting as operator under this Agreement) removal of any safety devices, (D) Force Majeure Events, (E) installation, operation, repair or modification of the Bloom Systems by anyone other than Operator or Operator's authorized agents or Owner's operator acting pursuant to a operating and maintenance agreement provided such operator is acting in accordance with Prudent Electrical Practices and information or materials supplied by Operator or its Affiliates, or (F) any defect in construction materials or workmanship of the BOF or any deficiency in design of the BOF by BE, provided that the exclusions in this clause (F) shall not extend to any warranty claim to the extent caused by or arising from (1) any defect in construction materials or workmanship of the BOF or (2) any deficiency in design of the BOF by BE, in each case during the period while the MESPA Section 8.2(b) Warranty is in effect.",0,0,0,1,0,0
BloomEnergyCorp_20180321_DRSA (on S-1)_EX-10_11240356_EX-10_Maintenance Agreement,"Subject always to the Maximum Liability limitations set forth in the preceding sentence, except for damages specifically provided for in this Agreement or in connection with the indemnification for damages awarded to a third party under a Third Party Claim, damages hereunder are limited to direct damages, and in no event shall a Party be liable to the other Party, and the Parties hereby waive claims, for (a) indirect, punitive, special or consequential damages or loss of profits; provided, however, that the loss of profits language set forth in this Section 7.1 shall not be interpreted to exclude from Indemnifiable Losses any claim, demand, suit, loss, liability, damage, obligation, payment, cost or expense (including the cost and expense of any action, suit, proceeding, assessment, judgment, settlement or compromise relating thereto and reasonable attorneys' fees and reasonable",0,0,0,1,1,0
BloomEnergyCorp_20180321_DRSA (on S-1)_EX-10_11240356_EX-10_Maintenance Agreement,"disbursements in connection therewith) that would otherwise be included in the definition of Indemnifiable Losses because they result from a reduction in the profits of Owner, Diamond State Generation Holdings, LLC, or both, and (b) losses or liabilities incurred by the officers, directors, members, managers, partners, shareholders or Affiliates of such Party (unless on behalf of Owner).",0,0,0,1,1,0
BloomEnergyCorp_20180321_DRSA (on S-1)_EX-10_11240356_EX-10_Maintenance Agreement,"provided that such limitation of liability shall not apply to any liability that is the result of (i) gross negligence, fraud or willful misconduct of a Party, (ii) a Third Party Claim, (iii) the failure to pay the Service Fees (which amount shall not be included in calculating Owner's Maximum Liability), (iv) a claim of Owner against BE or Operator in the event of any breach, default or misrepresentation of any representation and warranty or covenant set forth in Section 8.2(e) or (v) a claim of Owner against BE or Operator under Section 2.8.",0,0,0,0,1,0
BravatekSolutionsInc_20170418_8-K_EX-10.1_10205739_EX-10.1_Reseller Agreement,Contract is renewable for 1 year extension by amendment to this agreement.,0,1,0,0,0,0
BravatekSolutionsInc_20170418_8-K_EX-10.1_10205739_EX-10.1_Reseller Agreement,"EXCEPT FOR IN THE EVENT OF WILLFUL MISCONDUCT OR GROSS NEGLIGENCE, THE RESELLER AND ITS AFFILIATES SHALL NOT BE LIABLE TO THE COMPANY, AND SHALL HAVE NO OBLIGATION TO INDEMNIFY OR HOLD HARMLESS THE COMPANY, WITH RESPECT TO OR IN CONNECTION WITH ANY LOSS RESULTING FROM OR CAUSED BY THE COMPANY PRODUCTS.",0,0,0,1,0,0
BravatekSolutionsInc_20170418_8-K_EX-10.1_10205739_EX-10.1_Reseller Agreement,Either Party may terminate this agreement for non-cause with a sixty (60) written notice.,1,0,0,0,0,0
"CARDAX,INC_08_19_2014-EX-10.1-COLLABORATION AGREEMENT","Except in the event of (i) a Party's gross negligence or willful misconduct and/or (ii) a Party's breach of its confidentiality obligation, the total liability of one Party to the other Party (and its Affiliates) arising out of or in connection with this Agreement or the Products, whether in contract, tort (including negligence), statute or otherwise, shall, to the maximum extent permitted by Applicable Law, be limited to the amount of revenues it receives under this Agreement.",0,0,0,1,1,0
"CARDAX,INC_08_19_2014-EX-10.1-COLLABORATION AGREEMENT","IN NO EVENT SHALL EITHER PARTY BE LIABLE FOR ANY CONSEQUENTIAL, SPECIAL OR PUNITIVE DAMAGES OR LOST PROFITS ARISING UNDER OR RELATING TO THIS AGREEMENT. Exc",0,0,0,1,0,0
CCAINDUSTRIESINC_04_14_2014-EX-10.1-OUTSOURCING AGREEMENT,Either party hereto may terminate this Agreement after the Initial Period upon at least six (6) months' prior written notice to the other party thereof.,1,0,0,0,0,0
CCAINDUSTRIESINC_04_14_2014-EX-10.1-OUTSOURCING AGREEMENT,"The Company may terminate this Agreement in accordance with the immediately preceding sentence but with less than six (6) months' prior written notice to Contractor; provided, that in such event, the Company shall pay Contractor an amount equal to the Termination Fee.",1,0,0,0,0,0
CCAINDUSTRIESINC_04_14_2014-EX-10.1-OUTSOURCING AGREEMENT,This agreement shall automatically renew for successive six (6) month periods unless written notice is provided of either party's intent not to renew at least six (6) months before the end of the then-current term.,0,1,1,0,0,0
CENTRACKINTERNATIONALINC_10_29_1999-EX-10.3-WEB SITE HOSTING AGREEMENT,"Agreement, which notice must be given not less than fifteen (15) days before the end of the respective initial or renewal term.",0,1,1,0,0,0
CENTRACKINTERNATIONALINC_10_29_1999-EX-10.3-WEB SITE HOSTING AGREEMENT,Either party may terminate this Agreement without cause at any time effective upon thirty (30) days' written notice.,1,0,0,0,0,0
CENTRACKINTERNATIONALINC_10_29_1999-EX-10.3-WEB SITE HOSTING AGREEMENT,This Agreement shall automatically be renewed for one (1) or more one (1) month periods unless either the Customer or i-on gives notice to the other party of its intention not to renew the,0,1,1,0,0,0
CENTRACKINTERNATIONALINC_10_29_1999-EX-10.3-WEB SITE HOSTING AGREEMENT,"i-on will not be liable under any circumstances for any lost profits or other consequential damages, even if i-on has been advised as to the possibility of such damages. i-on's liability for damages to the Customer for any cause whatsoever, regardless of the form of action, and whether in contract or in tort, including negligence, shall be limited to one (1) month's fees and the remaining portion of any prepaid fees.",0,0,0,1,0,0
"CERES,INC_01_25_2012-EX-10.20-Collaboration Agreement","IN NO EVENT SHALL EITHER PARTY BE HELD RESPONSIBLE FOR ANY SPECIAL, INDIRECT, INCIDENTAL OR CONSEQUENTIAL DAMAGES OR LOSS OF PROFIT ARISING OUT OF THE USE OF ANY INTELLECTUAL PROPERTY RIGHTS COVERED BY THIS AGREEMENT, OR THE IMPLEMENTATION OF THIS AGREEMENT, EVEN IF SUCH PARTY IS ADVISED IN ADVANCE OF THE POSSIBILITY OF SUCH DAMAGES.",0,0,0,1,0,0
"CERES,INC_01_25_2012-EX-10.20-Collaboration Agreement","IN NO EVENT SHALL EITHER PARTY BE HELD RESPONSIBLE FOR ANY SPECIAL, INDIRECT, INCIDENTAL OR CONSEQUENTIAL DAMAGES OR LOSS OF PROFIT ARISING OUT OF THE USE OF ANY JOINT INTELLECTUAL PROPERTY, CERES INTELLECTUAL PROPERTY, IGER INTELLECTUAL PROPERTY, OTHER RESEARCH RESULTS OR BACKGROUND INTELLECTUAL PROPERTY COVERED BY THIS AGREEMENT OR ANY SCHEDULE OR ARISING OUT OF THE IMPLEMENTATION OF THIS AGREEMENT, EVEN IF SUCH PARTY IS ADVISED IN ADVANCE OF THE POSSIBILITY OF SUCH DAMAGES.",0,0,0,1,0,0
"CERES,INC_01_25_2012-EX-10.20-Collaboration Agreement","Neither Party shall be liable for indirect, special, remote, incidental or consequential damages or loss of profit in connection with this Agreement or its implementation.",0,0,0,1,0,0
"CERES,INC_01_25_2012-EX-10.20-Collaboration Agreement","Notwithstanding Article 9.3., [CERES/IGER] will have the right to terminate this Agreement including the Program at any time with [three (3)] months' prior written notice.",1,0,0,0,0,0
CHANGEPOINTCORP_03_08_2000-EX-10.6-LICENSE AND HOSTING AGREEMENT,"(c) Customer's exclusive remedy and Changepoint's sole obligation with respect to the breach of any of the foregoing warranties is for Changepoint to (i) make commercially reasonable efforts to correct or provide Customer with a workaround for the failure of the Licensed Software to conform substantially to the description thereof in the Documentation or to comply with the Y2K Warranty, as the case may be, or, at Changepoint's sole option, provide Customer with a refund for the License Fees paid with respect to such Licensed Software, and (ii) provide Customer with replacement media in the event there are defects in materials or workmanship in the media upon which the Licensed Software and Documentation are provided if the media is returned to Changepoint within the Warranty Period.",0,0,0,1,0,0
CHANGEPOINTCORP_03_08_2000-EX-10.6-LICENSE AND HOSTING AGREEMENT,"ACTION FIRST ARISING, EVEN IF IT IS A CONTINUOUS ONE, OR IN THE AGGREGATE, WITH RESPECT OF ALL CLAIMS ARISING OUT OF OR RELATED TO THIS AGREEMENT, THE TOTAL AMOUNT ACTUALLY PAID BY CORIO UNDER THIS AGREEMENT TO CHANGEPOINT.",0,0,0,1,1,0
CHANGEPOINTCORP_03_08_2000-EX-10.6-LICENSE AND HOSTING AGREEMENT,"CHANGEPOINT'S, LIABILITY UNDER SUCH AGREEMENT FOR DIRECT, INDIRECT, SPECIAL, INCIDENTAL AND/OR CONSEQUENTIAL DAMAGES OF ANY KIND, INCLUDING, WITHOUT LIMITATION, RESTITUTION, WILL NOT, IN ANY EVENT, EXCEED THE FEE PAID BY END USER TO CHANGEPOINT UNDER SUCH AGREEMENT.",0,0,0,1,0,0
CHANGEPOINTCORP_03_08_2000-EX-10.6-LICENSE AND HOSTING AGREEMENT,"Changepoint warrants that during the Warranty Period: (i) the Licensed Software will conform substantially to the description thereof in the Documentation, and (ii) the media upon which the Licensed Software and Documentation are provided will be free from defects in materials and workmanship.",0,0,0,1,0,0
CHANGEPOINTCORP_03_08_2000-EX-10.6-LICENSE AND HOSTING AGREEMENT,"Changepoint will replace any defective media returned to Changepoint during the Warranty Period. In the event any such breach of warranty can not be reasonably corrected at Changepoint's sole expense, Corio has the right to terminate this Agreement and receive a",0,0,0,1,0,0
CHANGEPOINTCORP_03_08_2000-EX-10.6-LICENSE AND HOSTING AGREEMENT,"Changepoint's sole liability under this Section 7.4 is limited to use of reasonable efforts to correct or replace the defective Software with conforming Software, and if neither of the foregoing are commercially practicable, as determined by Changepoint in its reasonable discretion, Changepoint may, at its option, terminate this Agreement and refund all prepaid fees, if any. The foregoing are Corio's sole and exclusive remedies for breach of this Year 2000 warranty and Changepoint's sole obligation.",0,0,0,1,0,0
CHANGEPOINTCORP_03_08_2000-EX-10.6-LICENSE AND HOSTING AGREEMENT,"During the term of this Agreement, Corio agrees not to provide the Software in connection with Corio Services or distribute the Software under Section 2.5 of this Agreement to the following companies or their subsidiaries: ***. Corio and Changepoint agree that on an semi-annual basis, this list of companies will be reviewed by the parties and each party agrees that its consent to the other party's request for changes to this list (additions and deletions) will not be unreasonably withheld or delayed.",0,0,0,0,0,1
CHANGEPOINTCORP_03_08_2000-EX-10.6-LICENSE AND HOSTING AGREEMENT,"EXCEPT FOR LIABILITY ARISING UNDER SECTIONS 2.7, 8, 10 AND 12.3 OF THIS AGREEMENT, IN NO EVENT SHALL EITHER PARTY HAVE ANY LIABILITY TO THE OTHER PARTY FOR ANY LOST PROFITS OR COSTS OF PROCUREMENT OF SUBSTITUTE GOODS OR SERVICES, OR FOR ANY INDIRECT, INCIDENTIAL, SPECIAL OR CONSEQUENTIAL DAMAGES HOWEVER CAUSED AND UNDER ANY THEORY OF LIABILITY AND WHETHER OR NOT SUCH PARTY HAS BEEN ADVISED OF THE POSSIBILITY OF SUCH DAMAGE.",0,0,0,1,1,0
CHANGEPOINTCORP_03_08_2000-EX-10.6-LICENSE AND HOSTING AGREEMENT,"EXCEPT FOR LIABILITY ARISING UNDER SECTIONS 2.7, 8, 10 AND 12.3 OF THIS AGREEMENT, IN NO EVENT SHALL EITHER PARTY'S LIABILITY ARISING OUT OF OR RELATED TO THIS AGREEMENT OR THE USE OR PERFORMANCE OF THE SOFTWARE EXCEED THE TOTAL AMOUNT ACTUALLY PAID BY CORIO HEREUNDER FOR THE TRANSACTION WHICH THE LIABILITY RELATES TO DURING THE TWELVE (12) MONTHS IMMEDIATELY PRIOR TO THE CAUSE OF",0,0,0,1,1,0
CHANGEPOINTCORP_03_08_2000-EX-10.6-LICENSE AND HOSTING AGREEMENT,"FOR ANY BREACH OR DEFAULT BY CHANGEPOINT OF ANY OF THE PROVISIONS OF THIS AGREEMENT, OR WITH RESPECT TO ANY CLAIM ARISING HEREFROM OR RELATED HERETO, EXCEPT FOR ANY CLAIM FOR BREACH OF SECTION 5.2 (UNAUTHORIZED DISCLOSURE OF CONFIDENTIAL INFORMATION), OR FOR BREACH OF SECTION 6.4(A) (INTELLECTUAL PROPERTY INDEMNITY), CHANGEPOINT'S ENTIRE LIABILITY, REGARDLESS OF THE FORM OF ACTION, WHETHER BASED ON CONTRACT OR TORT, INCLUDING 32 NEGLIGENCE, SHALL IN NO EVENT EXCEED (I) THE AMOUNT PAID BY CUSTOMER HEREUNDER FOR THE LICENSED MATERIALS, (II) THE AMOUNT PAID BY CUSTOMER FOR THE MAINTENANCE SERVICE THAT IS THE SUBJECT OF THE CLAIM IF THE CLAIM RELATES TO A BREACH OR DEFAULT BY CHANGEPOINT OF THE PROVISIONS OF ARTICLE 7, (III) THE AMOUNT PAID BY CUSTOMER FOR THE INSTALLATION SERVICE THAT IS THE SUBJECT OF THE CLAIM IF THE CLAIM RELATES TO A BREACH OR DEFAULT BY CHANGEPOINT OF THE PROVISIONS OF THIS AGREEMENT PERTAINING TO INSTALLATION SERVICE, OR (IV) IN THE AGGREGATE WITH RESPECT TO ALL CLAIMS UNDER OR RELATED TO THIS AGREEMENT, THE AMOUNT PAID BY CUSTOMER UNDER THIS AGREEMENT.",0,0,0,1,0,0
CHANGEPOINTCORP_03_08_2000-EX-10.6-LICENSE AND HOSTING AGREEMENT,"IN NO EVENT WILL CHANGEPOINT BE LIABLE UNDER SUCH AGREEMENT FOR ANY LOSS OF PROFITS, LOSS OF USE, BUSINESS INTERRUPTION, LOSS OF DATA, COST OF COVER OR INDIRECT, SPECIAL, INCIDENTAL OR CONSEQUENTIAL DAMAGES OF ANY KIND IN CONNECTION WITH OR ARISING OUT OF THE FURNISHING, PERFORMANCE OR USE OF THE SOFTWARE OR SERVICES PERFORMED HEREUNDER, WHETHER ALLEGED AS A BREACH OF CONTRACT OR TORTIOUS CONDUCT, INCLUDING NEGLIGENCE, EVEN IF CHANGEPOINT HAS BEEN ADVISED OF THE POSSIBILITY OF SUCH DAMAGES.",0,0,0,1,0,0
CHANGEPOINTCORP_03_08_2000-EX-10.6-LICENSE AND HOSTING AGREEMENT,"Neither party may bring an action, regardless of form, arising out of or related to this Agreement (other than to recover License Fees or Maintenance Fees) more than two (2) years after the cause of action has arisen or the date of discovery of such cause, whichever is later.",0,0,0,1,0,0
CHANGEPOINTCORP_03_08_2000-EX-10.6-LICENSE AND HOSTING AGREEMENT,"Should the Licensed Materials or any of them become, or in Changepoint's sole opinion be likely to become, the subject of a claim of infringement, misappropriation, or violation of an Intellectual Property Right (an ""Infringement Claim"") Changepoint may (i) procure for Customer, at no cost to Customer the right to continue to use the Licensed Materials which are the subject of the Infringement Claim (ii) replace or modify the Licensed Materials or part thereof subject to such Infringement Claim with software or documentation of at least comparable functionality, at no cost to Customer, or (iii) if neither of the forgoing alternatives are reasonably practical in Changepoint's sole judgement, remove the component that is the subject of the Infringement Claim or any or all other parts of the Licensed Materials and refund to Customer the License Fees paid by Customer for the part removed as depreciated on a straight line five (5) year basis from the date of delivery of the part to Customer.",0,0,0,1,0,0
CHANGEPOINTCORP_03_08_2000-EX-10.6-LICENSE AND HOSTING AGREEMENT,"Termination of this Agreement by Corio for non conformance of the Software to the Documentation under this Section 3.1 shall, upon a refund of all fees paid to Changepoint, be Corio's sole and exclusive remedy against Changepoint for any nonconformance of the Software with the Documentation.",0,0,0,1,0,0
CHANGEPOINTCORP_03_08_2000-EX-10.6-LICENSE AND HOSTING AGREEMENT,The Warranty Period for the Licensed Software shall mean the period commencing on the Effective Date and ending ninety (90) days thereafter.,0,0,0,1,0,0
CHANGEPOINTCORP_03_08_2000-EX-10.6-LICENSE AND HOSTING AGREEMENT,"Thereafter, this Agreement shall automatically renew for subsequent one (1) year periods unless either party provides the other party with written notification at least thirty (30) days prior to the expiration of the initial five (5) year term or any one (1) year renewal thereof of its intention to terminate this Agreement.",0,1,1,0,0,0
CHANGEPOINTCORP_03_08_2000-EX-10.6-LICENSE AND HOSTING AGREEMENT,This Section 6.4 states the entire liability of Changepoint and Customer's sole remedies with respect to any Infringement Claim.,0,0,0,1,0,0
CHANGEPOINTCORP_03_08_2000-EX-10.6-LICENSE AND HOSTING AGREEMENT,"refund of all prepaid fees, if any. The foregoing are Corio's sole and exclusive remedies for breach of the foregoing product warranty.",0,0,0,1,0,0
CHAPARRALRESOURCESINC_03_30_2000-EX-10.66-TRANSPORTATION CONTRACT,"In accordance with items 9.3, 9.4, and 10.3, this Contract shall come into force on the Effective Date, remain effective throughout the Initial Term, and be prolonged, or further extended automatically for a period of 12",0,1,0,0,0,0
CHAPARRALRESOURCESINC_03_30_2000-EX-10.66-TRANSPORTATION CONTRACT,"In accordance with items 9.3, 9.4, and 10.3, this Contract shall come into force on the Effective Date, remain effective throughout the Initial Term, and be prolonged, or further extended automatically for a period of 12 months, each such extension commencing at the end of the last day of the Initial Term or the relevant anniversary thereof, unless either Party serves written notice of termination on the other Party at least 65 days prior to the end of the Initial Term, or any subsequent extension.",0,0,1,0,0,0
CHAPARRALRESOURCESINC_03_30_2000-EX-10.66-TRANSPORTATION CONTRACT,"months, each such extension commencing at the end of the last day of the Initial Term or the relevant anniversary thereof, unless either Party serves written notice of termination on the other Party at least 65 days prior to the end of the Initial Term, or any subsequent extension.",0,1,0,0,0,0
CHEETAHMOBILEINC_04_22_2014-EX-10.43-Cooperation Agreement,6. Mix of competing business Amend the pattern of the Union product or competing business to mislead users.,0,0,0,0,0,1
CHEETAHMOBILEINC_04_22_2014-EX-10.43-Cooperation Agreement,"All act which may damage the right of user of Baidu promotion, damage user experience, disturb market cooperation order of the Union, adversely affect Baidu product and business reputation of Baidu, constitute unfair competition against Baidu or violate legal right of Baidu are forbidden by the Union, including but not limited to:",0,0,0,0,0,1
CHEETAHMOBILEINC_04_22_2014-EX-10.43-Cooperation Agreement,"During the cooperation between the parties, Party A agrees not to enter into any form of cooperation with Qihoo 360, unless PartyA needs such cooperation with Qihoo 360 for business or technology and Party B has provided its prior consent.",0,0,0,0,0,1
CHEETAHMOBILEINC_04_22_2014-EX-10.43-Cooperation Agreement,"One month prior to the expiry of the Cooperation Term, the parties may further negotiate the cooperation forms, if fails, this Agreement will be terminated upon expiry.",0,1,0,0,0,0
CHIPMOSTECHNOLOGIESBERMUDALTD_04_18_2016-EX-4.72-Strategic Alliance Agreement,The Parties may negotiate for an extension of this Agreement six (6) months before the expiration of the Cooperation Period.,0,1,0,0,0,0
"COOLTECHNOLOGIES,INC_10_25_2017-EX-10.71-Strategic Alliance Agreement","Notwithstanding the foregoing, this Agreement shall be earlier terminated (x) by mutual agreement of the parties, or (y) at any time upon sixty (60) days advance written notice to the other party.",1,0,0,0,0,0
"COOLTECHNOLOGIES,INC_10_25_2017-EX-10.71-Strategic Alliance Agreement",This Agreement shall be automatically renewed for successive one year periods unless either party gives written notice of termination to the other party at least thirty (30) days prior to the date of expiration.,0,1,1,0,0,0
"CORALGOLDRESOURCES,LTD_05_28_2020-EX-4.1-CONSULTING AGREEMENT","Neither the Company nor the Consultant shall be liable for any consequential loss, including but not limited to, claims for loss of profit, revenue or capital, loss of use of utilities, equipment or facilities, down-time cost, service interruption, cost of money, injury or damage of any character whatsoever.",0,0,0,1,0,0
"CORALGOLDRESOURCES,LTD_05_28_2020-EX-4.1-CONSULTING AGREEMENT","This Agreement can be terminated at any time prior to the expiry of the Term, as follows: (a) by the Consultant electing to give the Company not less than 3 months prior notice of such termination; (b) by the Company electing to give the Consultant 3 months prior notice of such termination along with a termination payment equal to the annual Consulting Fee;",1,0,0,0,0,0
CORIOINC_07_20_2000-EX-10.5-LICENSE AND HOSTING AGREEMENT,"EXCEPT FOR LIABILITY ARISING UNDER SECTION 8 OF THIS AGREEMENT, IN NO EVENT SHALL EITHER PARTY HAVE ANY LIABILITY TO THE OTHER PARTY FOR ANY LOST PROFITS OR COSTS OF PROCUREMENT OF SUBSTITUTE GOODS OR SERVICES, OR FOR ANY INDIRECT, SPECIAL OR CONSEQUENTIAL DAMAGES HOWEVER CAUSED AND UNDER ANY THEORY OF LIABILITY AND WHETHER OR NOT SUCH PARTY HAS BEEN ADVISED OF THE POSSIBILITY OF SUCH DAMAGE.",0,0,0,1,0,0
CORIOINC_07_20_2000-EX-10.5-LICENSE AND HOSTING AGREEMENT,"EXCEPT FOR LIABILITY ARISING UNDER SECTION 8 OF THIS AGREEMENT, IN NO EVENT SHALL EITHER PARTY'S LIABILITY ARISING OUT OF THIS AGREEMENT OR THE USE OR PERFORMANCE OF THE SOFTWARE EXCEED THE TOTAL AMOUNT ACTUALLY PAID BY CORIO HEREUNDER FOR THE TRANSACTION WHICH THE LIABILITY RELATES TO DURING THE TWELVE (12) MONTHS IMMEDIATELY PRIOR TO THE FILING OF THE CAUSE OF ACTION TO WHICH THE LIABILITY RELATES.",0,0,0,0,1,0
CORIOINC_07_20_2000-EX-10.5-LICENSE AND HOSTING AGREEMENT,"EXCEPT FOR LIABILITY ARISING UNDER SECTION 8 OF THIS AGREEMENT, IN NO EVENT SHALL EITHER PARTY'S LIABILITY ARISING OUT OF THIS AGREEMENT OR THE USE OR PERFORMANCE OF THE SOFTWARE EXCEED THE TOTAL AMOUNT ACTUALLY PAID BY CORIO HEREUNDER FOR THE TRANSACTION WHICH THE LIABILITY RELATES TO DURING THE TWELVE (12) MONTHS IMMEDIATELY PRIOR TO THE FILING OF THE CAUSE OF ACTION TO WHICH THE LIABILITY RELATES. EXCEPT FOR LIABILITY ARISING UNDER SECTION 8 OF THIS AGREEMENT, IN NO EVENT SHALL EITHER PARTY HAVE ANY LIABILITY TO THE OTHER PARTY FOR ANY LOST PROFITS OR COSTS OF PROCUREMENT OF SUBSTITUTE GOODS OR SERVICES, OR FOR ANY INDIRECT, SPECIAL OR CONSEQUENTIAL DAMAGES HOWEVER CAUSED AND UNDER ANY THEORY OF LIABILITY AND WHETHER OR NOT SUCH PARTY HAS BEEN ADVISED OF THE POSSIBILITY OF SUCH DAMAGE.",0,0,0,1,0,0
CORIOINC_07_20_2000-EX-10.5-LICENSE AND HOSTING AGREEMENT,The foregoing are Corio's sole and exclusive remedies for breach of product warranty.,0,0,0,1,0,0
CORIOINC_07_20_2000-EX-10.5-LICENSE AND HOSTING AGREEMENT,"Thereafter, this Agreement shall automatically renew for subsequent one (1) year periods unless either party provides the other party with written notification at least thirty (30) days prior to the expiration of the initial five (5) year term or any one (1) year renewal thereof of its intention to terminate this Agreement.",0,1,1,0,0,0
"CURAEGISTECHNOLOGIES,INC_05_26_2010-EX-1-CORPORATE SPONSORSHIP AGREEMENT","Upon termination of this Agreement, NEITHER PARTY SHALL BE LIABLE TO THE OTHER FOR ANY CONSEQUENTIAL, EXEMPLARY, SPECIAL, INCIDENTAL OR PUNITIVE DAMAGES, EVEN IF IT HAS BEEN ADVISED OF THE POSSIBILITY OF SUCH DAMAGES, WHICH ARE RELATED TO THE AGREEMENT OR ITS BREACH.",0,0,0,1,0,0
CYBERIANOUTPOSTINC_07_09_1998-EX-10.13-PROMOTION AGREEMENT,"CNET shall indemnify and hold the Company harmless from and against any costs, losses, liabilities and expenses, including all court costs, reasonable expenses and reasonable attorney's fees (collectively, ""Losses"") that the Company may suffer, incur or be subjected to by reason of any legal action, proceeding, arbitration or other claim by a third party, whether commenced or threatened, arising out of or as a result of (a) any breach or alleged breach by CNET of its representations, warranties or covenants hereunder; or (b) the operation of the CNET Sites (except in cases where the Company is required to indemnify CNET under the following paragraph), including claims of infringement or misappropriation of intellectual property rights.",0,0,0,1,0,0
CYBERIANOUTPOSTINC_07_09_1998-EX-10.13-PROMOTION AGREEMENT,"During the Term, CNET will not enter into more than two other agreements under which CNET receives consideration from a Competing Computer Products Retailer for displaying permanent links to or other fixed promotions for such Competing Computer Products Retailer on any CNET Site; provided that the foregoing will not restrict the display of(a) standard advertisements for any Competing Computer Products Retailer or its products or (b) any promotions within COMPUTERS.COM or within CNET's Snap! Online service (which are expressly excluded from this provision).",0,0,0,0,0,1
CYBERIANOUTPOSTINC_07_09_1998-EX-10.13-PROMOTION AGREEMENT,"NEITHER PARTY WILL BE LIABLE FOR ANY SPECIAL, INDIRECT, CONSEQUENTIAL OR INCIDENTAL DAMAGES ARISING OUT OF OR RELATED TO THIS AGREEMENT, HOWEVER CAUSED AND ON ANY THEORY OF LIABILITY (INCLUDING NEGLIGENCE), AND EVEN IF SUCH PARTY HAS BEEN ADVISED OF THE POSSIBILITY OF SUCH DAMAGES.",0,0,0,1,0,0
CYBERIANOUTPOSTINC_07_09_1998-EX-10.13-PROMOTION AGREEMENT,"The Company shall indemnify and hold CNET harmless from and against any Losses that CNET may suffer, incur or be subjected to by reason of any legal action, proceeding, arbitration or other claim by a third party, whether commenced or threatened, arising out of or as a result of (a) any breach or alleged breach by the Company of its representations, warranties or covenants hereunder; (b) the use by CNET of the Company Marks or any content provided by the Company to CNET expressly for display in connection with or as part of the Promotions, including claims of infringement or misappropriation of intellectual property rights; or (c) the operation of the Company Site or the offer or sale of the Products by the Company or through the Company Sit",0,0,0,1,0,0
CYBERIANOUTPOSTINC_07_09_1998-EX-10.13-PROMOTION AGREEMENT,"The Company shall indemnify and hold CNET harmless from and against any Losses that CNET may suffer, incur or be subjected to by reason of any legal action, proceeding, arbitration or other claim by a third party, whether commenced or threatened, arising out of or as a result of (a) any breach or alleged breach by the Company of its representations, warranties or covenants hereunder; (b) the use by CNET of the Company Marks or any content provided by the Company to CNET expressly for display in connection with or as part of the Promotions, including claims of infringement or misappropriation of intellectual property rights; or (c) the operation of the Company Site or the offer or sale of the Products by the Company or through the Company Site.",0,0,0,1,0,0
CYBERIANOUTPOSTINC_07_09_1998-EX-10.13-PROMOTION AGREEMENT,"provided that (a) either party may terminate this Agreement, effective at any time after the first three months of the Term, by giving 30 days' written notice of termination to the other party,",1,0,0,0,0,0
CardlyticsInc_20180112_S-1_EX-10.16_11002987_EX-10.16_Maintenance Agreement1,"Bank of America may terminate this Agreement, an Order and/or any Customization Schedule(s) for its convenience, without cause, at any time without further charge or expense upon at least forty-five (45) calendar days prior written notice to Supplier.",1,0,0,0,0,0
CardlyticsInc_20180112_S-1_EX-10.16_11002987_EX-10.16_Maintenance Agreement1,"In addition to the rights of Bank of America set forth in this Section, (a) If Bank of America terminates any Product License Schedule for material default by Supplier prior to the Acceptance Date of the Software, Bank of America shall be entitled to a full refund, within thirty (30) calendar days after notice of termination, of all license fees, Maintenance Fees and other fees paid",1,0,0,0,0,0
CardlyticsInc_20180112_S-1_EX-10.16_11002987_EX-10.16_Maintenance Agreement1,"Neither Party shall be liable to the other for any special, indirect, incidental, consequential, punitive or exemplary damages, including, but not limited to, lost profits, even if such Party alleged to be liable has knowledge of the possibility of such damages, provided, however, that the limitations set forth in this Section shall not apply to or in any way limit the obligations of the Section entitled ""Indemnity,"" the Section entitled ""Confidentiality and Information Protection,"" or Supplier's gross negligence or willful misconduct.",0,0,0,1,1,0
CardlyticsInc_20180112_S-1_EX-10.16_11002987_EX-10.16_Maintenance Agreement1,"hereunder; and (b) Bank of America may terminate Maintenance Services under any Product License Schedule or Order for convenience at any time, and Bank of America shall then have no obligation to pay any additional Maintenance Fees, other than for Maintenance Services performed through the date of termination.",1,0,0,0,0,0
CardlyticsInc_20180112_S-1_EX-10.16_11002987_EX-10.16_Maintenance Agreement4,"Bank of America may terminate Maintenance Services for convenience at any time in accordance with the Section entitled ""Termination"" of the Agreement.",1,0,0,0,0,0
CardlyticsInc_20180112_S-1_EX-10.16_11002987_EX-10.16_Maintenance Agreement4,"Thereafter, the Maintenance Term shall automatically renew for successive period, 12 months, on the terms and conditions of this Agreement unless Bank of America terminates Maintenance Services pursuant to this Agreement.",0,1,0,0,0,0
CcRealEstateIncomeFundadv_20181205_POS 8C_EX-99.(H)(3)_11447739_EX-99.(H)(3)_Marketing Agreement,"Any and all claims, losses, cost or expenses shall be limited to actual and direct costs.",0,0,0,1,0,0
CcRealEstateIncomeFundadv_20181205_POS 8C_EX-99.(H)(3)_11447739_EX-99.(H)(3)_Marketing Agreement,"In no event shall any party be responsible to the other for indirect, special or consequential damages.",0,0,0,1,0,0
CcRealEstateIncomeFundadv_20181205_POS 8C_EX-99.(H)(3)_11447739_EX-99.(H)(3)_Marketing Agreement,"Notwithstanding anything to the contrary herein, in no event shall S2K be entitled to receive fees or compensation that would cause a Fund's sales charges to exceed the maximum amount allowed under FINRA rules or applicable law.",0,0,0,1,0,0
CcRealEstateIncomeFundadv_20181205_POS 8C_EX-99.(H)(3)_11447739_EX-99.(H)(3)_Marketing Agreement,The term of this Agreement shall commence on the Effective Date and shall end on the 60th day following a written notice from one party to the other of its decision to terminate this Agreement at the end of such 60-day period or upon termination of the applicable Distribution Agreement with respect to a Fund.,1,0,0,0,0,0
CerenceInc_20191002_8-K_EX-10.4_11827494_EX-10.4_Intellectual Property Agreement,"This Agreement may be terminated by Nuance at any time, in its sole discretion, prior to the Distribution; provided, however, that this Agreement shall automatically terminate upon the termination of the Separation Agreement in accordance with its terms.",1,0,0,0,0,0
CerenceInc_20191002_8-K_EX-10.4_11827494_EX-10.4_Intellectual Property Agreement,"Without limiting the terms set forth in Section 6.09 of the Separation Agreement, none of Nuance, SpinCo or any other member of either Group shall in any event have any Liability to the other or to any other member of the other's Group under this Agreement for any indirect, special, punitive or consequential damages, whether or not caused by or resulting from negligence or breach of obligations hereunder and whether or not informed of the possibility of the existence of such damages.",0,0,0,1,0,0
ClickstreamCorp_20200330_1-A_EX1A-6 MAT CTRCT_12089935_EX1A-6 MAT CTRCT_Development Agreement,Client has the unilateral right to cancel this agreement at any time within a 7-day notice period.,1,0,0,0,0,0
ClickstreamCorp_20200330_1-A_EX1A-6 MAT CTRCT_12089935_EX1A-6 MAT CTRCT_Development Agreement,"The Developer shall not develop, maintain or market a similar platform and will not compete with the Client directly or indirectly worldwide.",0,0,0,0,0,1
CoherusBiosciencesInc_20200227_10-K_EX-10.29_12021376_EX-10.29_Development Agreement,"Bioeq may terminate this Agreement immediately upon written notice to Licensee, if Licensee conducts any clinical development of, markets, sells or distributes any Competitive Product in the Territory, whether directly or indirectly through the intermediary of a Third Party or its Affiliates (Restricted Activities);",0,0,0,0,0,1
CoherusBiosciencesInc_20200227_10-K_EX-10.29_12021376_EX-10.29_Development Agreement,"During the term of this Agreement, neither Party shall, and shall not permit its Affiliates to, nor grant any rights to any Third Party to, directly or indirectly, Commercialize, or Develop any New Product for Commercialization in the Territory, except as permitted in accordance with this Section 3.4.",0,0,0,0,0,1
CoherusBiosciencesInc_20200227_10-K_EX-10.29_12021376_EX-10.29_Development Agreement,"Except as otherwise specified in this Agreement, the Parties' respective rights and obligations under this Agreement shall commence on the Effective Date and shall remain in full force for ten (10) years after the First Commercial Sale of the first Licensed Product, and shall thereafter automatically renew for an unlimited period of time unless otherwise terminated in accordance with Section 15.2.",0,1,0,0,0,0
CoherusBiosciencesInc_20200227_10-K_EX-10.29_12021376_EX-10.29_Development Agreement,"Except for a breach of Section 11 (""Confidentiality""), and without limiting a Party's indemnification obligations hereunder, in no event shall either Party be liable to the other Party in any manner for any special, non- compensatory, consequential, indirect, incidental, statutory or punitive damages of any kind, including lost profits and lost revenue, regardless of the form of action, whether in contract, tort, product liability or otherwise, even if informed of or aware of the possibility of any such damages in advance, except to the extent that such limitation of liability is contrary to the Applicable Law or any such special, non-compensatory, consequential, indirect, incidental, statutory or punitive damages have been awarded to a Third Party under a Third Party Claim.",0,0,0,1,1,0
CoherusBiosciencesInc_20200227_10-K_EX-10.29_12021376_EX-10.29_Development Agreement,"Licensee may terminate this Agreement for convenience upon eighteen (18) months' advance written notice to Bioeq; provided, however, that any such termination for convenience shall not become effective prior to twelve (12) months after the First Commercial Sale of the first Licensed Product.",1,0,0,0,0,0
CoherusBiosciencesInc_20200227_10-K_EX-10.29_12021376_EX-10.29_Development Agreement,"Upon the consummation of such definitive agreement, if Licensee has not then divested all such Competitive Products such that a Competitor Change of Control has occurred, Bioeq may, upon sending written notice to Licensee within sixty (60) days thereafter, terminate this Agreement.",0,0,0,0,0,1
ConformisInc_20191101_10-Q_EX-10.6_11861402_EX-10.6_Development Agreement,CONFORMIS' LIABILITY ON A PER OCCURRENCE BASIS UNDER SECTION 7.3(A)(IV) SHALL NOT EXCEED THE GREATER OF (I) $[**] AND (II) THE AMOUNT OF INSURANCE COVERAGE ACTUALLY PAID TO CONFORMIS UNDER THEN-CURRENT INSURANCE POLICIES OF CONFORMIS IN RESPECT OF SUCH DAMAGES.,0,0,0,1,0,0
ConformisInc_20191101_10-Q_EX-10.6_11861402_EX-10.6_Development Agreement,"EXCEPT FOR [**], IN NO EVENT WILL EITHER PARTY BE LIABLE TO THE OTHER PARTY FOR [**], EVEN IF SUCH PARTY WAS ADVISED OR AWARE OF THE POSSIBILITY OF SUCH DAMAGES.",0,0,0,1,1,0
ConformisInc_20191101_10-Q_EX-10.6_11861402_EX-10.6_Development Agreement,"Notwithstanding anything to the contrary, Stryker's sole remedy and Conformis' exclusive liability for breach of Section 3.2 with respect to a Product or a Stryker Product shall be as set forth in Section 10.1(i) of the Distribution Agreement.",0,0,0,1,0,0
ConformisInc_20191101_10-Q_EX-10.6_11861402_EX-10.6_Development Agreement,"Such termination, together with the provisions of Section 5.2 of the License Agreement, constitutes as Stryker's sole remedy and Conformis' exclusive liability in the event of any such rejection or failure by Conformis to deliver materially conforming Deliverables hereunder so long as such rejection or failure does not arise from Conformis' fraud, willful misconduct, gross negligence or bad faith.",0,0,0,1,0,0
CreditcardscomInc_20070810_S-1_EX-10.33_362297_EX-10.33_Affiliate Agreement,Chase may revoke Affiliate's license at any time.,1,0,0,0,0,0
CreditcardscomInc_20070810_S-1_EX-10.33_362297_EX-10.33_Affiliate Agreement,"Chase shall have no liability for any indirect, incidental, special or consequential damages or any loss of revenue or profits arising under or with respect to this Agreement or the Affiliate Program, regardless of whether Chase has been advised of the possibility of such damages.",0,0,0,1,0,0
CreditcardscomInc_20070810_S-1_EX-10.33_362297_EX-10.33_Affiliate Agreement,"Either Affiliate or Chase may terminate this Agreement at any time, with or without cause, by giving the other party written or e-mail notice of termination.",1,0,0,0,0,0
CreditcardscomInc_20070810_S-1_EX-10.33_362297_EX-10.33_Affiliate Agreement,"Further, Chase's aggregate liability arising under or with respect to this Agreement or the Affiliate Program shall in no event exceed the total Commissions paid or payable by Chase to Affiliate under this Agreement.",0,0,0,1,0,0
CybergyHoldingsInc_20140520_10-Q_EX-10.27_8605784_EX-10.27_Affiliate Agreement,"COMPANY'S SOLE AND EXCLUSIVE LIABILITY FOR THE WARRANTY PROVIDED IN SUBPARAGRAH (A) HEREOF SHALL BE TO CORRECT THE TECHNOLOGY TO OPERATE IN SUBSTANTIAL ACCORDANCE WITH ITS THEN CURRENT SPECIFICATIONS OR REPLACE, AT ITS OPTION, THE TECHNOLOGY NOT IN COMPLIANCE WITH COMPANY'S AND COMPANY' PUBLISHED SPECIFICATIONS REGARDING THE TECHNOLOGY; PROVIDED, ANY CLAIM FOR BREACH OF WARRANTY UNDER SUBPARAGRAPH (A) HEREOF MUST BE MADE IN WRITING WITHIN (90) DAYS FROM DATE OF SHIPMENT",0,0,0,1,0,0
CybergyHoldingsInc_20140520_10-Q_EX-10.27_8605784_EX-10.27_Affiliate Agreement,"Company is not liable for incidental, special or consequential damages for any reason (including loss of data or other business or property damage), even if foreseeable or if MA or Customer has advised of such a claim.",0,0,0,1,0,0
CybergyHoldingsInc_20140520_10-Q_EX-10.27_8605784_EX-10.27_Affiliate Agreement,Company's liability shall not exceed the fees that MA has paid under this Agreement.,0,0,0,1,0,0
CybergyHoldingsInc_20140520_10-Q_EX-10.27_8605784_EX-10.27_Affiliate Agreement,"IN NO EVENT SHALL COMPANY BE LIABLE TO ""MA"", ITS CLIENTS, OR ANY THIRD PARTY FOR ANY TORT OR CONTRACT DAMAGES OR INDIRECT, SPECIAL, GENERAL, INCIDENTAL OR CONSEQUENTIAL DAMAGES, INCLUDING BUT NOT LIMITED TO, LOSS OF PROFITS OR ANTICIPATED PROFITS AND LOSS OF GOODWILL, ARISING IN CONNECTION WITH THE USE (OR INABILITY TO USE) OR DISTRIBUTION OF THE TECHNOLOGY FOR ANY PURPOSE WHATSOEVER.",0,0,0,1,0,0
CybergyHoldingsInc_20140520_10-Q_EX-10.27_8605784_EX-10.27_Affiliate Agreement,The foregoing states the entire liability of Company with respect to infringement of intellectual property rights.,0,0,0,1,0,0
CybergyHoldingsInc_20140520_10-Q_EX-10.27_8605784_EX-10.27_Affiliate Agreement,This Agreement may be terminated by either party at the expiration of its term or any renewal term upon thirty (30) days written notice to the other party.,0,0,1,0,0,0
CybergyHoldingsInc_20140520_10-Q_EX-10.27_8605784_EX-10.27_Affiliate Agreement,This agreement shall begin upon the date of its execution by MA and acceptance in writing by Company and shall remain in effect until the end of the current calendar year and shall be automatically renewed for successive one (1) year periods unless otherwise terminated according to the cancellation or termination provisions contained in paragraph 18 of this Agreement.,0,1,0,0,0,0
CytodynInc_20200109_10-Q_EX-10.5_11941634_EX-10.5_License Agreement,(c) Vyera breaches its obligations or covenants under Section 2.6 (Competitive Products);,0,0,0,0,0,1
CytodynInc_20200109_10-Q_EX-10.5_11941634_EX-10.5_License Agreement,"(c) at any time following the second (2nd) anniversary of the First Commercial Sale of the Licensed Product, for any reason or no reason, upon one hundred eighty (180) days' written notice to CytoDyn.",1,0,0,0,0,0
CytodynInc_20200109_10-Q_EX-10.5_11941634_EX-10.5_License Agreement,CytoDyn shall have the right to terminate this Agreement in its entirety upon written notice to Vyera on the occurrence of any of the following:,0,0,0,0,0,1
CytodynInc_20200109_10-Q_EX-10.5_11941634_EX-10.5_License Agreement,"EXCEPT FOR A PARTY'S OBLIGATIONS SET FORTH IN THIS ARTICLE 13, AND ANY BREACH OF ARTICLE 10 (CONFIDENTIALITY), IN NO EVENT WILL EITHER PARTY BE LIABLE TO THE OTHER PARTY (OR THE OTHER PARTY'S AFFILIATES OR SUBLICENSEES) IN CONNECTION WITH THIS AGREEMENT FOR LOST REVENUE, LOST PROFITS, LOST ROYALTIES, LOST SAVINGS, LOSS OF USE, DAMAGE TO GOODWILL, OR ANY CONSEQUENTIAL, INCIDENTAL, SPECIAL, EXEMPLARY, PUNITIVE OR INDIRECT DAMAGES IN CONNECTION WITH THIS AGREEMENT, HOWEVER CAUSED, UNDER ANY THEORY OF LIABILITY, INCLUDING CONTRACT, NEGLIGENCE, OR STRICT LIABILITY, EVEN IF THAT PARTY HAS BEEN PLACED ON NOTICE OF THE POSSIBILITY OF SUCH DAMAGES.",0,0,0,1,1,0
CytodynInc_20200109_10-Q_EX-10.5_11941634_EX-10.5_License Agreement,"Except as expressly required under this Agreement, Vyera hereby covenants not to Develop, Manufacture, Commercialize or otherwise exploit a Competitive Product in the Territory during the Royalty Term, including by means of an Affiliate.",0,0,0,0,0,1
CytodynInc_20200109_10-Q_EX-10.5_11941634_EX-10.5_License Agreement,"FOR CLARITY AND NOTWITHSTANDING THE PROVISIONS OF THE FIRST SENTENCE OF THIS SECTION 13.5, ROYALTIES AND MILESTONES PAYABLE TO CYTODYN IN CONNECTION WITH VYERA'S COMMERCIALIZATION OF LICENSED PRODUCTS IN ACCORDANCE WITH THE TERMS OF THIS AGREEMENT COULD CONSTITUTE DIRECT DAMAGES TO THE EXTENT AWARDED IN ACCORDANCE WITH ARTICLE 12.",0,0,0,1,0,0
CytodynInc_20200109_10-Q_EX-10.5_11941634_EX-10.5_License Agreement,Vyera shall have the right to terminate this Agreement in its entirety:,1,0,0,0,0,0
DIVERSINETCORP_03_01_2012-EX-4-RESELLER AGREEMENT,"After the first year and upon 180 days written notice, Reseller may terminate the AMC.",1,0,0,0,0,0
DIVERSINETCORP_03_01_2012-EX-4-RESELLER AGREEMENT,"EXCEPT TO THE EXTENT DIRECT FORESEEABLE DAMAGES, IN NO EVENT SHALL DIVERSINET BE LIABLE FOR ANY INDIRECT, SPECIAL, INCIDENTAL OR CONSEQUENTIAL DAMAGES (INCLUDING WITHOUT LIMITATION ANY COMMERCIAL DAMAGES OR LOSSES) AS A RESULT OF THE USE, SALE OR DISTRIBUTION OF THE BUNDLED PRODUCT, WHETHER BY WAY OF A LEGAL THEORY OF CONTRACT, TORT (INCLUDING NEGLIGENCE), PRODUCT LIABILITY, STRICT LIABILITY, OR ANY OTHER THEORY, EVEN IF DIVERSINET HAS BEEN INFORMED OF THE POSSIBILITY OF SUCH DAMAGES.",0,0,0,1,1,0
DIVERSINETCORP_03_01_2012-EX-4-RESELLER AGREEMENT,"NOTWITHSTANDING THE ABOVE, IN NO EVENT SHALL DIVERSINET'S LIABILITY RELATING TO THIS AGREEMENT (OR THE BUNDLED PRODUCT) EXCEED ONE HUNDRED PERCENT (100%) OF THE AGGREGATE AMOUNT OF THE LICENSE FEES, ROYALTIES AND SUPPORT FEES PAID BY RESELLER IN THE TWELVE (12) MONTH PERIOD PRECEDING THE EVENT OR CIRCUMSTANCE GIVING RISE TO THE ALLEGED LIABILITY ON THE PART OF DIVERSINET.",0,0,0,1,0,0
DIVERSINETCORP_03_01_2012-EX-4-RESELLER AGREEMENT,"No action against Diversinet regardless of form, including negligence, arising out of any claimed breach of this Agreement or transactions under this Agreement may be brought by Reseller more than two years after the cause of action has accrued.",0,0,0,1,0,0
DIVERSINETCORP_03_01_2012-EX-4-RESELLER AGREEMENT,"THE FOREGOING STATES OUT THE ENTIRE LIABILITY OF DIVERSINET, AND THE SOLE AND EXCLUSIVE REMEDY OF RESELLER AND END-USER, WITH RESPECT TO THE INFRINGEMENT OF INTELLECTUAL PROPERTY RIGHTS BY THE PRODUCTS.",0,0,0,1,0,0
DIVERSINETCORP_03_01_2012-EX-4-RESELLER AGREEMENT,"The limitations set forth in Section 15(a), (b), (c), (d) and (e) shall not apply in respect of (i) breach of confidentiality obligations; (ii) breach of privacy provisions as detailed in Schedule 6; (iii) the intellectual property indemnity; (iv) any Abandonment committed by Diversinet; or (v) any willful gross misconduct (including fraud). ""Abandonment"" means Diversinet's cessation or suspension of, or refusal to perform, its obligations under this Agreement, and such cessation, suspension or refusal (i) was knowingly intended by Diversinet to cause harm to Reseller, and (ii) was not the result of a termination of this Agreement by Diversinet in accordance with Section 4 (Termination).",0,0,0,0,1,0
DIVERSINETCORP_03_01_2012-EX-4-RESELLER AGREEMENT,"Upon expiration of the Initial Term, this Agreement shall automatically renew for consecutive one (1) year periods, unless terminated by Reseller within sixty (60) days prior to the expiration of the Initial Term or any renewal term, as the case may be (the Initial Term and each renewal term, collectively, the ""Term"").",0,1,1,0,0,0
DIVERSINETCORP_03_01_2012-EX-4-RESELLER AGREEMENT,"With respect to the Operation Warranty, Reseller's sole remedy, and Diversinet's sole obligation, shall be to cause the Product to operate substantially in accordance with its documentation in a timely manner.",0,0,0,1,0,0
DOMINIADVISORTRUST_02_18_2005-EX-99.(H)(2)-SPONSORSHIP AGREEMENT,Limitation of Liability of the Sponsor.,0,0,0,1,0,0
DOMINIADVISORTRUST_02_18_2005-EX-99.(H)(2)-SPONSORSHIP AGREEMENT,"This Agreement may be terminated at any time, without the payment of any penalty, with respect to any series or the Trust, by the Board of Trustees of the Trust, or by the Sponsor, in each case on not less than 60 days' written notice to the other party.",1,0,0,0,0,0
DRAGONSYSTEMSINC_01_08_1999-EX-10.17-OUTSOURCING AGREEMENT,Dragon may terminate this agreement without cause by giving sixty (60) days written notice to MMI.,1,0,0,0,0,0
DRAGONSYSTEMSINC_01_08_1999-EX-10.17-OUTSOURCING AGREEMENT,MMI shall not be liable for indirect or consequential damages unless caused by intention or gross negligence.,0,0,0,1,0,0
"DRIVENDELIVERIES,INC_05_22_2020-EX-10.4-CONSULTING AGREEMENT","Consultant does not presently perform or intend to perform, during the term of this Agreement, consulting or other services for, or engage in or intend to engage in an employment relationship with, companies who businesses or proposed businesses in any way involve products or services which would be competitive with the Company's products or services, or those products or services proposed or in development by the Company during the term of this Agreement.",0,0,0,0,0,1
"DRIVENDELIVERIES,INC_05_22_2020-EX-10.4-CONSULTING AGREEMENT","Either Party may terminate this Agreement, with or without cause, upon giving the other party thirty (30) days prior written notice of such termination pursuant to Section 12.7 of this Agreement.",1,0,0,0,0,0
"DRIVENDELIVERIES,INC_05_22_2020-EX-10.4-CONSULTING AGREEMENT","IN NO EVENT SHALL COMPANY BE LIABLE TO CONSULTANT OR TO ANY OTHER PARTY FOR ANY INDIRECT, INCIDENTAL, SPECIAL OR CONSEQUENTIAL DAMAGES, OR DAMAGES FOR LOST PROFITS OR LOSS OF BUSINESS, HOWEVER CAUSED AND UNDER ANY THEORY OF LIABILITY, WHETHER BASED IN CONTRACT, TORT (INCLUDING NEGLIGENCE) OR OTHER THEORY OF LIABILITY, REGARDLESS OF WHETHER COMPANY WAS ADVISED OF THE POSSIBILITY OF SUCH DAMAGES AND NOTWITHSTANDING THE FAILURE OF ESSENTIAL PURPOSE OF ANY LIMITED REMEDY.",0,0,0,1,0,0
"DRIVENDELIVERIES,INC_05_22_2020-EX-10.4-CONSULTING AGREEMENT","IN NO EVENT SHALL COMPANY'S AGGREGATE LIABILITY ARISING OUT OF OR IN CONNECTION WITH THIS AGREEMENT EXCEED THE AMOUNTS PAID BY COMPANY TO CONSULTANT UNDER THIS AGREEMENT FOR THE SERVICES, DELIVERABLES OR INVENTION GIVING RISE TO SUCH LIABILITY.",0,0,0,1,0,0
DRKOOPCOMINC_04_21_1999-EX-10.28-SPONSORSHIP AGREEMENT,"EXCEPT AS SET FORTH IN SECTION 6.3, IN NO EVENT SHALL EITHER PARTY BE LIABLE TO THE OTHER FOR ANY SPECIAL, INCIDENTAL, CONSEQUENTIAL OR PUNITIVE DAMAGES ARISING OUT OF THIS AGREEMENT OR ITS TERMINATION, WHETHER LIABILITY IS ASSERTED IN CONTRACT, TORT (INCLUDING NEGLIGENCE) STRICT LIABILITY OR OTHERWISE AND IRRESPECTIVE OF WHETHER SUCH PARTY HAS BEEN ADVISED OF THE POSSIBILITY OF ANY SUCH LOSS OR DAMAGE.",0,0,0,1,1,0
"DUOSTECHNOLOGIESGROUP,INC_04_21_2009-EX-10.1-STRATEGIC ALLIANCE AGREEMENT","During the period beginning on the Effective Date and ending on the later of (i) the end of the Initial Term and (ii) the date falling two years after completion of the most recent services provided by Rubicon under clause 7 (the ""Non-Competition Period"") and in the ISA Geographic Area, as defined below, Rubicon agrees not to in any capacity, engage or have a financial interest in any ISA Competing Business, as defined below, or provide managerial, supervisory, administrative, or financial services relating to any ISA Competing Business, including making available any information or funding to any such ISA Competing Business.",0,0,0,0,0,1
"DUOSTECHNOLOGIESGROUP,INC_04_21_2009-EX-10.1-STRATEGIC ALLIANCE AGREEMENT","During the period beginning on the Effective Date and ending on the later of (i) the end of the Initial Term and (ii) the date falling two years after completion of the most recent services provided by Rubicon under clause 7 (the ""Non-Competition Period"") and in the Rubicon Geographic Area, as defined below, ISA agrees not to in any capacity, engage or have a financial interest in any Rubicon Competing Business, as defined below, or provide managerial, supervisory, administrative, or financial services relating to any Rubicon Competing Business, including making available any information or funding to any such Rubicon Competing Business.",0,0,0,0,0,1
"DUOSTECHNOLOGIESGROUP,INC_04_21_2009-EX-10.1-STRATEGIC ALLIANCE AGREEMENT","EXCEPT IN CONNECTION WITH A BREACH BY EITHER PARTY OF SECTION 8, EACH PARTY'S LIABILITY FOR DAMAGES HEREUNDER (OTHER THAN IN RESPECT OF ANY CLAIM FOR MONIES DUE) SHALL NOT EXCEED £200,000.",0,0,0,1,1,0
"DUOSTECHNOLOGIESGROUP,INC_04_21_2009-EX-10.1-STRATEGIC ALLIANCE AGREEMENT","EXCEPT IN CONNECTION WITH A BREACH BY EITHER PARTY OF SECTION 8, NEITHER PARTY WILL BE LIABLE FOR ANY SPECIAL, INDIRECT, CONSEQUENTIAL, EXEMPLARY, PUNITIVE OR INCIDENTAL DAMAGES ARISING OUT OF OR RELATED TO THIS AGREEMENT, HOWEVER CAUSED AND UNDER ANY THEORY OF LIABILITY (INCLUDING NEGLIGENCE), EVEN IF SUCH PARTY HAS BEEN ADVISED OF THE POSSIBILITY OF SUCH DAMAGES",0,0,0,1,0,0
"DUOSTECHNOLOGIESGROUP,INC_04_21_2009-EX-10.1-STRATEGIC ALLIANCE AGREEMENT","EXCEPT IN CONNECTION WITH A BREACH BY EITHER PARTY OF SECTION 8, NEITHER PARTY WILL BE LIABLE FOR ANY SPECIAL, INDIRECT, CONSEQUENTIAL, EXEMPLARY, PUNITIVE OR INCIDENTAL DAMAGES ARISING OUT OF OR RELATED TO THIS AGREEMENT, HOWEVER CAUSED AND UNDER ANY THEORY OF LIABILITY (INCLUDING NEGLIGENCE), EVEN IF SUCH PARTY HAS BEEN ADVISED OF THE POSSIBILITY OF SUCH DAMAGES.",0,0,0,0,1,0
"DUOSTECHNOLOGIESGROUP,INC_04_21_2009-EX-10.1-STRATEGIC ALLIANCE AGREEMENT","Unless terminated sooner, the term of this Agreement shall begin on the Effective Date and continue for three (3) years thereafter (the ""Initial Term"") and shall automatically renew for additional one (1) year terms on the terms and conditions set forth herein (each a ""Renewal Term"" and collectively, the ""Term"") unless either party gives the other Party Notice of its intention to terminate this Agreement ninety (90) days before the end of the Initial Term or Renewal Term, if any.",0,1,1,0,0,0
DYNAMEXINC_06_06_1996-EX-10.4-TRANSPORTATION SERVICES AGREEMENT,"Either Party may terminate this Agreement, without cause, by giving two (2) years written notice.",1,0,0,0,0,0
DYNAMEXINC_06_06_1996-EX-10.4-TRANSPORTATION SERVICES AGREEMENT,"In the event this Agreement is terminated pursuant to the provisions of paragraph 17, then the Party in default shall not enter into an agreement with any other Party to provide services similar to those provided herein or to provide its services similar to those provided for herein without an agreement, for a period of six (6) months from the effective date of termination.",0,0,0,0,0,1
DYNAMEXINC_06_06_1996-EX-10.4-TRANSPORTATION SERVICES AGREEMENT,"In the event this Agreement is terminated pursuant to the provisions of paragraph 19.2, then the Party whose control has changed shall not enter into an agreement with any other Party to provide services similar to those provided herein or to provide its services similar to those provided for herein without an agreement, for a period of twelve (12) months from the effective date of termination.",0,0,0,0,0,1
DYNAMEXINC_06_06_1996-EX-10.4-TRANSPORTATION SERVICES AGREEMENT,"Notwithstanding anything contained herein to the contrary, the indemnifying party's liability to the other hereunder shall not exceed the insurance coverage set out in Section 9.0.",0,0,0,1,0,0
DYNAMEXINC_06_06_1996-EX-10.4-TRANSPORTATION SERVICES AGREEMENT,Such liability shall not exceed the other Party's contractual liability to its customers.,0,0,0,1,0,0
DYNAMEXINC_06_06_1996-EX-10.4-TRANSPORTATION SERVICES AGREEMENT,"The Parties acknowledge that their contract of carriage with their customers provides that liability for loss, damage or delay, including liability for consequential loss, is limited to Four Dollars and Forty One Cents ($4.41) per kilogram or Two Dollars ($2.00) per pound unless a higher value has been declared for insurance purposes.",0,0,0,1,0,0
DYNTEKINC_07_30_1999-EX-10-ONLINE HOSTING AGREEMENT,"Diplomat or Tadeo, if such party is not in default of the terms of this Agreement, may extend the term of this Agreement for an additional one year (""Additional Period""), provided the extending party gives the other party at least sixty (60) days advance written notice before the end of the Period.",0,1,0,0,0,0
DYNTEKINC_07_30_1999-EX-10-ONLINE HOSTING AGREEMENT,Upon Diplomat giving Tadeo at least sixty (60) days advance written notice of termination of this Agreement.,1,0,0,0,0,0
DataCallTechnologies_20060918_SB-2A_EX-10.9_944510_EX-10.9_Content License Agreement,The Initial Term shall automatically be extended for an additional period of half a year unless either party provides the other party with written notification of termination of the letter Agreement at least 60 days prior to end of such period.,0,1,1,0,0,0
DeltathreeInc_19991102_S-1A_EX-10.19_6227850_EX-10.19_Co-Branding Agreement_ Service Agreement,"IN NO EVENT SHALL DELTATHREE BE LIABLE TO PRIMECALL FOR ANY SPECIAL, INCIDENTIAL OR CONSEQUENTIAL DAMAGES, INCLUDING, WITHOUT LIMITATION, LOSS OF PROFITS, REVENUES OR DATA WHETHER BASED ON BREACH OF CONTRACT, TORT OR OTHERWISE, WHETHER OR NOT PRIMECALL HAS BEEN ADVISED OF THE POSSIBILITY OF SUCH DAMAGE.",0,0,0,1,0,0
DeltathreeInc_19991102_S-1A_EX-10.19_6227850_EX-10.19_Co-Branding Agreement_ Service Agreement,"IN NO EVENT SHALL PRIMECALL BE LIABLE TO DELTATHREE FOR ANY SPECIAL, INCIDENTIAL OR CONSEQUENTIAL DAMAGES, INCLUDING, WITHOUT LIMITATION, LOSS OF PROFITS, REVENUES OR DATA WHETHER BASED ON BREACH OF CONTRACT, TORT OR OTHERWISE, WHETHER OR NOT DELTATHREE HAS BEEN ADVISED OF THE POSSIBILITY OF SUCH DAMAGE.",0,0,0,1,0,0
DeltathreeInc_19991102_S-1A_EX-10.19_6227850_EX-10.19_Co-Branding Agreement_ Service Agreement,"THE LIABILITY OF DELTATHREE FOR DAMAGES OR ALLEGED DAMAGES HEREUNDER, WHETHER IN CONTRACT, TORT OR ANY OTHER LEGAL THEORY, IS LIMITED TO, AND WILL NOT EXCEED, PRIMECALL'S DIRECT DAMAGES.",0,0,0,1,0,0
DeltathreeInc_19991102_S-1A_EX-10.19_6227850_EX-10.19_Co-Branding Agreement_ Service Agreement,"THE LIABILITY OF PRIMECALL FOR DAMAGES OR ALLEGED DAMAGES HEREUNDER, WHETHER IN CONTRACT, TORT OR ANY OTHER LEGAL THEORY, IS LIMITED TO, AND WILL NOT EXCEED, DELTATHREE'S DIRECT DAMAGES.",0,0,0,1,0,0
DigitalCinemaDestinationsCorp_20111220_S-1_EX-10.10_7346719_EX-10.10_Affiliate Agreement,"During the Term, except as otherwise provided in this Agreement, Network Affiliate and its affiliates agree not to engage or participate in any business, hold equity interests, directly or indirectly, in another entity, whether currently existing or hereafter created, or participate in any other joint venture that competes or would compete with any business that NCM is authorized to conduct in the Territory pursuant to this Agreement, whether or not NCM is actually conducting such business in a particular portion of the Territory.",0,0,0,0,0,1
DigitalCinemaDestinationsCorp_20111220_S-1_EX-10.10_7346719_EX-10.10_Affiliate Agreement,"EXCEPT IN CONNECTION WITH A BREACH OF ARTICLE XIII OF THIS AGREEMENT AND WITH THE EXCEPTION OF THE INDEMNIFICATION OBLIGATIONS OF THE PARTIES UNDER ARTICLE X, IN NO EVENT SHALL EITHER PARTY BE LIABLE TO THE OTHER PARTY OR ANY OTHER PERSON OR ENTITY FOR ANY INDIRECT, INCIDENTAL, CONSEQUENTIAL, SPECIAL, PUNITIVE, EXEMPLARY, OR EXTRA-CONTRACTUAL DAMAGES OF ANY KIND WHATSOEVER ARISING FROM OR CONNECTED WITH THIS AGREEMENT, INCLUDING, BUT NOT LIMITED TO, LOST PROFITS, LOST REVENUES, OR LOSS OF BUSINESS, REGARDLESS OF LEGAL THEORY, WHETHER OR NOT FORESEEABLE, EVEN IF EITHER PARTY HERETO HAS BEEN ADVISED OF THE POSSIBILITY OR PROBABILITY OF SUCH DAMAGES AND EVEN IF THE REMEDIES OTHERWISE PROVIDED BY THIS AGREEMENT FAIL OF THEIR ESSENTIAL PURPOSE.",0,0,0,1,1,0
DigitalCinemaDestinationsCorp_20111220_S-1_EX-10.10_7346719_EX-10.10_Affiliate Agreement,"EXCEPT IN CONNECTION WITH A BREACH OF ARTICLE XIV HEREUNDER, AND WITH THE EXCEPTION OF THE INDEMNIFICATION OBLIGATIONS OF THE PARTIES UNDER ARTICLE X, THE AGGREGATE TOTAL LIABILITY OF EITHER PARTY TO THE OTHER PARTY AND TO ALL OTHER PERSONS AND ENTITIES UNDER THIS AGREEMENT SHALL UNDER NO CIRCUMSTANCES EXCEED THE AMOUNT OF THE NET REVENUE RECEIVED BY NCM PURSUANT TO SECTION 7.2 OF THIS AGREEMENT DURING THE FIVE (5) YEAR PERIOD PRECEDING SUCH LIABILITY, LESS IN ANY CASE THE AGGREGATE OF ANY AMOUNTS PAID BY NCM HEREUNDER ON ACCOUNT OF PREVIOUS EVENTS OF LIABILITY.",0,0,0,1,1,0
DigitalCinemaDestinationsCorp_20111220_S-1_EX-10.10_7346719_EX-10.10_Affiliate Agreement,"The obligations under this Section 10.3 state the entire liability of NCM and are Network Affiliate's sole and exclusive remedies, with respect to intellectual property infringement.",0,0,0,1,0,0
DovaPharmaceuticalsInc_20181108_10-Q_EX-10.2_11414857_EX-10.2_Promotion Agreement,Either Party shall have the right to terminate this Agreement before the end of the Term for its convenience upon [***] written notice to the other Party (and any such termination shall become effective at the end of such [***]); [***].,1,0,0,0,0,0
DovaPharmaceuticalsInc_20181108_10-Q_EX-10.2_11414857_EX-10.2_Promotion Agreement,"NOTWITHSTANDING ANY OTHER PROVISION CONTAINED HEREIN (OTHER THAN AS SET FORTH IN THE SECOND SENTENCE OF THIS SECTION 11.4), IN NO EVENT SHALL DOVA (OR ITS AFFILIATES) OR VALEANT (OR ITS AFFILIATES) BE LIABLE TO THE OTHER OR ANY OF THE OTHER PARTY'S AFFILIATES FOR ANY CONSEQUENTIAL, INCIDENTAL, INDIRECT, SPECIAL, PUNITIVE OR EXEMPLARY DAMAGES (INCLUDING LOST PROFITS) SUFFERED OR INCURRED BY SUCH OTHER PARTY OR ITS AFFILIATES THAT ARISE OUT OF OR RELATE TO THIS AGREEMENT OR IN CONNECTION WITH A BREACH OR ALLEGED BREACH OF THIS AGREEMENT, WHETHER IN CONTRACT, TORT, STRICT LIABILITY OR OTHERWISE, AND REGARDLESS OF ANY NOTICE OF THE POSSIBILITY OF SUCH DAMAGES.",0,0,0,1,0,0
DovaPharmaceuticalsInc_20181108_10-Q_EX-10.2_11414857_EX-10.2_Promotion Agreement,"Notwithstanding the above, the sole remedy of Dova for breach of this Section 4.1.2 shall be (i) the adjustment to the promotion fee as set forth in Section 6.1.2 and (ii) the termination right set out in Section 12.2.2.",0,0,0,1,0,0
DovaPharmaceuticalsInc_20181108_10-Q_EX-10.2_11414857_EX-10.2_Promotion Agreement,"THE FOREGOING SENTENCE SHALL NOT LIMIT (1) THE OBLIGATIONS OF EITHER PARTY TO INDEMNIFY THE OTHER PARTY FROM AND AGAINST THIRD PARTY CLAIMS UNDER SECTION 11.1 OR 11.2, AS APPLICABLE, OR (2) DAMAGES AVAILABLE FOR A PARTY'S BREACH OF THE CONFIDENTIALITY AND NON-USE OBLIGATIONS IN ARTICLE 9.",0,0,0,0,1,0
DovaPharmaceuticalsInc_20181108_10-Q_EX-10.2_11414857_EX-10.2_Promotion Agreement,"[***], neither Valeant nor its Affiliates shall, directly or indirectly, [***] in the Territory other than the Product; provided that if the Agreement is terminated by Dova pursuant to [***], then any Tail Period shall be immediately terminated if either Valeant or any of its Affiliates, directly or indirectly, [***] in the Territory other than the Product during such Tail Period.",0,0,0,0,0,1
ELANDIAINTERNATIONALINC_04_25_2007-EX-10.21-Outsourcing Agreement,Datec may terminate the whole or any part of this agreement for convenience at any time by giving the BSP at least 6 months prior written notice.,1,0,0,0,0,0
ELANDIAINTERNATIONALINC_04_25_2007-EX-10.21-Outsourcing Agreement,The BSP may terminate the whole or any part of this agreement for convenience at any time by giving Datec at least 6 months prior written notice.,1,0,0,0,0,0
ELANDIAINTERNATIONALINC_04_25_2007-EX-10.21-Outsourcing Agreement,The BSP then have the option to renew the agreement for another 5 years subject to any restructuring of the agreement as required by the parties.,0,1,0,0,0,0
ELECTRAMECCANICA VEHICLES CORP. - Manufacturing Agreement,"This Agreement shall have a term of four (4) years from the effective date first set forth above, and shall automatically renew for additional one year terms unless earlier terminated by either party.",0,1,0,0,0,0
EMERALDHEALTHTHERAPEUTICSINC_06_10_2020-EX-4.5-CONSULTING AGREEMENT - DR. GAETANO MORELLO N.D. INC.,The Company may terminate this Agreement and the engagement of the Contractor without Cause at any time on 30 days prior written notice.,1,0,0,0,0,0
EMERALDHEALTHTHERAPEUTICSINC_06_10_2020-EX-4.5-CONSULTING AGREEMENT - DR. GAETANO MORELLO N.D. INC.,"The Contractor may terminate this Agreement and his or her engagement for any reason at any time upon providing 30 days advance notice in writing to Emerald. Termination will be effective, at Emeralds' election, on a date which is no earlier than the date such notice is received and no later than the date which is 30 days following that date.",1,0,0,0,0,0
ENERGOUSCORP_03_16_2017-EX-10.24-STRATEGIC ALLIANCE AGREEMENT,"DIALOG will have the right to terminate this Agreement immediately upon the issuance of written notice to ENERGOUS (A) if ENERGOUS undergoes a Change of Control involving a competitor of DIALOG, or (B) if ENERGOUS acquires, whether directly through a sale of assets or through a Change of Control transaction, any competitor of DIALOG (as reasonably determined by DIALOG). ENERGOUS will provide DIALOG with notice of any such Change of Control or acquisition within [***] after the closing thereof and DIALOG's right to terminate the Agreement will expire [***] after receipt of such notice.",0,0,0,0,0,1
ENERGOUSCORP_03_16_2017-EX-10.24-STRATEGIC ALLIANCE AGREEMENT,"ENERGOUS may, at any time after the third anniversary of the Effective Date, terminate this Agreement with or without cause upon not less than one hundred and eighty (180) days prior written notice to DIALOG.",1,0,0,0,0,0
ENERGOUSCORP_03_16_2017-EX-10.24-STRATEGIC ALLIANCE AGREEMENT,"ENERGOUS will have the right to terminate this Agreement, upon not less than [***] prior written notice to DIALOG, in the event that, following termination by the [***] of its agreement with ENERGOUS, DIALOG participates in or indicates its intention to participate in the development, design or manufacture of products incorporating Uncoupled Power Transfer Technology not provided by ENERGOUS to [***].",0,0,0,0,0,1
ENERGOUSCORP_03_16_2017-EX-10.24-STRATEGIC ALLIANCE AGREEMENT,"EXCEPT IN THE CASE OF (a) ANY BREACH OF SECTION 10 (CONFIDENTIALITY), (b) THE PARTIES' OBLIGATIONS UNDER SECTION 12 (INDEMNIFICATION), (c) A PARTY'S GROSS NEGLIGENCE OR WILLFUL MISCONDUCT, OR (d) LIABILITY ARISING FROM EPIDEMIC DEFECTS (WHICH WILL BE SUBJECT TO THE LIMITATION SET FORTH IN SECTION 11.2(d)), IN NO EVENT WILL EITHER PARTY BE LIABLE UNDER THIS AGREEMENT, REGARDLESS OF THE FORM OF ANY CLAIM OR ACTION (WHETHER IN CONTRACT, NEGLIGENCE, STRICT LIABILITY OR OTHERWISE), FOR ANY (i) INDIRECT, PUNITIVE, INCIDENTAL, RELIANCE, SPECIAL, EXEMPLARY OR CONSEQUENTIAL DAMAGES, INCLUDING, BUT NOT LIMITED TO, LOSS OF BUSINESS, REVENUES, PROFITS OR GOODWILL, OR (ii) AGGREGATE DAMAGES IN EXCESS OF [***].",0,0,0,1,1,0
ENERGOUSCORP_03_16_2017-EX-10.24-STRATEGIC ALLIANCE AGREEMENT,"IN ADDITION, ENERGOUS' LIABILITY WITH RESPECT TO ITS OBLIGATIONS UNDER SECTION 12.1(b) SHALL IN NO EVENT EXCEED [***].",0,0,0,1,0,0
ENERGOUSCORP_03_16_2017-EX-10.24-STRATEGIC ALLIANCE AGREEMENT,"In the event any warranty claim is due to or arises from an Epidemic Defect, ENERGOUS will be responsible for all costs and expenses directly incurred by DIALOG or its Affiliates or their respective customers as a result of reasonable inspection, servicing, repairs, replacements, recall notices, recalls and responses with respect thereto, provided that ENERGOUS' aggregate liability to DIALOG and its Affiliates and their respective customers under this paragraph (d) will not exceed [***] per occurrence of an Epidemic Defect.",0,0,0,1,0,0
ENERGOUSCORP_03_16_2017-EX-10.24-STRATEGIC ALLIANCE AGREEMENT,"Unless earlier terminated as provided herein, this Agreement continues in effect for an initial term of seven (7) years (""Initial Term"") and will automatically renew for one or more annual periods after the Initial Term (each a ""Renewal Term"") unless either party gives notice of non-renewal at least one hundred eighty (180) days prior to the beginning of any Renewal Term.",0,1,1,0,0,0
ENERGOUSCORP_03_16_2017-EX-10.24-STRATEGIC ALLIANCE AGREEMENT,"Until expiration or earlier termination of the Agreement, DIALOG agrees that it and its Affiliates will not, without ENERGOUS' written approval, intentionally sell, distribute or work with any third party to develop products incorporating any Uncoupled Power Transfer Technology other than Licensed Products; provided, however, that DIALOG shall not be under any such restrictions in relation to services or products it provides to the Key Customer in the event the Key Customer terminates its agreement with ENERGOUS.",0,0,0,0,0,1
ENERGYXXILTD_05_08_2015-EX-10.13-Transportation AGREEMENT,"EXCEPT WITH REGARD TO OBLIGATIONS TO INDEMNIFY A PARTY FOR CLAIMS MADE BY THIRD PARTIES, NEITHER PARTY SHALL BE LIABLE TO THE OTHER PARTY (OR ITS AFFILIATES) PURSUANT TO THIS AGREEMENT FOR ANY CONSEQUENTIAL, INCIDENTAL, INDIRECT, OR SPECIAL DAMAGES OR LOSSES OR ANY PUNITIVE, EXEMPLARY, TREBLE, OR SIMILAR DAMAGES ARISING OUT OF OR RELATING TO THIS AGREEMENT OR THE PERFORMANCE OF, OR FAILURE TO PERFORM, ITS OBLIGATIONS HEREUNDER, EVEN IF SUCH DAMAGES OR LOSSES ARE CAUSED BY THE SOLE, JOINT, OR CONCURRENT NEGLIGENCE, STRICT LIABILITY, OR OTHER FAULT OF THE PARTY WHOSE LIABILITY IS BEING WAIVED HEREBY.",0,0,0,1,1,0
ENERGYXXILTD_05_08_2015-EX-10.13-Transportation AGREEMENT,"Subject to the other provisions of this Agreement, the term of this Agreement shall commence on the Effective Date and shall remain in effect until terminated by either Party upon thirty (30) days' prior written notice.",1,1,1,0,0,0
ENTERPRISEPRODUCTSPARTNERSLP_07_08_1998-EX-10.3-TRANSPORTATION CONTRACT,"A claim must be filed with Carrier within thirty (30) days from the date the shipment in question was delivered, and (i) contain facts sufficient to identify the shipment (or shipments) involved (ii) assert the grounds for Carrier's liability for alleged loss, damage, injury, or delay, and (iii) request payment of a specified or determinable amount of money.",0,0,0,1,0,0
ENTERPRISEPRODUCTSPARTNERSLP_07_08_1998-EX-10.3-TRANSPORTATION CONTRACT,"In no event shall Carrier be liable for any lost profits or special, indirect or consequential damages.",0,0,0,1,0,0
ENTERPRISEPRODUCTSPARTNERSLP_07_08_1998-EX-10.3-TRANSPORTATION CONTRACT,"This contract shall be for a term of one year commencing on the date first above written; thereafter, it shall automatically continue until terminated by either party upon not less than thirty (30) days prior written notice to the other party.",1,1,1,0,0,0
ENTERTAINMENTGAMINGASIAINC_02_15_2005-EX-10.5-DISTRIBUTOR AGREEMENT,"4.4. Subject to Section 4.5 of this Agreement, for a period of twenty-four (24) months after the Effective Date, not to develop, manufacture, market, distribute, sell or supply anywhere in the world to any individual or entity a gaming chip-sorting machine for use in a casino; and",0,0,0,0,0,1
ENTERTAINMENTGAMINGASIAINC_02_15_2005-EX-10.5-DISTRIBUTOR AGREEMENT,"As provided for in this Section 1, the term of this Agreement shall be for a period of five (5) years, beginning on the Effective Date (the ""Initial Term""); provided, however, the Initial Term shall be subject to automatic successive renewal terms of three (3) years each (the ""Renewal Terms"" and together with the Initial Term, the ""Term"").",0,1,0,0,0,0
ENTERTAINMENTGAMINGASIAINC_02_15_2005-EX-10.5-DISTRIBUTOR AGREEMENT,"By either Vendor or Distributor, upon written notice of termination of this Agreement no later than ninety (90) calendar days prior to the expiration of the relevant Term, then in effect;",0,0,1,0,0,0
ENTERTAINMENTGAMINGASIAINC_02_15_2005-EX-10.5-DISTRIBUTOR AGREEMENT,Distributor shall not be liable for any losses or damages incurred by Vendor as a result of Distributor's failure to meet its obligations under Section 5.1 of this Agreement.,0,0,0,1,0,0
ENTERTAINMENTGAMINGASIAINC_02_15_2005-EX-10.5-DISTRIBUTOR AGREEMENT,"In exchange for the marketing and selling of the Products provided in Section 3, Vendor hereby agrees:",0,0,0,0,0,1
ENTERTAINMENTGAMINGASIAINC_02_15_2005-EX-10.5-DISTRIBUTOR AGREEMENT,"Neither party shall be liable to the other for lost profits or indirect, special consequential or punitive damages of any kind arising in connection with the manufacture, sale and distribution of the products, even if such party has been advised of the possibility of such damages.",0,0,0,1,0,0
ENTERTAINMENTGAMINGASIAINC_02_15_2005-EX-10.5-DISTRIBUTOR AGREEMENT,"This Agreement may be terminated subject to the following clauses: 1.1.1. By either Vendor or Distributor, upon written notice of termination of this Agreement no later than ninety (90) calendar days prior to the expiration of the relevant Term, then in effect;",1,0,0,0,0,0
ENTRUSTINC_07_24_1998-EX-10.5-STRATEGIC ALLIANCE AGREEMENT,"ETI's liability to Nortel arising from or relating to the intellectual property indemnity set forth in the Enterprise License shall not exceed 50% (fifty percent) of the monies paid by Nortel thereunder to a maximum of U.S.$1,000,000 (one million U.S. dollars).",0,0,0,1,0,0
ENTRUSTINC_07_24_1998-EX-10.5-STRATEGIC ALLIANCE AGREEMENT,"Except for breach of Article ------------------------------- VIII and for Article XII, in no event shall either Party be liable to the other Party for any indirect, incidental and/or consequential damages resulting from a breach of this agreement, including without limitation lost business, lost savings, and lost profits even if the breaching Party has been advised of the possibility of the occurrence of such damages.",0,0,0,1,1,0
ENTRUSTINC_07_24_1998-EX-10.5-STRATEGIC ALLIANCE AGREEMENT,"For any cause of action arising under this --------------- Agreement, Nortel's liability to Entrust, and Entrust's liability to Nortel shall not exceed U.S.$5,000,000.",0,0,0,1,0,0
ENTRUSTINC_07_24_1998-EX-10.5-STRATEGIC ALLIANCE AGREEMENT,In no event shall either Party be liable for any special or punitive damages arising from breach of this Agreement.,0,0,0,1,0,0
ENTRUSTINC_07_24_1998-EX-10.5-STRATEGIC ALLIANCE AGREEMENT,"Notwithstanding any provision of the Source Code ----------------- License, ETI shall not be required to honour any product warranty or intellectual property indemnity set forth in the Source Code License, to the extent that such breach of warranty or indemnity relates to a defect in any of the Entrust Products as of the Effective Date or the infringement or misappropriation of any third party rights incorporated into the Entrust Products as of the Effective Date.",0,0,0,1,0,0
ENTRUSTINC_07_24_1998-EX-10.5-STRATEGIC ALLIANCE AGREEMENT,"Notwithstanding the foregoing, each of Nortel's and Entrust's liability to the other Party for breach of Article II shall not exceed U.S.$10,000,000.",0,0,0,1,0,0
"ETELOS,INC_03_09_2004-EX-10.8-DISTRIBUTOR AGREEMENT","Distributor will not carry any competitive products without Tripath's consent, which shall not be unreasonable.",0,0,0,0,0,1
"ETELOS,INC_03_09_2004-EX-10.8-DISTRIBUTOR AGREEMENT",Neither Tripath nor Distributor will be liable for any incidental or consequential,0,0,0,1,0,0
"ETELOS,INC_03_09_2004-EX-10.8-DISTRIBUTOR AGREEMENT","The foregoing provisions of this section 19 state the entire liability and obligations of Tripath and the exclusive remedy of Distributor and its customers, with respect to any actual or alleged intellectual property infringement by the Products.",0,0,0,1,0,0
"ETELOS,INC_03_09_2004-EX-10.8-DISTRIBUTOR AGREEMENT","The terms of this Agreement shall be one year from the effective date and will be automatically renewed on each anniversary of the effective date, for a renewal term of one year unless either party provides written notification of its intention not to renew this Agreement at least one month prior to the expiration of the initial or any renewal terms.",0,1,1,0,0,0
"ETELOS,INC_03_09_2004-EX-10.8-DISTRIBUTOR AGREEMENT",Tripath or Distributor may terminate this Agreement for any reason with thirty days written notice.,1,0,0,0,0,0
"ETELOS,INC_03_09_2004-EX-10.8-DISTRIBUTOR AGREEMENT","damages (including, without limitation, damages for loss of business profits, business interruption, loss of business information, or other pecuniary loss) arising out of this Agreement, even if advised of the possibility of such damages.",0,0,0,1,0,0
EUROPEANMICROHOLDINGSINC_03_06_1998-EX-10.6-DISTRIBUTOR AGREEMENT,"EXCEPT AS PROVIDED IN PARAGRAPH 15, WGT'S LIABILITY(WHETHER IN CONTRACT, WARRANTY, TORT (INCLUDING NEGLIGENCE WHETHER ACTIVE, PASSIVE, IMPUTED), PRODUCT LIABILITY, STRICT LIABILITY OR OTHER THEORY) UNDER THIS AGREEMENT OR WITH REGARD TO ANY PRODUCT OR OTHER ITEMS FURNISHED UNDER THIS AGREEMENT WILL IN NO EVENT EXCEED THE COMPENSATION PAID TO WGT CONCERNING SUCH PRODUCT UNDER THIS AGREEMENT.",0,0,0,1,1,0
EUROPEANMICROHOLDINGSINC_03_06_1998-EX-10.6-DISTRIBUTOR AGREEMENT,"IN NO EVENT WILL WGT BE LIABLE, WHETHER IN CONTRACT, WARRANTY, TORT (INCLUDING NEGLIGENCE (WHETHER ACTIVE, PASSIVE OR IMPUTED), PRODUCT LIABILITY, STRICT LIABILITY OR OTHER THEORY), TO DISTRIBUTOR OR TO ANY RESELLER OF DISTRIBUTOR, END-USER OR OTHER PERSON OR ENTITY FOR COST OF COVER OR FOR ANY INDIRECT, INCIDENTAL, SPECIAL OR CONSEQUENTIAL DAMAGES (INCLUDING WITHOUT LIMITATION DAMAGES FOR LOSS OF PROFIT, BUSINESS OR DATA) ARISING OUT OF ITS PERFORMANCE OR NONPERFORMANCE OF THIS AGREEMENT OR THE USE OF, INABIILTY TO USE OR RESULTS OF USE OF THE PRODUCT.",0,0,0,1,0,0
EUROPEANMICROHOLDINGSINC_03_06_1998-EX-10.6-DISTRIBUTOR AGREEMENT,"THE WARRANTIES OF WGT AND THE REMEDIES OF DISTRIBUTOR SET FORTH IN PARGRAPHS 14 AND 15 ARE EXCLUSIVE AND IN SUBSTITUTION FOR, AND DISTRIBUTOR HEREBY WAIVES, RELEASES AND DISCLAIMS.",0,0,0,1,0,0
EUROPEANMICROHOLDINGSINC_03_06_1998-EX-10.6-DISTRIBUTOR AGREEMENT,"The Term will automatically renew for successive additional periods of one (1) year each, provided that: (a) Distributor has made all Guaranteed Minimum Purchases and has complied with the marketing requirements under paragraph 4.1(b); (b) the parties have agreed in writing upon the Guaranteed Minimum Purchase amounts and Product price discounts for the next subsequent one (1) year renewal period; (c) neither party provided the other party with notice of such party's intention not to renew this Agreement at least thirty (30) days prior to any year's Expiration Date; and (d) neither party provided the other party with such notice as may be required pursuant to paragraphs 5.2, 5.3 or 5.4.",0,1,1,0,0,0
EUROPEANMICROHOLDINGSINC_03_06_1998-EX-10.6-DISTRIBUTOR AGREEMENT,"Upon the occurrence of any of the following, Distributor may terminate the Term by giving WGT written notice of such termination;",1,0,0,0,0,0
EUROPEANMICROHOLDINGSINC_03_06_1998-EX-10.6-DISTRIBUTOR AGREEMENT,"Upon the occurrence of any of the following, WGT may terminate the Term by giving Distributor written notice of such termination for:",1,0,0,0,0,0
EUROPEANMICROHOLDINGSINC_03_06_1998-EX-10.6-DISTRIBUTOR AGREEMENT,WGT giving Distributor ninety (90) days' advance written notice of termination at any time after the expiration of the Initial Term.,1,0,0,0,0,0
EUROPEANMICROHOLDINGSINC_03_06_1998-EX-10.6-DISTRIBUTOR AGREEMENT,"for convenience whether or not extended beyond the Initial Term, provided Distributor gives WGT thirty (30) days' advance written notice and, within such thirty (30) day period, Distributor pays to WGT a lump-sum payment equal to fifty (50%) of the unpaid balance of cumulative Guaranteed Minimum Purchase amounts.",1,0,0,0,0,0
EbixInc_20010515_10-Q_EX-10.3_4049767_EX-10.3_Co-Branding Agreement,"NEITHER PARTY SHALL HAVE ANY LIABILITY FOR ANY INDIRECT, SPECIAL, PUNITIVE OR CONSEQUENTIAL DAMAGES INCLUDING, WITHOUT THE LIMITATION, LOSS OF PROFIT OR BUSINESS OPPORTUNITIES, WHETHER OR NOT THE PARTY WAS ADVISED OF THE POSSIBILTY OF SUCH.",0,0,0,1,0,0
EbixInc_20010515_10-Q_EX-10.3_4049767_EX-10.3_Co-Branding Agreement,"eBix may terminate this Agreement, [**] upon [**] to About; provided, however, that the termination is no earlier than [**] of the Effective Date of this Agreement.",1,0,0,0,0,0
EcoScienceSolutionsInc_20171117_8-K_EX-10.1_10956472_EX-10.1_Endorsement Agreement,"Talent represents and warrants that during the Term and in the Territories, Talent will not endorse or make any appearances or advertisements on behalf of any other product which is directly competitive to ESSI's products.",0,0,0,0,0,1
EcoScienceSolutionsInc_20171117_8-K_EX-10.1_10956472_EX-10.1_Endorsement Agreement,"The term of this Agreement shall be for one (1) year commencing on the Effective Date and automatically renewing annually thereafter, unless either party provides a thirty-day notice of written termination one to the other (""Term"").",0,1,1,0,0,0
EdietsComInc_20001030_10QSB_EX-10.4_2606646_EX-10.4_Co-Branding Agreement,"""Brought to you by...."") or fixed placement of 468x60 (top) and 125x365 (side) banners within eight (8) of the Content Features selected by eDiets; and (v) anchor sponsorship in any multi-sponsor Women.com promotion.",0,0,0,0,0,1
EdietsComInc_20001030_10QSB_EX-10.4_2606646_EX-10.4_Co-Branding Agreement,(c) Women.com will not enter into a relationship with a Competitive Company that involves any of the following; (i) custom developed mini or micro web sites; (ii) content integration; (iii) discounts offered only to Women.com members on the Member Central page of the Women.com Sites; (iv) editorial endorsement (such as,0,0,0,0,0,1
EdietsComInc_20001030_10QSB_EX-10.4_2606646_EX-10.4_Co-Branding Agreement,"During the Term, (a) Women.com will not buy, sell, display, distribute advertising from (including, but not limited to, banner ads, buttons, badges, text links, hyperlinks or editorial mentions) or otherwise promote a Competitive Company on any page of the Diet Center;",0,0,0,0,0,1
EdietsComInc_20001030_10QSB_EX-10.4_2606646_EX-10.4_Co-Branding Agreement,"EXCEPT FOR BREACHES OF SECTION 11 OR BREACHES OF ANY LICENSE GRANT SET FORTH IN THIS AGREEMENT, IN NO EVENT WILL EITHER PARTY BE LIABLE TO THE OTHER FOR ANY SPECIAL, INCIDENTAL, INDIRECT OR CONSEQUENTIAL DAMAGES, WHETHER BASED ON BREACH OF CONTRACT, TORT (INCLUDING NEGLIGENCE) OR OTHERWISE, WHETHER OR NOT THAT PARTY HAS BEEN ADVISED OF, KNEW, OR SHOULD HAVE KNOWN OF, THE POSSIBILITY OF SUCH DAMAGE AND NOTWITHSTANDING THE FAILURE OF ESSENTIAL PURPOSE OF ANY LIMITED REMEDY.",0,0,0,1,1,0
EdietsComInc_20001030_10QSB_EX-10.4_2606646_EX-10.4_Co-Branding Agreement,Each party agrees that the sole and exclusive remedy for a breach of the warranties set forth in this Section 12 shall be the indemnification set forth in Section 13 below.,0,0,0,1,0,0
EdietsComInc_20001030_10QSB_EX-10.4_2606646_EX-10.4_Co-Branding Agreement,THE LIMITATIONS ON LIABILITY FOR DAMAGES SET FORTH IN THIS AGREEMENT SHALL BE INAPPLICABLE TO EACH PARTY'S CONTRACTUAL OBLIGATION TO INDEMNIFY THE OTHER PARTY AS SET FORTH IN SECTIONS 2.6 AND 13.,0,0,0,0,1,0
EdietsComInc_20001030_10QSB_EX-10.4_2606646_EX-10.4_Co-Branding Agreement,"This agreement shall automatically renew for additional successive terms of twelve (12) months each at the end of the Initial Term (""Renewal Terms""), unless either party notifies the other in writing at least sixty (60) days prior to the end of the Initial Term.",0,1,1,0,0,0
EhaveInc_20190515_20-F_EX-4.44_11678816_EX-4.44_License Agreement_ Reseller Agreement,"For so long as the appointment set out in Section 2(a) is exclusive, CHT shall not enter into an agreement (a ""Competitive Transaction"") with any other Person related to the license, sub-license, sale, resale or provide service, solutions, goods or products, that are substantially similar to or competitive with the Ehave Companion Solution.",0,0,0,0,0,1
EhaveInc_20190515_20-F_EX-4.44_11678816_EX-4.44_License Agreement_ Reseller Agreement,"Further, subject to Section 17(c), neither Party shall not be liable to the other Party for any lost revenue, lost profit or lost savings.",0,0,0,1,1,0
EhaveInc_20190515_20-F_EX-4.44_11678816_EX-4.44_License Agreement_ Reseller Agreement,"In addition, CHT may terminate this Agreement and the rights granted hereunder, in whole or in part, and without prejudice to enforcement of any other legal right or remedy (including any express termination right set forth elsewhere in this Agreement), at any time without cause, by providing at least thirty (30) Business Days prior written notice to Ehave, but subject to payment of a termination fee equal to an amount set out in Schedule 6.",1,0,0,0,0,0
EhaveInc_20190515_20-F_EX-4.44_11678816_EX-4.44_License Agreement_ Reseller Agreement,"Notwithstanding Sections 17(a) and 17(b), neither Party excludes or limits any liability for: (i) personal injury or death to the extent that such injury or death results from the negligence or wilful misconduct of a Party or its employees or subcontractors; (ii) fraud, fraudulent misrepresentation or fraudulent concealment; (iii) the Party's obligations set out in Sections 2(c), 5(b), 5(c), 6(b), 11, 13 or 16; (iv) CHT's payment obligations under Section 7; or (v) willful misconduct or gross negligence.",0,0,0,0,1,0
EhaveInc_20190515_20-F_EX-4.44_11678816_EX-4.44_License Agreement_ Reseller Agreement,"Subject to Section 17(c), in no event shall either Party be liable to the other for any consequential, incidental, exemplary or punitive damages even if advised in advance of the possibility of such damages.",0,0,0,1,1,0
EhaveInc_20190515_20-F_EX-4.44_11678816_EX-4.44_License Agreement_ Reseller Agreement,"Subject to Section 17(c), in no event shall either Party's liability under this Agreement exceed the aggregate of all amounts paid under this Agreement and amounts that have accrued but not yet been paid in the twelve (12) months preceding the event giving rise to the claim.",0,0,0,1,1,0
ElPolloLocoHoldingsInc_20200306_10-K_EX-10.16_12041700_EX-10.16_Development Agreement,"For purposes of this Section 20.1, a Competitive Business shall mean a self-service restaurant or fast-food business which sells chicken and/or Mexican food products, which products individually or collectively represent more than twenty percent (20%) of the revenues from such self-service restaurant or fast-food business operated at any one location during any calendar quarter.",0,0,0,0,0,1
ElPolloLocoHoldingsInc_20200306_10-K_EX-10.16_12041700_EX-10.16_Development Agreement,"Franchisor may terminate or modify any rights that Developer may have with respect to protected exclusive rights in the Territory, as granted under Section 1.1 above, effective ten (10) days after delivery of written notice thereof to Developer.",1,0,0,0,0,0
ElPolloLocoHoldingsInc_20200306_10-K_EX-10.16_12041700_EX-10.16_Development Agreement,"In addition, Developer covenants that, except as otherwise approved in writing by the Franchisor, Developer shall not, for a continuous, uninterrupted period commencing upon the expiration, termination or assignment of this Agreement, regardless of the cause for termination, and continuing for two (2) years thereafter, either directly or indirectly, for itself, or through or on behalf of, or in conjunction with any person, partnership, corporation or other entity, own, operate, control or have any financial interest in any Competitive Business which is located or has outlets or restaurant units within the Territory.",0,0,0,0,0,1
ElPolloLocoHoldingsInc_20200306_10-K_EX-10.16_12041700_EX-10.16_Development Agreement,This Agreement shall terminate immediately upon El Pollo Loco's receipt of Developer's notice to terminate.,1,0,0,0,0,0
ElPolloLocoHoldingsInc_20200306_10-K_EX-10.16_12041700_EX-10.16_Development Agreement,"To further protect the El Pollo Loco® System while this Agreement is in effect, Developer and each officer, director, shareholder, member, manager, partner and other equity owner, as applicable, of Developer, if Developer is an entity, shall neither directly nor indirectly own, operate, control or any financial interest in any other business which would constitute a ""Competitive Business"" (as hereinafter defined) without the prior written consent of Franchisor; provided further, that Franchisor may, as its sole and absolute right, consent to the Developer's continued operation of any business already in existence and operating at the time of execution of this Agreement.",0,0,0,0,0,1
EmbarkComInc_19991008_S-1A_EX-10.10_6487661_EX-10.10_Co-Branding Agreement,"NEITHER PARTY WILL HAVE ANY LIABILITY FOR, AND EACH PARTY HEREBY WAIVES AND DISCLAIMS, ANY AND ALL CLAIMS AND CAUSES OF ACTION AGAINST THE OTHER PARTY, WHETHER IN CONTRACT, TORT (INCLUDING, WITHOUT LIMITATION, NEGLIGENCE AND STRICT LIABILITY), WARRANTY OR OTHERWISE, RELATING TO ANY INDIRECT, CONSEQUENTIAL OR EXEMPLARY DAMAGES, IN EACH CASE, ARISING OUT OF OR IN CONNECTION WITH THIS AGREEMENT (INCLUDING ANY BREACH HEREOF) OR ANY OF THE TRANSACTIONS CONTEMPLATED HEREBY.",0,0,0,1,0,0
EmeraldHealthBioceuticalsInc_20200218_1-A_EX1A-6 MAT CTRCT_11987205_EX1A-6 MAT CTRCT_Development Agreement,Dr. Murray shall not directly assist in the development of any product competitive to products developed by EHS or EHN.,0,0,0,0,0,1
EmeraldHealthBioceuticalsInc_20200218_1-A_EX1A-6 MAT CTRCT_11987205_EX1A-6 MAT CTRCT_Development Agreement,"EHS or EHN, on the one hand, and Dr. Murray, on the other, may terminate any Services Term of this Agreement by delivering 60 days written notice to the other party.",1,0,0,0,0,0
EmeraldHealthBioceuticalsInc_20200218_1-A_EX1A-6 MAT CTRCT_11987205_EX1A-6 MAT CTRCT_Development Agreement,"The Services Term of this Agreement shall be automatically renewed for successive two-year terms thereafter unless written notice is given by either party to the other, indicating that party's intention not to renew the Services Term of this Agreement, at least ninety (90) days prior to the end of the initial Services Term or any renewed Services Term.",0,1,1,0,0,0
EtonPharmaceuticalsInc_20191114_10-Q_EX-10.1_11893941_EX-10.1_Development Agreement,"During the Term of this Agreement, and for a period of two (2) years thereafter, Aucta shall not research, develop, manufacture, file, sell, market, or distribute more than two products containing the active ingredient Lamotrigine; nor will Aucta directly or indirectly assist any other Person or entity in carrying or any such activities. [ * * * ]",0,0,0,0,0,1
EtonPharmaceuticalsInc_20191114_10-Q_EX-10.1_11893941_EX-10.1_Development Agreement,"ETON has the right to terminate this Agreement after approval of the Dossier or marketing application for the Product (or added new product), at its sole discretion, upon providing one hundred eighty (180) days' written notice to Aucta.",1,0,0,0,0,0
EtonPharmaceuticalsInc_20191114_10-Q_EX-10.1_11893941_EX-10.1_Development Agreement,"NOTWITHSTANDING ANYTHING TO THE CONTRARY HEREIN, NEITHER PARTY SHALL BE LIABLE FOR ANY INDIRECT, SPECIAL, INCIDENTAL, CONSEQUENTIAL OR EXEMPLARY DAMAGES, WHETHER FORESEEABLE OR NOT, THAT ARE IN ANY WAY RELATED TO THIS AGREEMENT.",0,0,0,1,0,0
EuromediaHoldingsCorp_20070215_10SB12G_EX-10.B(01)_525118_EX-10.B(01)_Content License Agreement,"At Rogers' option, this Agreement shall renew for a subsequent term of two (2) years on the terms and conditions herein (the ""Renewal Term"").",0,1,0,0,0,0
EuromediaHoldingsCorp_20070215_10SB12G_EX-10.B(01)_525118_EX-10.B(01)_Content License Agreement,"Except with respect to any claim or liability arising from an infringement of any third party intellectual property right, in no event shall either party be liable for any special, indirect, consequential, punitive or incidental damages of any kind",0,0,0,1,0,0
EuromediaHoldingsCorp_20070215_10SB12G_EX-10.B(01)_525118_EX-10.B(01)_Content License Agreement,"Except with respect to any claim or liability arising from an infringement of any third party intellectual property right, in no event shall either party be liable for any special, indirect, consequential, punitive or incidental damages of any kind.",0,0,0,0,1,0
EuromediaHoldingsCorp_20070215_10SB12G_EX-10.B(01)_525118_EX-10.B(01)_Content License Agreement,"Notwithstanding any other provision of this Agreement, Rogers may terminate this Agreement, at any time, upon sixty (60) days' prior written notice to Licensor.",1,0,0,0,0,0
EuromediaHoldingsCorp_20070215_10SB12G_EX-10.B(01)_525118_EX-10.B(01)_Content License Agreement,"Notwithstanding the foregoing, if, at the expiry of this Agreement following the Initial Term or the Renewal Term (if any), as applicable, Licensor and Rogers have not executed a new agreement governing the VOD distribution and exhibition of Licensed Programs and Rogers (or its permitted assigns) continues to distribute and exhibit Licensed Programs on the ROD Service following such expiry, such continued distribution and exhibition shall be governed by the terms of this Agreement in effect at the time of expiry, except that each of Licensor and Rogers shall have the right, on sixty (60) days' prior written notice, to terminate this Agreement, as so extended.",0,0,1,0,0,0
ExactSciencesCorp_20180822_8-K_EX-10.1_11331629_EX-10.1_Promotion Agreement,"After the date that is eighteen (18) months after the Effective Date, either Party may terminate this Agreement upon six (6) months prior written notice to the other Party.",1,0,0,0,0,0
ExactSciencesCorp_20180822_8-K_EX-10.1_11331629_EX-10.1_Promotion Agreement,"NOTWITHSTANDING ANYTHING TO THE CONTRARY IN THIS AGREEMENT, EXCEPT FOR (A) INDEMNIFICATION OBLIGATIONS OF A PARTY UNDER SECTION 6.1, (B) A BREACH OF SECTION 7 BY A PARTY OR (C) THE WILLFUL MISCONDUCT OR GROSS NEGLIGENCE OF A PARTY, NEITHER PARTY NOR ANY OF ITS AFFILIATES SHALL BE LIABLE TO THE OTHER PARTY OR ANY OF ITS AFFILIATES FOR ANY SPECIAL, PUNITIVE, INDIRECT, INCIDENTAL OR CONSEQUENTIAL DAMAGES, INCLUDING LOST PROFITS, LOST REVENUES OR PENALTIES ARISING FROM OR RELATING TO ANY BREACH OF THIS AGREEMENT, REGARDLESS OF ANY NOTICE OF THE POSSIBILITY OF SUCH DAMAGES.",0,0,0,1,1,0
FEDERATEDGOVERNMENTINCOMESECURITIESINC_04_28_2020-EX-99.SERV AGREE-SERVICES AGREEMENT,The Adviser and FASC are each hereby expressly put on notice of the limitation of liability set forth in the Declaration of Trust of the other party.,0,0,0,1,0,0
FIBROGENINC_10_01_2014-EX-10.11-COLLABORATION AGREEMENT,FG's sole obligation and Astellas' sole remedy with respect to Lead Compound which does not meet the warranty contained herein is limited to replacement of such Lead Compound and reimbursement of Astellas' out of pocket expenses for shipping to FG at the address designated by FG.,0,0,0,1,0,0
FIBROGENINC_10_01_2014-EX-10.11-COLLABORATION AGREEMENT,"Subject to Section 18.7.2, Astellas may terminate this Agreement upon six (6) months notice to FG for any reason or no reason.",1,0,0,0,0,0
"FIDELITYNATIONALINFORMATIONSERVICES,INC_08_05_2009-EX-10.3-INTELLECTUAL PROPERTY AGREEMENT","Notwithstanding the foregoing, in no event shall either Equifax or Certegy, or any Member of their respective Group, have any liability, whether based on contract, tort (including, without limitation, negligence or strict liability), warranty or any other legal or equitable",0,0,0,1,0,0
"FIDELITYNATIONALINFORMATIONSERVICES,INC_08_05_2009-EX-10.3-INTELLECTUAL PROPERTY AGREEMENT","grounds, for any punitive, consequential, indirect, exemplary, special or incidental loss or damage suffered by the other arising from or related to this Agreement, including without limitation, loss of data, profits, interest or revenue, or interruption of business, even if such party has been informed of or might otherwise anticipated or foreseen the possibility of such losses or damages; provided, however, that such limitations shall not apply to liabilities which may arise as the result of willful misconduct of a party.",0,0,0,1,0,0
"FOUNDATIONMEDICINE,INC_02_02_2015-EX-10.2-Collaboration Agreement","IN NO EVENT SHALL EITHER FMI OR ROCHE BE LIABLE FOR SPECIAL, INDIRECT, INCIDENTAL OR CONSEQUENTIAL DAMAGES ARISING OUT OF THIS AGREEMENT BASED ON CONTRACT, TORT OR ANY OTHER LEGAL THEORY.",0,0,0,1,0,0
"FOUNDATIONMEDICINE,INC_02_02_2015-EX-10.2-Collaboration Agreement","Roche shall have the right to extend the Immunotherapy Testing Platform Development Program, upon [...***...] written notice to FMI as specified in Section 19.13, for up to six (6)",0,1,0,0,0,0
"FOUNDATIONMEDICINE,INC_02_02_2015-EX-10.2-Collaboration Agreement","Roche shall have the right to extend the term of the CDx Development Program, upon […***…] prior written notice to FMI as specified in Section 19.13, for additional three (3) year periods, during any period of time in which Roche is a majority shareholder of FMI.",0,1,0,0,0,0
"FOUNDATIONMEDICINE,INC_02_02_2015-EX-10.2-Collaboration Agreement","Roche shall have the right to terminate the Agreement in its entirety, or on a Work Stream-by-Work Stream basis, except for the ctDNA Work Stream, upon […***…] prior written notice, without cause.",1,0,0,0,0,0
"FOUNDATIONMEDICINE,INC_02_02_2015-EX-10.2-Collaboration Agreement","Term may be extended at Roche's option, upon […***…] notice to FMI as specified in Section 19.13, for additional three (3) year periods, during any period of time in which Roche is a majority shareholder of FMI (each a ""Database Renewal Term"").",0,1,0,0,0,0
"FOUNDATIONMEDICINE,INC_02_02_2015-EX-10.2-Collaboration Agreement",The Database Insights,0,1,0,0,0,0
"FOUNDATIONMEDICINE,INC_02_02_2015-EX-10.2-Collaboration Agreement","With regard to the CDx Development Program, Roche shall also have the right to terminate, without cause, the development of an Approved Marker and/or an Investigational Marker for inclusion in a CDx Assay, upon […***…] prior written notice; provided however that this right shall expire with respect to each Approved Marker for inclusion in a particular CDx Assay at such time as FMI has completed analytical validation for such Approved Marker.",1,0,0,0,0,0
"FOUNDATIONMEDICINE,INC_02_02_2015-EX-10.2-Collaboration Agreement","With regard to the Molecular Information Platform Program, Roche shall have the right to terminate without cause either or both of the Sample Profiling or Molecular Information Database Access activities individually.",1,0,0,0,0,0
"FOUNDATIONMEDICINE,INC_02_02_2015-EX-10.2-Collaboration Agreement","additional one (1) year periods, during any period of time in which Roche is a majority shareholder of FMI (each a ""Signature Identification Renewal Term""), provided, for clarity, that during any Signature Identification Renewal Term, FMI's obligations under Section 16.1 shall continue to apply to any signature identified under this Agreement but that exclusivity under Section 3.2.8 shall not apply to the Immuno-Biomarker Discovery Platform.",0,1,0,0,0,0
"FTENETWORKS,INC_02_18_2016-EX-99.4-STRATEGIC ALLIANCE AGREEMENT","After the Initial Term, this Agreement shall continue on a month to month basis until terminated by either party upon thirty (30) days prior written notice to the other setting forth the effective date of such termination.",1,1,1,0,0,0
FUSIONPHARMACEUTICALSINC_06_05_2020-EX-10.17-Supply Agreement - FUSION,"CPDC'S MAXIMUM LIABILITY TO FUSION UNDER THIS SUPPLY AGREEMENT FOR ANY REASON WHATSOEVER, INCLUDING, WILL NOT EXCEED [***].",0,0,0,1,0,0
FUSIONPHARMACEUTICALSINC_06_05_2020-EX-10.17-Supply Agreement - FUSION,"EXCEPT FOR DAMAGES FOR WHICH A PARTY IS RESPONSIBLE PURSUANT TO ITS INDEMNIFICATION OBLIGATIONS SET FORTH IN SECTION 10 ABOVE, EACH PARTY SPECIFICALLY DISCLAIMS ALL LIABILITY FOR AND SHALL IN NO EVENT BE LIABLE FOR ANY INCIDENTAL, SPECIAL, INDIRECT OR CONSEQUENTIAL DAMAGES, EXPENSES, LOST PROFITS, LOST SAVINGS, INTERRUPTIONS OF BUSINESS OR OTHER DAMAGES OF ANY KIND OR CHARACTER WHATSOEVER ARISING OUT OF OR RELATED TO THIS AGREEMENT OR RESULTING FROM THE MANUFACTURE, HANDLING. MARKETING, SALE, DISTRIBUTION OR USE OF LICENSED PRODUCT REGARDLESS OF THE FORM OF ACTION, WHETHER IN CONTRACT, TORT, STRICT LIABILITY OR OTHERWISE, EVEN IF SUCH PARTY WAS ADVISED OF THE POSSIBILITY OF SUCH DAMAGES",0,0,0,0,1,0
FUSIONPHARMACEUTICALSINC_06_05_2020-EX-10.17-Supply Agreement - FUSION,"EXCEPT FOR DAMAGES FOR WHICH A PARTY IS RESPONSIBLE PURSUANT TO ITS INDEMNIFICATION OBLIGATIONS SET FORTH IN SECTION 10 ABOVE, EACH PARTY SPECIFICALLY DISCLAIMS ALL LIABILITY FOR AND SHALL IN NO EVENT BE LIABLE FOR ANY INCIDENTAL, SPECIAL, INDIRECT OR CONSEQUENTIAL DAMAGES, EXPENSES, LOST PROFITS, LOST SAVINGS, INTERRUPTIONS OF BUSINESS OR OTHER DAMAGES OF ANY KIND OR CHARACTER WHATSOEVER ARISING OUT OF OR RELATED TO THIS AGREEMENT OR RESULTING FROM THE MANUFACTURE, HANDLING. MARKETING, SALE, DISTRIBUTION OR USE OF LICENSED PRODUCT REGARDLESS OF THE FORM OF ACTION, WHETHER IN CONTRACT, TORT, STRICT LIABILITY OR OTHERWISE, EVEN IF SUCH PARTY WAS ADVISED OF THE POSSIBILITY OF SUCH DAMAGES.",0,0,0,1,0,0
FUSIONPHARMACEUTICALSINC_06_05_2020-EX-10.17-Supply Agreement - FUSION,"EXCEPT FOR DAMAGES FOR WHICH A PARTY IS RESPONSIBLE PURSUANT TO ITS INDEMNIFICATION OBLIGATIONS SET FORTH IN SECTION 10 ABOVE, NO ACTION, REGARDLESS OF FORM, ARISING OUT OF OR RELATED TO THIS AGREEMENT MAY BE BROUGHT BY EITHER PARTY MORE THAN [***] AFTER SUCH PARTY HAS KNOWLEDGE OF THE OCCURRENCE THAT GAVE RISE TO THE CAUSE OF SUCH ACTION.",0,0,0,1,0,0
FUSIONPHARMACEUTICALSINC_06_05_2020-EX-10.17-Supply Agreement - FUSION,"FUSION may terminate this Agreement by providing written notice to the CPDC where: (a) [***] following the Effective Date of this Supply Agreement, FUSION may terminate this Agreement without cause by providing CPDC with [***] prior written notice.",1,0,0,0,0,0
FUSIONPHARMACEUTICALSINC_06_05_2020-EX-10.17-Supply Agreement - FUSION,"Following the Term, this Supply Agreement shall automatically renew for successive periods of one (1) year (each a ""Renewal Term""), unless a Party delivers written notice of non-renewal to the other Party [***] prior to the end of the applicable term.",0,1,1,0,0,0
FUSIONPHARMACEUTICALSINC_06_05_2020-EX-10.17-Supply Agreement - FUSION,"Without limiting Section 11, in the event of for cause termination of this Agreement by FUSION pursuant to Section 7.2, CPDC's maximum liability shall be no greater than that set forth in Section 11.2.",0,0,0,1,0,0
FerroglobePlc_20150624_F-4A_EX-10.20_9154746_EX-10.20_Outsourcing Agreement,It is established by calendar year and renewed tacitly every year.,0,1,0,0,0,0
FerroglobePlc_20150624_F-4A_EX-10.20_9154746_EX-10.20_Outsourcing Agreement,"The Agreement rests, for all that, cancellable at any time by any of the parties before the expiry date of the Agreement or any of itsrenewals, upon three months prior written notice.",1,0,1,0,0,0
FerroglobePlc_20150624_F-4A_EX-10.20_9154746_EX-10.20_Outsourcing Agreement,The liability of EIT will be limited to a value equal to contractual value as per clause 7.1 and will not exceed this value.,0,0,0,1,0,0
Freecook_20180605_S-1_EX-10.3_11233807_EX-10.3_Hosting Agreement,Company at its sole discretion may at any time alter or cease providing the Customer Service which it has agreed to provide to Client relating to Client Website pursuant to this Agreement without any liability to Company.,1,0,0,0,0,0
FuelcellEnergyInc_20191106_8-K_EX-10.1_11868007_EX-10.1_Development Agreement,"Accordingly, either Party may terminate this Agreement or all/part of a Project for any reason and at any time upon giving the other Party sixty (60) days prior written notice.",1,0,0,0,0,0
FuelcellEnergyInc_20191106_8-K_EX-10.1_11868007_EX-10.1_Development Agreement,"During the Term of this Agreement, FCE will not conduct any Work using Generation 1 Technology in Carbon Capture Applications or any Work using Generation 2 Technology, independently or with third parties outside this Agreement, without prior written approval from ExxonMobil.",0,0,0,0,0,1
FuelcellEnergyInc_20191106_8-K_EX-10.1_11868007_EX-10.1_Development Agreement,"In no event will either Party be liable to the other Party under this Agreement for any consequential, indirect, special, incidental, punitive or exemplary loss or damage, including, without limitation, business interruption, cost of capital, loss of anticipated revenues and profits, loss of goodwill or increased operating costs, whether arising from contract, warranty, tort, strict liability or otherwise regardless of whether the possibility of such losses or damages have been made known to the first Party, and each Party hereby expressly waives all such rights and remedies, except for breach of any confidentiality or restricted use provisions of this Agreement and except as provided in Paragraph 11.04 (Exceptions to Limitations of Liability).",0,0,0,1,0,0
FuelcellEnergyInc_20191106_8-K_EX-10.1_11868007_EX-10.1_Development Agreement,"Notwithstanding anything to the contrary in this Agreement, each Party will bear full responsibility, without limit, for the following: (i) Gross Negligence or Willful Misconduct attributable to its personnel, and, in no event, will a Party be required to release or indemnify the other Party for Gross Negligence or Willful Misconduct attributable to the other Party; and (ii) its legal obligations to third parties wherein nothing in this Agreement is intended to impair a party's contribution and indemnity rights under law with respect to third party claims.",0,0,0,0,1,0
FulucaiProductionsLtd_20131223_10-Q_EX-10.9_8368347_EX-10.9_Content License Agreement,"License Term Perpetual, unlimited runs x Other: 2 years Commencing: November 15, 2012",0,1,0,0,0,0
FuseMedicalInc_20190321_10-K_EX-10.43_11575454_EX-10.43_Distributor Agreement,The Distributor shall not:,0,0,0,0,0,1
FuseMedicalInc_20190321_10-K_EX-10.43_11575454_EX-10.43_Distributor Agreement,"This agreement begins on the Commencement Date and, subject to clause 11.2, shall continue for an initial term of one (1) years (Initial Term) and indefinitely after that until terminated by either party giving at least twelve (12) months' prior written notice to expire on or after the expiry date of the initial term.",0,1,1,0,0,0
FuseMedicalInc_20190321_10-K_EX-10.43_11575454_EX-10.43_Distributor Agreement,"act as the agent or the buying agent, for any person for any goods which are competitive with the Product; or",0,0,0,0,0,1
GAINSCOINC_01_21_2010-EX-10.41-SPONSORSHIP AGREEMENT,"(v) prohibiting the endorsement by Racing and any members of Racing, including the drivers, of any entities, products or services which are in direct competition or otherwise inconsistent with the Sponsor or it products or services, unless such endorsement activity is approved in writing by Racing and the Sponsor;",0,0,0,0,0,1
GAINSCOINC_01_21_2010-EX-10.41-SPONSORSHIP AGREEMENT,"Notwithstanding the provisions of Section 1 hereof, the Sponsor shall have the right at any time prior to December 31, 2010 to terminate this Agreement by giving written notice of such termination to Racing.",1,0,0,0,0,0
GAINSCOINC_01_21_2010-EX-10.41-SPONSORSHIP AGREEMENT,"Racing represents to the Sponsor that the Sponsor's aggregate obligation hereunder will not exceed the amount of the sponsorship fee set forth in Section 3 hereof (or such lesser amount as is payable by the Sponsor in the event that this Agreement is terminated pursuant to Section 14 hereof), plus, if applicable, collection costs that may be reasonably incurred by Racing in a legal proceeding to collect all or any part thereof (the ""Maximum Obligation"").",0,0,0,1,0,0
GAINSCOINC_01_21_2010-EX-10.41-SPONSORSHIP AGREEMENT,"Subject to payment by the Sponsor of the sponsorship fee provided for herein, during the term of this Agreement Racing shall cause the Racing Team to provide for the Sponsor's benefit all of the benefits customarily associated with the sponsorship of a Daytona Prototype Series racing team and consistent with the benefits provided to the Sponsor in 2005 - 2009 (individually, a ""Benefit,"" and collectively, the ""Benefits""), including but not limited to the following:",0,0,0,0,0,1
GOCALLINC_03_30_2000-EX-10.7-Promotion Agreement,PageMaster Corporations' liability shall in no event exceed an amount equivalent to the amounts received by PageMaster Corporation hereunder.,0,0,0,1,0,0
GOCALLINC_03_30_2000-EX-10.7-Promotion Agreement,This term shall be extended for a 1 year period provided 3000 pagers per month are distributed to Purchase customers.,0,1,0,0,0,0
"GOOSEHEADINSURANCE,INC_04_02_2018-EX-10.6-Franchise Agreement","(i) Solicit, divert or attempt to solicit or divert any business or customer of the Franchised Business or of any Franchised Business using the System to a Competitive Business, by direct or indirect inducement or otherwise, or do or perform, directly or indirectly, any other act injurious or prejudicial to the goodwill associated with Franchisor's Proprietary Marks and the System.",0,0,0,0,0,1
"GOOSEHEADINSURANCE,INC_04_02_2018-EX-10.6-Franchise Agreement","(iii) Either directly or indirectly for him/herself or on behalf of, or in conjunction with any person, persons, partnership, corporation, or entity, own, maintain, operate, engage in, be employed by or accept any compensation or remuneration from, or have any interest in any Competitive Business.",0,0,0,0,0,1
"GOOSEHEADINSURANCE,INC_04_02_2018-EX-10.6-Franchise Agreement",19.3.1 Divert or attempt to divert any actual or potential business or customer of any Goosehead Business to any competitor or otherwise take any action injurious or prejudicial to the goodwill associated with the Marks and the System.,0,0,0,0,0,1
"GOOSEHEADINSURANCE,INC_04_02_2018-EX-10.6-Franchise Agreement","19.3.3 Own, maintain, develop, operate, engage in, franchise or license, make loans to, lease real or personal property to, be associated with, accept any compensation or remuneration from, and/or have any whatsoever interest in, or render services or give advice to, any Competitive Business.",0,0,0,0,0,1
"GOOSEHEADINSURANCE,INC_04_02_2018-EX-10.6-Franchise Agreement","Accordingly, you covenant and agree that, during the term of this Agreement and for a continuous period of two (2) years after the expiration or termination of this Agreement, and/or a transfer as contemplated in Section 16 above, you will not directly, indirectly, for yourself, or through, on behalf of, or in conjunction with any party, in any manner whatsoever, do any of the following:",0,0,0,0,0,1
"GOOSEHEADINSURANCE,INC_04_02_2018-EX-10.6-Franchise Agreement",Any claims arising under the Maryland Franchise Registration and Disclosure Law must be brought within 3 years after the grant of the franchise.,0,0,0,1,0,0
"GOOSEHEADINSURANCE,INC_04_02_2018-EX-10.6-Franchise Agreement",Any claims arising under the Maryland Franchise Registration and Disclosure Law must be brought within three (3) years after the grant of the franchise.,0,0,0,1,0,0
"GOOSEHEADINSURANCE,INC_04_02_2018-EX-10.6-Franchise Agreement","EACH PARTY TO THIS AGREEMENT HEREBY WAIVES TO THE FULLEST EXTENT PERMITTED BY LAW ANY RIGHT TO OR CLAIM OF ANY PUNITIVE OR EXEMPLARY DAMAGES AGAINST THE OTHER, AND AGREE THAT IN THE EVENT OF A DISPUTE BETWEEN THEM EACH SHALL BE LIMITED TO THE RECOVERY OF ANY ACTUAL DAMAGES SUSTAINED BY IT.",0,0,0,1,0,0
"GOOSEHEADINSURANCE,INC_04_02_2018-EX-10.6-Franchise Agreement","Each party to this agreement agrees that any and all claims and actions arising out of or relating to this agreement, the parties' relationship, and/or your operation of the franchised business, brought by any party hereto against the other, shall be commenced within one (1) year from the occurrence of the facts giving rise to such claim or action, or, it is expressly acknowledged and agreed by all parties, such claim or action shall be irrevocably barred; provided, however, that the time limit for filing claims contained in this Section 27.7 shall not apply",0,0,0,1,0,0
"GOOSEHEADINSURANCE,INC_04_02_2018-EX-10.6-Franchise Agreement","In sum, Minn. Stat. § 80C.14 (subd. 3) currently requires, except in certain specified cases, that a franchisee be given 90 days' notice of termination (with 60 days to cure) of the Franchise Agreement.",0,0,1,0,0,0
"GOOSEHEADINSURANCE,INC_04_02_2018-EX-10.6-Franchise Agreement","Member covenants and agrees that during the Post-Term Period (defined below), except as otherwise approved in writing by Franchisor, Member will not, either directly or indirectly, for itself, or through, on behalf of, or in conjunction with any person, persons, partnership, corporation, or entity, Member will not own, maintain, operate, engage in, be associated with or accept any compensation or remuneration from, or have any interest in or render services or give",0,0,0,0,0,1
"GOOSEHEADINSURANCE,INC_04_02_2018-EX-10.6-Franchise Agreement","Member covenants and agrees that during the term of the Franchise Agreement, except as otherwise approved in writing by Franchisor, Member will not, either directly or indirectly, for itself, or through, on behalf of, or in conjunction with any person, persons, partnership, corporation, or entity:",0,0,0,0,0,1
"GOOSEHEADINSURANCE,INC_04_02_2018-EX-10.6-Franchise Agreement",The Franchise Agreement contains a covenant not to compete which extends beyond the termination of the franchise.,0,0,0,0,0,1
"GOOSEHEADINSURANCE,INC_04_02_2018-EX-10.6-Franchise Agreement","With respect to franchisees governed by Minnesota law, we will comply with Minn. Stat. § 80C.14, Subds. 3, 4, and 5 which require, except in certain specified cases, that a franchisee be given 90 days' notice of termination (with 60 days to cure) and 180 days' notice of non-renewal of the Franchise Agreement, and that consent to the transfer of the franchise not be unreasonably withheld.",0,0,1,0,0,0
"GOOSEHEADINSURANCE,INC_04_02_2018-EX-10.6-Franchise Agreement",You acknowledge that we will have no liability to you or any regulatory authority for any failure by you to obtain or maintain during the term of this Agreement any necessary licenses or approvals required for the operation of the Franchised Business.,0,0,0,1,0,0
"GOOSEHEADINSURANCE,INC_04_02_2018-EX-10.6-Franchise Agreement","You further covenant and agree that, for a continuous period of two (2) years after (1) the expiration of this Agreement, (2) the non-renewal of this Agreement, (3) the termination of this Agreement, and/or (4) a transfer as contemplated in Section 16 above: 19.5.1 you will not directly or indirectly, for yourself, or through, on behalf of, or in conjunction with any person, firm, partnership, corporation, or other entity, sell, assign, lease, and/or transfer the Approved Location to any person, firm, partnership, corporation, or other entity that you know, or have reason to know, intends to operate a Competitive Business at the Approved Location; and 19.5.2 you will not solicit, divert, or attempt to solicit or divert any actual or potential business or customer of the Franchised Business to any Competitive Business.",0,0,0,0,0,1
"GOOSEHEADINSURANCE,INC_04_02_2018-EX-10.6-Franchise Agreement","You will have the right to renew your rights to operate the Franchise Business for two (2) additional successor terms of five (5) years, so long as you have satisfied all of the conditions specified in Sections 2.2.1 through 2.2.10 before each such renewal: 2.2.1 You agree to give us written notice of your choice to renew at least six (6) months before the end of the term of this Agreement (but not more than nine (9) months before the term expires).",0,1,0,0,0,0
"GOOSEHEADINSURANCE,INC_04_02_2018-EX-10.6-Franchise Agreement","advice to any Competitive Business and which business is, or is intended to be, located within the city or county in which the Approved Location is situated.",0,0,0,0,0,1
"GOOSEHEADINSURANCE,INC_04_02_2018-EX-10.6-Franchise Agreement",to claims or actions arising under the Illinois Franchise Disclosure Act.,0,0,0,1,0,0
GRANTIERRAENERGYINC_05_07_2012-EX-10.6-TRANSPORTATION CONTRACT,"Save the event of gross negligence or willful misconduct, if any claims arise by the SENDER such as the loss of profit, this shall not exceed twenty five percent (25%) of the value that ECOPETROL is obliged to indemnify the SENDER under this numeral 11.2(d) of the Contract hereof.",0,0,0,1,0,0
GRANTIERRAENERGYINC_05_07_2012-EX-10.6-TRANSPORTATION CONTRACT,"Save the event of gross negligence or willful misconduct, pursuant to the provisions in this numeral 11.2, the responsibility of ECOPETROL under the Contract hereof under no circumstance shall exceed seventy five per cent (75%) of the value of the Crude lost or damaged by causes attributable to ECOPETROL.",0,0,0,1,0,0
"GRIDIRONBIONUTRIENTS,INC_02_05_2020-EX-10.3-SUPPLY AGREEMENT",Either Party may terminate this Agreement at any time prior to delivery of the Product.,1,0,0,0,0,0
GSVINC_05_15_1998-EX-10-SPONSORSHIP AGREEMENT,"EXCEPT UNDER SECTIONS 13(a) AND 13(b), IN NO EVENT WILL EITHER PARTY BE LIABLE TO THE OTHER FOR ANY SPECIAL, INCIDENTAL OR CONSEQUENTIAL DAMAGES, WHETHER BASED ON BREACH OF CONTRACT, TORT (INCLUDING NEGLIGENCE) OR OTHERWISE, WHETHER OR NOT THAT PARTY HAS BEEN ADVISED OF THE POSSIBILITY OF SUCH DAMAGE. THE LIABILITY OF EITHER PARTY FOR DAMAGES OR ALLEGED DAMAGES HEREUNDER, WHETHER IN CONTRACT, TORT OR ANY OTHER LEGAL THEORY, IS LIMITED TO, AND WILL NOT EXCEED, THE AMOUNTS TO BE PAID BY CLIENT TO EXCITE HEREUNDER.",0,0,0,1,0,0
GSVINC_05_15_1998-EX-10-SPONSORSHIP AGREEMENT,"Excite will in ""good faith"" ensure Client that the above mentioned banners and promotional placements will be more prominently presented than any other ""competitive retailer's"" banners or promotional placements for the term of the Agreement. For the purposes of this Agreement, a ""competitive retailer"" means an on-line department store comparable to Bloomingdale's, Macy's, Burdine's, Shopping.com, Chef's Catalog or iQVC.",0,0,0,0,0,1
"GWG HOLDINGS, INC. - ORDERLY MARKETING AGREEMENT","Notwithstanding the foregoing, this OMA may be terminated with or without cause at any time after the Effective Date and without liability or continuing obligation by any of the Parties hereto (i) by mutual written agreement of all of the Parties; and (ii) in writing by the Trust Advisors in their sole discretion.",1,0,0,0,0,0
"GWG HOLDINGS, INC. - ORDERLY MARKETING AGREEMENT",The Engagement Letter shall provide that the Bank may terminate its engagement at any time upon not less than 45 days' prior written notice to the other Parties.,1,0,0,0,0,0
GarrettMotionInc_20181001_8-K_EX-2.4_11364532_EX-2.4_Intellectual Property Agreement,"This Agreement may be terminated by Honeywell at any time, in its sole discretion, prior to the Distribution; provided, however, that this Agreement shall automatically terminate upon the termination of the Separation Agreement in accordance with its terms.",1,0,0,0,0,0
GarrettMotionInc_20181001_8-K_EX-2.4_11364532_EX-2.4_Intellectual Property Agreement,"Without limiting the terms set forth in Section 6.09 of the Separation Agreement, none of Honeywell, SpinCo or any other member of either Group shall in any event have any Liability to the other or to any other member of the other's Group under this Agreement for any indirect, special, punitive or consequential damages, whether or not caused by or resulting from negligence or breach of obligations hereunder and whether or not informed of the possibility of the existence of such damages.",0,0,0,1,0,0
GentechHoldingsInc_20190808_1-A_EX1A-6 MAT CTRCT_11776814_EX1A-6 MAT CTRCT_Distributor Agreement,Distributor shall have the option to renew this Agreement for an additional Three (3) year period by providing prior written notice to Company within Ninety (90) days of the end of the initial period of this Agreement.,0,1,0,0,0,0
GentechHoldingsInc_20190808_1-A_EX1A-6 MAT CTRCT_11776814_EX1A-6 MAT CTRCT_Distributor Agreement,"IN NO EVENT SHALL EITHER PARTY BE LIABLE TO THE OTHER FOR ANY SPECIAL, INDIRECT, EXEMPLARY OR CONSEQUENTIAL DAMAGES ARISING OUT OF THIS AGREEMENT OR PURCHASE OR USE OF THE PRODUCTS.",0,0,0,1,0,0
GlobalTechnologiesGroupInc_20050928_10KSB_EX-10.9_4148808_EX-10.9_Content License Agreement,"IMNTV will extend the Agreement on the same terms and conditions for additional one-year terms, providing Distributor and IMNTV agree, predicated on satisfactory performance by both parties",0,1,0,0,0,0
GlobalTechnologiesGroupInc_20050928_10KSB_EX-10.9_4148808_EX-10.9_Content License Agreement,IN NO EVENT WILL IMNTV'S LIABILITY TO DISTRIBUTOR UNDER THIS AGREEMENT EXCEED THE AMOUNT ACTUALLY DUE TO IMNTV HEREIN.,0,0,0,1,0,0
GlobalTechnologiesGroupInc_20050928_10KSB_EX-10.9_4148808_EX-10.9_Content License Agreement,"NO PARTY WILL BE LIABLE TO THE OTHER PARTY IN TORT, CONTRACT OR UNDER ANY OTHER LEGAL THEORY FOR ANY CONSEQUENTIAL, INDIRECT, INCIDENTAL, PUNITIVE OR SPECIAL LOSS OR DAMAGES ARISING OUT OF THIS AGREEMENT, EVEN IF APPRISED OF THE LIKELIHOOD OF SUCH DAMAGES OCCURRING",0,0,0,1,0,0
GluMobileInc_20070319_S-1A_EX-10.09_436630_EX-10.09_Content License Agreement1,No legal action shall be brought by Licensee under this Agreement unless commenced within 12 months from the date the cause of action arose.,0,0,0,1,0,0
GluMobileInc_20070319_S-1A_EX-10.09_436630_EX-10.09_Content License Agreement1,THE PROVISIONS OF THIS PARAGRAPH 14 SET FORTH EACH PARTY'S SOLE AND EXCLUSIVE OBLIGATIONS AND REMEDIES WITH RESPECT TO THIRD PARTY CLAIMS OF INFRINGEMENT OR MISAPPROPRIATION OF INTELLECTUAL PROPERTY RIGHTS OF ANY KIND UNLESS OTHERWISE STIPULATED BY JUDICIAL ORDER.,0,0,0,1,0,0
GopageCorp_20140221_10-K_EX-10.1_8432966_EX-10.1_Content License Agreement,EACH PARTY'S LIABILITY ARISING OUT OF OR RELATED TO THIS AGREEMENT WILL NOT EXCEED AN AMOUNT EQUAL TO THE AGGREGATE AMOUNTS PAID OR PAYABLE TO LICENSOR IN THE TWELVE (12) MONTHS PRECEDING THE COMMENCEMENT OF THE CLAIM.,0,0,0,1,0,0
GopageCorp_20140221_10-K_EX-10.1_8432966_EX-10.1_Content License Agreement,"NEITHER PARTY SHALL BE LIABLE UNDER OR IN CONNECTION WITH THIS AGREEMENT FOR INDIRECT, INCIDENTAL, CONSEQUENTIAL, LIQUIDATED, SPECIAL OR EXEMPLARY DAMAGES OR PENALTIES, INCLUDING WITHOUT LIMITATION, LOSSES OF BUSINESS, REVENUE OR ANTICIPATED PROFITS, REGARDLESS OF WHETHER SUCH DAMAGE WAS FORESEEABLE AND WHETHER LICENSOR HAS BEEN ADVISED OF THE POSSIBILITY OF SUCH DAMAGES.",0,0,0,1,0,0
GopageCorp_20140221_10-K_EX-10.1_8432966_EX-10.1_Content License Agreement,"The provisions of Section 9.1 and Section 9.2 will not apply to limit the Licensee's indemnification obligations under Section 8.2, or in the case of Licensee's gross negligence or wilful misconduct.",0,0,0,0,1,0
GopageCorp_20140221_10-K_EX-10.1_8432966_EX-10.1_Content License Agreement,"Thereafter, this Agreement shall renew automatically for one (1) additional three (3) year period (the ""Renewal Term"" and collectively, together with the Initial Term, the ""Term"") unless either party provides the other with written notice of non-renewal at least ninety (90) days before the expiration of the Initial Term].",0,1,1,0,0,0
GpaqAcquisitionHoldingsInc_20200123_S-4A_EX-10.6_11951677_EX-10.6_License Agreement,"If either party elects not to renew the Agreement and the other party wishes to continue the Agreement, the Parties shall attempt in good faith to negotiate an amendment to the Agreement to renew the Term on such terms as may be negotiated by the Parties.",0,1,0,0,0,0
GpaqAcquisitionHoldingsInc_20200123_S-4A_EX-10.6_11951677_EX-10.6_License Agreement,"Thereafter, the agreement shall automatically renew for successive five (5)-year terms, unless either Party gives written notice to the other Party of intent not to renew at least six (6) months prior to the expiration of the then-current Term.",0,1,1,0,0,0
GridironBionutrientsInc_20171206_8-K_EX-10.1_10972555_EX-10.1_Endorsement Agreement,"In no event will NFLA be liable for any indirect, incidental, reliance, special or consequential damages arising out of the performance or nonperformance of this Agreement, whether or not NFLA had been advised of the possibility of such damages.",0,0,0,1,0,0
GridironBionutrientsInc_20171206_8-K_EX-10.1_10972555_EX-10.1_Endorsement Agreement,"Notwithstanding anything to the contrary in this Agreement, if Company incurs any expenses, damages or other liabilities (including but not limited to reasonable attorney's fees) in connection with the performance or nonperformance of any term or provision of this Agreement, NFLA's liability to Company shall not exceed the remuneration, excluding reimbursement of expenses, actually paid to NFLA by Company",0,0,0,1,0,0
"HALITRON,INC_03_01_2005-EX-10.15-SPONSORSHIP AND DEVELOPMENT AGREEMENT","In no event (including, but not limited to, Smith's default hereunder) shall Smith be liable to TDA (or any entity claiming through TDA) for any amount in excess of the amounts actually received by Smith hereunder, excluding the reimbursement of expenses.",0,0,0,1,0,0
"HALITRON,INC_03_01_2005-EX-10.15-SPONSORSHIP AND DEVELOPMENT AGREEMENT","Under no circumstances will Smith be liable to TDA or any other entity for any special, consequential, indirect, exemplary and/or punitive damages, or for loss of good will or business profits.",0,0,0,1,0,0
HEALTHGATEDATACORP_11_24_1999-EX-10.1-HOSTING AND MANAGEMENT AGREEMENT (1),"Except in respect of personal injury or death caused by the negligence of either party (for which by law no limit applies), in the event either party shall be liable to the other party on account of the performance or nonperformance of its respective obligations under this Agreement, whether arising by negligence, wilful misconduct or otherwise, the amount recoverable by the other party for all events, acts or omissions shall not exceed, in the aggregate, an amount equal to payments made under this Agreement.",0,0,0,1,0,0
HEALTHGATEDATACORP_11_24_1999-EX-10.1-HOSTING AND MANAGEMENT AGREEMENT (1),"If the Publishers exercise their right of renewal under Clause 17.1, then the Publishers shall have a further right of renewal for each of the subsequent three years, provided that the right to renew shall be conditional upon the Publishers having exercised their right in the previous year, and giving notice on or before the 30 September before the renewal is to take effect.",0,1,0,0,0,0
HEALTHGATEDATACORP_11_24_1999-EX-10.1-HOSTING AND MANAGEMENT AGREEMENT (1),"If the Publishers exercise their right to renew, the term of the Services shall be extended by one further year, up to and including 28 February 2001.",0,1,0,0,0,0
HEALTHGATEDATACORP_11_24_1999-EX-10.1-HOSTING AND MANAGEMENT AGREEMENT (1),Publishers may not use either Proprietary Software or Source Code held in escrow to develop a product that competes with those services offered by HealthGate.,0,0,0,0,0,1
HEALTHGATEDATACORP_11_24_1999-EX-10.1-HOSTING AND MANAGEMENT AGREEMENT - Escrow Agreement,NCC may terminate this Agreement by giving 60 days written notice to the Owner and the Licensee.,1,0,0,0,0,0
HEALTHGATEDATACORP_11_24_1999-EX-10.1-HOSTING AND MANAGEMENT AGREEMENT - Escrow Agreement,"NCC shall in no circumstances be liable to the Owner or the Licensee for indirect or consequential loss of any nature whatsoever whether for loss of profit, loss of business or otherwise.",0,0,0,1,0,0
HEALTHGATEDATACORP_11_24_1999-EX-10.1-HOSTING AND MANAGEMENT AGREEMENT - Escrow Agreement,"NCC shall not be liable for any loss caused to the Owner or the Licensee either jointly or severally except for loss of or damage to the Material to the extent that such loss or damage is caused by the negligent acts or omissions of NCC, its employees, agents or sub-contractors and in such event NCC's total liability in respect of all claims arising under or by virtue of this Agreement shall not (except in the case of claims for personal injury or death) exceed the sum of (pounds)500,000.",0,0,0,1,0,0
HEALTHGATEDATACORP_11_24_1999-EX-10.1-HOSTING AND MANAGEMENT AGREEMENT - Escrow Agreement,The Licensee may terminate this Agreement at any time by giving written notice to the Owner and NCC.,1,0,0,0,0,0
"HEMISPHERX - Sales, Marketing, Distribution, and Supply Agreement","IN NO EVENT WILL EITHER PARTY BE LIABLE FOR ANY INCIDENTAL, SPECIAL OR CONSEQUENTIAL DAMAGES RESULTING FROM THE LICENSE GRANTED PURSUANT TO THIS AGREEMENT OR THE USE OR COMMERCIAL DEVELOPMENT OF PRODUCT.",0,0,0,1,0,0
"HEMISPHERX - Sales, Marketing, Distribution, and Supply Agreement",The Term will be 3 years from Effective Date with an automatic 2 year term extensions unless otherwise advised by one of the Parties.,0,1,1,0,0,0
"HERTZGLOBALHOLDINGS,INC_07_07_2016-EX-10.4-INTELLECTUAL PROPERTY AGREEMENT","During the Interim Period, neither HERC nor any of its affiliates or subsidiaries shall, directly or indirectly, engage in the business of renting or leasing cars, crossovers or light trucks (including sport utility vehicles and light commercial vehicles) in [any country in which THC or any of its affiliates or subsidiaries rents or leases cars, crossovers or light trucks (including sport utility vehicles and light commercial vehicles) as of the date of this Agreement] without THC's prior written consent, except to the extent materially consistent in type and scope with HERC's operations immediately prior to the date of this IPA.",0,0,0,0,0,1
HOLIDAYRVSUPERSTORESINC_04_15_2002-EX-10.13-ENDORSEMENT AGREEMENT,"In the event that the Company desires to terminate the Agreement prior to the Termination Date, it shall provide AGI with at least 60 days prior written notice of its intention to terminate this Agreement and this Agreement shall so terminate following the expiration of this 60-day period, without any further responsibility by either Party except as provided in Section 5.",1,0,0,0,0,0
"HOSPITALITYINVESTORSTRUST,INC_04_07_2014-EX-10.26-FRANCHISE AGREEMENT","14.2.10 you, your Affiliate or a Guarantor become a Competitor except as otherwise permitted by Subsection 5.1.15;",0,0,0,0,0,1
"HOSPITALITYINVESTORSTRUST,INC_04_07_2014-EX-10.26-FRANCHISE AGREEMENT","5.1.15 not become a Competitor, or permit your Affiliate to become a Competitor, in the upscale hotel market segment, or any substantially equivalent market segment, as determined by Smith Travel Research (""STR"") (or, if STR is no longer in existence, STR's successor or other such industry resource that is as equally as reputable as STR);",0,0,0,0,0,1
"HOSPITALITYINVESTORSTRUST,INC_04_07_2014-EX-10.26-FRANCHISE AGREEMENT",THE PARTIES ACKNOWLEDGE THAT LIQUIDATED DAMAGES PAYABLE BY YOU UNDER THIS AGREEMENT (WHETHER PRE-OPENING LIQUIDATED DAMAGES OR LIQUIDATED DAMAGES FOR EARLY TERMINATION) ARE NOT PUNITIVE OR EXEMPLARY DAMAGES.,0,0,0,1,0,0
"HOSPITALITYINVESTORSTRUST,INC_04_07_2014-EX-10.26-FRANCHISE AGREEMENT",We may immediately terminate this Agreement on notice to you and without any opportunity to cure the default if:,0,0,0,0,0,1
HPILHOLDING_01_07_2015-EX-99.1-COOPERATION AGREEMENT,GINARES agrees that the sole and exclusive remedy for money damages related to this Agreement and the transactions contemplated hereby shall be the rights to indemnification set forth in this Section 9.,0,0,0,1,0,0
HPILHOLDING_01_07_2015-EX-99.1-COOPERATION AGREEMENT,HPIL ET agrees that the sole and exclusive remedy for money damages relating to this Agreement and the transactions contemplated hereby shall be the rights to indemnification set forth in this Section 10.,0,0,0,1,0,0
HPILHOLDING_01_07_2015-EX-99.1-COOPERATION AGREEMENT,The Parties may terminate its performance of related obligations under this Agreement within thirty (30) days of receipt by the Party of written termination notice.,1,0,0,0,0,0
HUBEIMINKANGPHARMACEUTICALLTD_09_19_2006-EX-10.1-OUTSOURCING AGREEMENT,"DGT's total liability, whether under the express or implied terms of this Agreement, in tort (including negligence), or at common law, for any loss or damage suffered by Dolphin, whether direct, indirect or special, or any other similar or like damage that may arise or does arise from any breaches of this Agreement by DGT and its Directors, Officers or agents, shall be limited to the amount of the cost of the products.",0,0,0,1,0,0
HUBEIMINKANGPHARMACEUTICALLTD_09_19_2006-EX-10.1-OUTSOURCING AGREEMENT,In no event shall DGT be liable for consequential or incidental damages arising from any breach or breaches of this Agreement.,0,0,0,1,0,0
HUBEIMINKANGPHARMACEUTICALLTD_09_19_2006-EX-10.1-OUTSOURCING AGREEMENT,"No action, whether in contract or tort (including negligence), or otherwise arising out of or in connection with this Agreement, may be brought by Dolphin more than six months after the cause of action has occurred.",0,0,0,1,0,0
HYPERIONSOFTWARECORP_09_28_1994-EX-10.47-EXCLUSIVE DISTRIBUTOR AGREEMENT,"DEVELOPER'S MAXIMUM LIABILITY HEREUNDER IS EXPRESSLY LIMITED TO THE LESSER OF: THE AMOUNT PAID UNDER THIS AGREEMENT BY DISTRIBUTOR TO DEVELOPER WITHIN THE SIX (6) MONTH PERIOD IMMEDIATELY PRECEDING THE CAUSE GIVING RISE TO THE CLAIM; OR FIVE HUNDRED THOUSAND DOLLARS ($5OO,000).",0,0,0,1,0,0
HYPERIONSOFTWARECORP_09_28_1994-EX-10.47-EXCLUSIVE DISTRIBUTOR AGREEMENT,"During the term of this Agreement and for a period of two (2) years after the termination hereof for any reason, Distributor will not market, or attempt to market, a computer program which competes in any way with the Products in the areas of consolidation, financial information, financial transaction processing, reporting, data collection, or modeling, including but not limited to the use of personal computers, nor which competes with any modification, alteration or enhancement to the Products which is developed during the term of this Agreement.",0,0,0,0,0,1
HYPERIONSOFTWARECORP_09_28_1994-EX-10.47-EXCLUSIVE DISTRIBUTOR AGREEMENT,"Either party may cancel this Agreement effective on the last day of the Initial Term, or",0,1,1,0,0,0
HYPERIONSOFTWARECORP_09_28_1994-EX-10.47-EXCLUSIVE DISTRIBUTOR AGREEMENT,"IN NO EVENT SHALL DEVELOPER BE LIABLE FOR ANY LOSS OF PROFIT OR ANY OTHER COMMERCIAL DAMAGE, INCLUDING BUT NOT LIMITED TO SPECIAL, INCIDENTAL, CONSEQUENTIAL OR OTHER INDIRECT DAMAGES UNDER ANY CAUSE OF ACTION ARISING OUT OF OR RELATING TO THIS AGREEMENT, INCLUDING, WITHOUT LIMITATION, CLAIMS ARISING FROM MALFUNCTION OR DEFECTS IN THE PRODUCTS.",0,0,0,1,0,0
HYPERIONSOFTWARECORP_09_28_1994-EX-10.47-EXCLUSIVE DISTRIBUTOR AGREEMENT,"This Agreement shall have an initial term of one (1) year from the date first above written (the ""Initial Term""), and shall thereafter automatically renew for successive two (2) year periods (each a ""Renewal Term""), unless earlier terminated in accordance with the terms of this Agreement.",0,1,1,0,0,0
HYPERIONSOFTWARECORP_09_28_1994-EX-10.47-EXCLUSIVE DISTRIBUTOR AGREEMENT,"any Renewal Term, by serving written notice of such termination on the other party at least ninety (90) days prior to the end of the Initial Term or any Renewal Term as the case may be.",0,1,1,0,0,0
HarpoonTherapeuticsInc_20200312_10-K_EX-10.18_12051356_EX-10.18_Development Agreement,"AbbVie may terminate this Agreement in its entirety, or on a country or other jurisdiction -by-country or other jurisdiction basis, for any or no reason, upon ninety (90) days' prior written notice to Harpoon.",1,0,0,0,0,0
HarpoonTherapeuticsInc_20200312_10-K_EX-10.18_12051356_EX-10.18_Development Agreement,"EXCEPT (A) FOR FRAUD, WILLFUL MISCONDUCT OR GROSS NEGLIGENCE, (B) FOR A PARTY'S BREACH OF ITS OBLIGATIONS UNDER [ARTICLE 9 OR SECTION 5.8], (C) AS PROVIDED UNDER [***] AND (D) TO THE EXTENT ANY SUCH DAMAGES ARE REQUIRED TO BE PAID TO A THIRD PARTY AS PART OF A CLAIM FOR WHICH A PARTY PROVIDES INDEMNIFICATION UNDER THIS ARTICLE 11, NEITHER PARTY NOR ANY OF ITS AFFILIATES SHALL BE LIABLE FOR INDIRECT, INCIDENTAL, SPECIAL, EXEMPLARY, PUNITIVE OR CONSEQUENTIAL DAMAGES, INCLUDING LOSS OF PROFITS OR BUSINESS INTERRUPTION, HOWEVER CAUSED AND ON ANY THEORY OF LIABILITY, WHETHER IN CONTRACT, TORT, NEGLIGENCE, BREACH OF STATUTORY DUTY OR OTHERWISE IN CONNECTION WITH OR ARISING IN ANY WAY OUT OF THE TERMS OF THIS AGREEMENT OR THE TRANSACTIONS CONTEMPLATED HEREBY OR THE USE OF THE LICENSED COMPOUNDS OR LICENSED PRODUCTS, EVEN IF ADVISED OF THE POSSIBILITY OF SUCH DAMAGES.",0,0,0,1,1,0
HarpoonTherapeuticsInc_20200312_10-K_EX-10.18_12051356_EX-10.18_Development Agreement,"Harpoon shall not, and shall cause its Affiliates not to (a) directly or indirectly, develop, commercialize or otherwise exploit any Competing Product in any country or other jurisdiction in the Territory, or (b) license, authorize, appoint, or otherwise enable any Third Party to directly or indirectly, develop, commercialize or otherwise exploit any Competing Product in any country or other jurisdiction in the Territory, except, in each case ((a) and (b)), as otherwise expressly provided in this Agreement.",0,0,0,0,0,1
HealthcareIntegratedTechnologiesInc_20190812_8-K_EX-10.1_11776966_EX-10.1_Reseller Agreement,"ANY SUBSTITUTE GOODS OR SERVICES. THE AGGREGATE LIABILITY OF SUPPLIER UNDER, OR IN CONNECTION WITH, THIS AGREEMENT SHALL BE EQUAL TO THE LESSER OF: (i) ***; AND (ii) ***.",0,0,0,1,0,0
HealthcareIntegratedTechnologiesInc_20190812_8-K_EX-10.1_11776966_EX-10.1_Reseller Agreement,"Following the Initial Term, either Party may terminate this Agreement without cause upon written notice to the other Party of at least 3 months.",1,0,1,0,0,0
HealthcareIntegratedTechnologiesInc_20190812_8-K_EX-10.1_11776966_EX-10.1_Reseller Agreement,"TO THE MAXIMUM EXTENT PERMITTED BY APPLICABLE LAW, IN NO EVENT SHALL SUPPLIER BE LIABLE UNDER, OR OTHERWISE IN CONNECTION WITH, THIS AGREEMENT FOR: (A) ANY CONSEQUENTIAL, INDIRECT, SPECIAL, INCIDENTAL, OR PUNITIVE DAMAGES; (B) ANY LOSS OF PROFITS, LOSS OF BUSINESS, LOSS OF REVENUE, OR LOSS OF ANTICIPATED SAVINGS; (C) ANY LOSS OF, OR DAMAGE TO, DATA, REPUTATION, OR GOODWILL; AND/OR (D) THE COST OF PROCURING ANY SUBSTITUTE GOODS OR SERVICES.",0,0,0,1,0,0
HealthcareIntegratedTechnologiesInc_20190812_8-K_EX-10.1_11776966_EX-10.1_Reseller Agreement,"Thereafter, this Agreement shall automatically be renewed for successive 1-year terms (each a ""Renewal Term"", and together with the Initial Term, the ""Term"").",0,1,0,0,0,0
HealthcentralCom_19991108_S-1A_EX-10.27_6623292_EX-10.27_Co-Branding Agreement,"During the Term of this Agreement and for a period of six (6) months thereafter, MediaLinx shall not use or publicly disclose the data collected from users of the Co-Branded Site if such use is for the purpose of providing health information, advertisements, or products that compete with those that reside on the Co-Branded Site.",0,0,0,0,0,1
HealthcentralCom_19991108_S-1A_EX-10.27_6623292_EX-10.27_Co-Branding Agreement,"EXCEPT WITH RESPECT TO THE INDEMNITY OBLIGATIONS IN SECTION 14, THE CONFIDENTIALITY OBLIGATIONS UNDER SECTION 16, AND THE YEAR 2000 COMPLIANCE OBLIGATIONS UNDER SECTION 20, NOTWITHSTANDING ANYTHING TO THE CONTRARY CONTAINED IN THIS AGREEMENT, UNDER NO CIRCUMSTANCES SHALL EITHER PARTY BE LIABLE TO THE OTHER PARTY WITH RESPECT TO THE SUBJECT MATTER OF THIS AGREEMENT UNDER ANY CONTRACT, NEGLIGENCE, 10 STRICT LIABILITY, TORT OR OTHER LEGAL OR EQUITABLE THEORY FOR ANY INDIRECT, INCIDENTAL, CONSEQUENTIAL, SPECIAL OR EXEMPLARY DAMAGES (INCLUDING, WITHOUT LIMITATION, LOSS OF REVENUE OR GOODWILL OR ANTICIPATED PROFITS OR LOST BUSINESS), EVEN IF SUCH PARTY HAS BEEN ADVISED OF THE POSSIBILITY OF SUCH DAMAGES.",0,0,0,1,1,0
HealthcentralCom_19991108_S-1A_EX-10.27_6623292_EX-10.27_Co-Branding Agreement,Neither party shall permit advertising on the Co-Branded Site from an entity which is a competitor to the other party.,0,0,0,0,0,1
HertzGroupRealtyTrustInc_20190920_S-11A_EX-10.8_11816941_EX-10.8_Trademark License Agreement,Either Party may terminate this Agreement by giving the other Party thirty (30) days' prior written notice.,1,0,0,0,0,0
HertzGroupRealtyTrustInc_20190920_S-11A_EX-10.8_11816941_EX-10.8_Trademark License Agreement,"IN NO EVENT SHALL LICENSOR OR ANY OF ITS DIRECTORS, OFFICERS, EMPLOYEES, LICENSORS, SUPPLIERS OR OTHER REPRESENTATIVES BE LIABLE FOR ANY INDIRECT, SPECIAL OR CONSEQUENTIAL DAMAGES, OR DAMAGES FOR LOSS OF PROFITS, BUSINESS INTERRUPTION, LOSS OF GOODWILL, COMPUTER FAILURE OR MALFUNCTION OR OTHERWISE, ARISING FROM OR RELATING TO THIS AGREEMENT OR THE LICENSED MARK, EVEN IF LICENSOR IS EXPRESSLY ADVISED OF THE POSSIBILITY OF SUCH DAMAGES.",0,0,0,1,0,0
HfEnterprisesInc_20191223_S-1_EX-10.22_11931299_EX-10.22_Development Agreement,"Either party may terminate this Agreement prior to expiration of the Term: (i) upon thirty (30) days prior written notice, or (ii) immediately upon written notice to the other party if: (a) the other party declares or a petition is filed in any court for insolvency or bankruptcy and such petition is not dismissed in thirty (30) days; (b) the other party reorganizes under the relevant bankruptcy act or any similar statute in such party's jurisdiction of incorporation; (c) the other party consents to the appointment of a trustee in bankruptcy or a receiver or similar entity; or (d) the Developer breaches DSS's Technology or Intellectual Property rights contained herein.",1,0,0,0,0,0
HfEnterprisesInc_20191223_S-1_EX-10.22_11931299_EX-10.22_Development Agreement,"The Initial Term shall automatically renew for one-month periods thereafter unless either party provides 30- days advance notice of termination, unless earlier terminated pursuant to Section 2.2 hereof",0,1,0,0,0,0
HfEnterprisesInc_20191223_S-1_EX-10.22_11931299_EX-10.22_Development Agreement,"The Initial Term shall automatically renew for one-month periods thereafter unless either party provides 30- days advance notice of termination, unless earlier terminated pursuant to Section 2.2 hereof.",0,0,1,0,0,0
ICORECONNECTINC_10_13_2010-EX-7.1-Strategic Alliance Agreement,"Both parties may terminate this Agreement upon ninety (""90"") days written notice to the other party at the address stated in this Agreement as per section 3 above.",1,0,0,0,0,0
ICORECONNECTINC_10_13_2010-EX-7.1-Strategic Alliance Agreement,Both parties will not have liability for any damages other than direct damages.,0,0,0,1,0,0
ICORECONNECTINC_10_13_2010-EX-7.1-Strategic Alliance Agreement,"Thereafter, this Agreement shall be renewed automatically on a five (5) year basis, unless one party notifies the other of its desire to terminate this Agreement at least sixty 90 days prior to the expiration of the Initial Term or then current renewal term, as applicable, or unless a new Agreement is signed between the USA MCO and IMedicor which will then invalidate this Agreement.",0,1,1,0,0,0
IDREAMSKYTECHNOLOGYLTD_07_03_2014-EX-10.39-Cooperation Agreement on Mobile Game Business,"Party B shall not advertise, or make any statement favorable for, any competitor having the same or similar business scope as Party A in the services it provides.",0,0,0,0,0,1
IDREAMSKYTECHNOLOGYLTD_07_03_2014-EX-10.39-Cooperation Agreement on Mobile Game Business,"Upon the expiry of this Agreement, this Agreement may be renewed automatically for one year (but can only be renewed once) if neither Party raises objection.",0,1,0,0,0,0
IGENEBIOTECHNOLOGYINC_05_13_2003-EX-1-JOINT VENTURE AGREEMENT,"After the Effective Date and as long as Igene and T&L continue to own an interest in the Operating Company, neither of the Parties shall, or shall cause or permit any of their Affiliates to, directly or indirectly, as stockholders, consultants, members, partners or in any other capacity, engage in any enterprise or business anywhere in the world, which (a) manufactures Astaxanthin or (b) develops, markets, or sells products falling within the Field of Agreement.",0,0,0,0,0,1
IGENEBIOTECHNOLOGYINC_05_13_2003-EX-1-JOINT VENTURE AGREEMENT,"In the event that either (x) one Party shall transfer its entire interest in the Operating Company as permitted pursuant to this Agreement and the Operating Company shall remain a going concern after the closing of such transfer or (y) both Parties sell their interest in the Operating Company as permitted pursuant to this Agreement and the Operating Company shall remain a going concern after the closing of such transfer, then any Party which ceases to own an interest in the Operating Company as a result of such transfer shall remain subject to the terms of this Article 7.2 for a period of ten (10) years after the date of such transfer.",0,0,0,0,0,1
IMAGEWARESYSTEMSINC_12_20_1999-EX-10.22-MAINTENANCE AGREEMENT,"IN NO EVENT SHALL, XIMAGE BE LIABLE TO MORPHO FOR ANY INCIDENTAL, CONSEQUENTIAL, SPECIAL OR INDIRECT DAMAGES (INCLUDING WITHOUT LIMITATION, DAMAGES ARISING FROM LOSS OF BUSINESS, DATA, PROFITS OR GOODWILL) INCURRED OR SUFFERED BY MORPHO IN CONNECTION WITH, OR ARISING OUT OF, THIS AGREEMENT OR MORPHO'S USE OF ANY DOCUMENTATION OR SOFTWARE OR SERVICES PROVIDED, OR TO BE PROVIDED, HEREUNDER, EVEN IF XIMAGE HAS BEEN APPRISED OF THE LIKELIHOOD OF THE SAME. NO ACTION, REGARDLESS OF FORM, RELATED TO TRANSACTIONS OCCURRING UNDER, OR CONTEMPLATED BY, THIS AGREEMENT MAY BE BROUGHT BY EITHER PARTY MORE THAN ONE (1) YEAR AFTER THE CAUSE OF ACTION HAS ACCRUED.",0,0,0,1,0,0
IMAGEWARESYSTEMSINC_12_20_1999-EX-10.22-MAINTENANCE AGREEMENT,"MORPHO agrees that XIMAGE's total liability to MORPHO for any damages suffered in connection with, or arising out of, this Agreement or MORPHO's use of any documentation, product or service provided (or to be provided) hereunder, regardless of whether any such liability is based upon contract, tort or other basis, shall be limited to an amount not to exceed the basic Monthly Maintenance Charges, for a sixty (60) day term under this Agreement.",0,0,0,1,0,0
IMAGEWARESYSTEMSINC_12_20_1999-EX-10.22-MAINTENANCE AGREEMENT,This Agreement shall automatically renew for consecutive one (1) year terms at XIMAGE's then prevailing rates at the end of each one (1) year term unless either party gives at least sixty (60) days prior written notice of the non-renewal of this Agreement.,0,1,1,0,0,0
IMMUNOMEDICSINC_08_07_2019-EX-10.1-PROMOTION AGREEMENT,"During the Term, neither Company nor any of its Affiliates (including, for the avoidance of doubt, any Third Party that becomes an Affiliate of Company after the Effective Date) shall, alone or in collaboration with any Third Party, market, promote, sell, distribute or otherwise commercialize in the Territory any Competing Product without the prior written consent of Janssen.",0,0,0,0,0,1
IMMUNOMEDICSINC_08_07_2019-EX-10.1-PROMOTION AGREEMENT,"FURTHER, SUBJECT TO AND WITHOUT LIMITING THE INDEMNIFICATION OBLIGATIONS OF EACH PARTY WITH RESPECT TO THIRD PARTY ACTIONS UNDER SECTIONS 12.1 AND 12.2, AND EXCEPT WITH RESPECT TO LIABILITY ARISING FROM BREACH OF SECTION 9.1 BY A PARTY OR ARISING FROM THE GROSS NEGLIGENCE OR WILLFUL MISCONDUCT OF A PARTY, EACH PARTY'S AGGREGATE LIABILITY TO THE OTHER PARTY FOR ALL CASES AND CONTROVERSIES ARISING OUT OF THE SUBJECT MATTER OF THIS AGREEMENT, REGARDLESS OF THE CAUSE OF ACTION AND WHETHER BROUGHT IN CONTRACT, TORT (INCLUDING NEGLIGENCE), STRICT LIABILITY OR OTHERWISE, WILL BE LIMITED TO $[***].",0,0,0,1,1,0
IMMUNOMEDICSINC_08_07_2019-EX-10.1-PROMOTION AGREEMENT,"SUBJECT TO AND WITHOUT LIMITING THE INDEMNIFICATION OBLIGATIONS OF EACH PARTY WITH RESPECT TO THIRD PARTY ACTIONS UNDER SECTIONS 12.1 AND 12.2, AND EXCEPT WITH RESPECT TO LIABILITY ARISING FROM BREACH OF SECTION 9.1 BY A PARTY, NO PARTY OR ANY OF ITS AFFILIATES WILL BE LIABLE TO THE OTHER PARTY OR ITS AFFILIATES UNDER ANY CONTRACT, WARRANTY, NEGLIGENCE, TORT, STRICT LIABILITY OR OTHER LEGAL OR EQUITABLE THEORY FOR ANY SPECIAL, INDIRECT, INCIDENTAL, PUNITIVE, MULTIPLIED OR CONSEQUENTIAL DAMAGES, OR OTHER DAMAGES FOR LOSS OF PROFIT, SALES OR FEES, ARISING OUT OF OR IN CONNECTION WITH THIS AGREEMENT OR ITS SUBJECT MATTER",0,0,0,1,0,0
IMMUNOMEDICSINC_08_07_2019-EX-10.1-PROMOTION AGREEMENT,"SUBJECT TO AND WITHOUT LIMITING THE INDEMNIFICATION OBLIGATIONS OF EACH PARTY WITH RESPECT TO THIRD PARTY ACTIONS UNDER SECTIONS 12.1 AND 12.2, AND EXCEPT WITH RESPECT TO LIABILITY ARISING FROM BREACH OF SECTION 9.1 BY A PARTY, NO PARTY OR ANY OF ITS AFFILIATES WILL BE LIABLE TO THE OTHER PARTY OR ITS AFFILIATES UNDER ANY CONTRACT, WARRANTY, NEGLIGENCE, TORT, STRICT LIABILITY OR OTHER LEGAL OR EQUITABLE THEORY FOR ANY SPECIAL, INDIRECT, INCIDENTAL, PUNITIVE, MULTIPLIED OR CONSEQUENTIAL DAMAGES, OR OTHER DAMAGES FOR LOSS OF PROFIT, SALES OR FEES, ARISING OUT OF OR IN CONNECTION WITH THIS AGREEMENT OR ITS SUBJECT MATTER.",0,0,0,0,1,0
IMPCOTECHNOLOGIESINC_04_15_2003-EX-10.65-JOINT VENTURE AGREEMENT,"MINDA/MIL, since it will have access to the Technical Know-How which it would not have had otherwise, expressly agree that: (a) during the term of the Agreement, and thereafter for a period of five (5) years after the termination of the Agreement (such termination being termination by IMPCO due to default by MINDA/MIL), MIL/MINDA shall not, directly or indirectly, either alone or collectively or through any of its associates, affiliates, including subsidiaries or any entity owned or controlled by it enter into another joint venture agreement or marketing/distribution agreement with any company or persons in respect 15 of the marketing and sale of goods similar to the Products in the Territory. by using the Technical Know-How",0,0,0,0,0,1
INGEVITYCORP_05_16_2016-EX-10.5-INTELLECTUAL PROPERTY AGREEMENT,"This Agreement may be terminated at any time prior to the Effective Time by Parent, in its sole and absolute discretion, without the approval or consent of",1,0,0,0,0,0
INGEVITYCORP_05_16_2016-EX-10.5-INTELLECTUAL PROPERTY AGREEMENT,"any other Person, including SpinCo.",1,0,0,0,0,0
INKTOMICORP_06_08_1998-EX-10.14-SOFTWARE HOSTING AGREEMENT,EXCEPT FOR [*] CAUSED BY A [*] OF,0,0,0,1,1,0
INKTOMICORP_06_08_1998-EX-10.14-SOFTWARE HOSTING AGREEMENT,Microsoft may terminate this Agreement at any time without cause upon [*] ([*]) days prior written notice.,1,0,0,0,0,0
INKTOMICORP_06_08_1998-EX-10.14-SOFTWARE HOSTING AGREEMENT,"SECTION [*], NEITHER PARTY SHALL BE [*] (IN [*] WITH OR PURSUANT TO THIS AGREEMENT AND THE ANCILLARY AGREEMENTS TAKEN AS A WHOLE) FOR ANY [*], [*] OR [*] [*] (INCLUDING [*]) [*] OF [*] ([*]) [*] OF THE [*] OF [*], EVEN IF [*] HAD BEEN [*] OF THE [*] OF SUCH [*].",0,0,0,1,1,0
"INNOVIVA,INC_08_07_2014-EX-10.1-COLLABORATION AGREEMENT","The Party subject to the Force Majeure Event shall not be liable to the other Party for any direct, indirect, consequential, incidental, special, punitive, exemplary or other damages arising out of or relating to the suspension or termination of any of its obligations or duties under this Agreement by reason of the occurrence of a Force Majeure Event, provided such Party complies in all material respects with its obligations under this Section 16.3.",0,0,0,1,0,0
"INTELLIGENTHIGHWAYSOLUTIONS,INC_01_18_2018-EX-10.1-Strategic Alliance Agreement","The term of this Agreement is twelve (12) months from the date hereof, and will be automatically renewed for one (1) additional twelve month period unless either party shall notify the other in writing of its intention not to renew.",0,1,0,0,0,0
"INTELLIGENTHIGHWAYSOLUTIONS,INC_01_18_2018-EX-10.1-Strategic Alliance Agreement","The term of this Agreement is twelve (12) months from the date hereof, and will be automatically renewed for one (1) additional twelve month period unless either party shall notify the other in writing of its intention not to renew. Such notice must be given ninety (90) days prior to expiration of the original term.",0,0,1,0,0,0
"INTELLIGENTHIGHWAYSOLUTIONS,INC_01_18_2018-EX-10.1-Strategic Alliance Agreement",This Agreement may also be terminated by either party upon ninety (90) days written notice.,1,0,0,0,0,0
INTERNATIONALFASTFOODCORP_04_04_1997-EX-99-FRANCHISE AGREEMENT,"Neither the Principals nor the Franchisee shall directly or indirectly (through stock ownership, partnership, trust, joint venture, management contract, or otherwise) (a) have any interest in another ""Fast Food Hamburger Restaurant"" during the term of this Agreement, or (b) for a period of one ye ar after termination or expiration of this Agreement, have any interest in another Fast Food Hamburger Restaurant business at or within such distance of the Location as is stated SCHEDULE 1.",0,0,0,0,0,1
INTERNATIONALFASTFOODCORP_04_04_1997-EX-99-FRANCHISE AGREEMENT,"The Franchisee agrees, during the term of this Agreement and thereafter, not to directly or indirectly engage in the operation of any restaurant, except as licensed by BKC, which utilizes or duplicates the Burger King System or any part thereof.",0,0,0,0,0,1
"INTERSECTENT,INC_05_11_2020-EX-10.1-SUPPLY AGREEMENT","FURTHER AND NOTWITHSTANDING ANYTHING TO THE CONTRARY IN THIS AGREEMENT, THE TOTAL LIABILITY PER YEAR OF HOVIONE SHALL BE LIMITED TO THE VALUE OF THE REVENUES COLLECTED IN THE PREVIOUS CONTRACTUAL YEAR.",0,0,0,1,0,0
"INTERSECTENT,INC_05_11_2020-EX-10.1-SUPPLY AGREEMENT","NOTWITHSTANDING ANYTHING IN THIS AGREEMENT TO THE CONTRARY, IN NO EVENT WILL EITHER PARTY BE LIABLE FOR ANY SPECIAL, INCIDENTAL, CONSEQUENTIAL OR INDIRECT DAMAGES ARISING OUT OF THIS AGREEMENT, HOWEVER CAUSED AND ON ANY THEORY OF LIABILITY.",0,0,0,1,0,0
INTRICONCORP_03_10_2009-EX-10.22-Strategic Alliance Agreement,(i) if the breach relates to goods: (A) the replacement of goods or the supply of equivalent goods; or (B) the repair of such goods; and (ii) if the breach relates to services: the supplying of the services again.,0,0,0,1,0,0
INTRICONCORP_03_10_2009-EX-10.22-Strategic Alliance Agreement,"Dynamic Hearing is not liable in any way to IntriCon for any indirect, consequential, third party, special or incidental harm, liability, expense, cost, loss or damage, loss of profits, loss of data, exemplary damages or any other indirect commercial or economic loss of any kind whatsoever incurred by IntriCon whether in negligence, tort, equity, contract or otherwise, arising in connection with this Agreement;",0,0,0,1,0,0
INTRICONCORP_03_10_2009-EX-10.22-Strategic Alliance Agreement,"Dynamic Hearing's aggregate liability to IntriCon for direct loss and damages and all other liability not described herein arising in connection with this Agreement whether in negligence, tort, equity, contract or otherwise, is limited to payment of damages recoverable at law or equity up to a maximum of (and, for the sake of clarity must not exceed) $5m;",0,0,0,1,0,0
INTRICONCORP_03_10_2009-EX-10.22-Strategic Alliance Agreement,"IntriCon is not liable in any way to Dynamic Hearing for any indirect, consequential, third party, special or incidental harm, liability, expense, cost, loss or damage, loss of profits, loss of data, exemplary damages or any other indirect commercial or economic loss of any kind whatsoever incurred by Dynamic Hearing whether in negligence, tort, equity, contract or otherwise, arising in connection with this Agreement;",0,0,0,1,0,0
INTRICONCORP_03_10_2009-EX-10.22-Strategic Alliance Agreement,"Subject to the provisions of 11.1, Dynamic Hearing may terminate this Agreement upon three (3) months written notice to IntriCon of such termination.",1,0,0,0,0,0
INTRICONCORP_03_10_2009-EX-10.22-Strategic Alliance Agreement,"if any legislation implies in this Agreement any term or warranty which cannot be excluded or modified, the liability of Dynamic Hearing for a breach of any such term or warranty is limited, at the option of Dynamic Hearing, to any one or more of the following:",0,0,0,1,0,0
"IOVANCEBIOTHERAPEUTICS,INC_08_03_2017-EX-10.1-STRATEGIC ALLIANCE AGREEMENT","Accordingly, LBIO shall have available, in addition to any other right or remedy available to it, the right to seek an injunction from a court of competent jurisdiction restraining such a breach (or threatened breach) and to specific performance of any such Section.",0,0,0,0,1,0
"IOVANCEBIOTHERAPEUTICS,INC_08_03_2017-EX-10.1-STRATEGIC ALLIANCE AGREEMENT","NEITHER LBIO NOR MD ANDERSON, NOR ANY OF THEIR AFFILIATES, NOR ANY OF THEIR RESPECTIVE DIRECTORS, OFFICERS, MEMBERS OR EMPLOYEES, SHALL HAVE ANY LIABILITY OF ANY TYPE, FOR ANY SPECIAL, PUNITIVE, INCIDENTAL, INDIRECT OR CONSEQUENTIAL DAMAGES, INCLUDING THE LOSS OF OPPORTUNITY, LOSS OF USE, OR LOSS OF REVENUE OR PROFIT, IN CONNECTION WITH OR ARISING OUT OF THIS AGREEMENT OR ANY STUDY ORDER; PROVIDED, THAT, THE FOREGOING DISCLAIMER SHALL NOT APPLY WITH RESPECT TO (1) A PARTY'S INDEMNIFICATION OBLIGATIONS, (2) A PARTY'S BREACH OF ITS OBLIGATIONS UNDER THIS AGREEMENT WITH RESPECT TO CONFIDENTIALITY AND NON-USE OR INTELLECTUAL PROPERTY-RELATED MATTERS OR (3) A PARTY'S GROSS NEGLIGENCE OR WILLFUL MISCONDUCT.",0,0,0,1,1,0
"IPAYMENT,INC_05_14_2007-EX-10.1-SPONSORSHIP AGREEMENT",(j) At any time upon one hundred eighty (180) days prior written notice to the SERVICERS with no penalty.,1,0,0,0,0,0
"IPAYMENT,INC_05_14_2007-EX-10.1-SPONSORSHIP AGREEMENT",(k) Upon the termination of the Service Agreement for any reason with one hundred eighty (180) days prior written notice to ISO;,1,0,0,0,0,0
"IPAYMENT,INC_05_14_2007-EX-10.1-SPONSORSHIP AGREEMENT",ISO may terminate this Agreement prior to its expiration for cause upon prior written notice to SERVICERS as follows:,1,0,0,0,0,0
"IPAYMENT,INC_05_14_2007-EX-10.1-SPONSORSHIP AGREEMENT","Notwithstanding anything in this Agreement to the contrary, in no event shall any party hereto, their respective Affiliates or any of their respective directors, officers, employees, agents or subcontractors, be liable under any theory of tort, contract, strict liability or other legal theory for lost profits, lost revenues, lost business opportunities, exemplary, punitive, special, incidental, indirect or consequential damages, each of which is hereby excluded by agreement of the parties, regardless of whether the damages were foreseeable or whether any party or any entity has been advised of the possibility of the damages.",0,0,0,1,0,0
"IPAYMENT,INC_05_14_2007-EX-10.1-SPONSORSHIP AGREEMENT","Notwithstanding anything in this Agreement to the contrary, the cumulative liability of each of SERVICERS and ISO for all Losses, claims, suits, controversies, breaches or damages arising out of or related to this Agreement",0,0,0,1,0,0
"IPAYMENT,INC_05_14_2007-EX-10.1-SPONSORSHIP AGREEMENT",SERVICERS may terminate this Agreement prior to its expiration for cause upon prior written notice to ISO as follows:,1,0,0,0,0,0
"IPAYMENT,INC_05_14_2007-EX-10.1-SPONSORSHIP AGREEMENT","Thereafter, this Agreement shall automatically continue in effect until either party gives the other at least six (6) months prior written notice of termination.",0,1,1,0,0,0
"IPAYMENT,INC_05_14_2007-EX-10.1-SPONSORSHIP AGREEMENT","regardless of the form of action or legal theory relating to events in any one Processing Year shall not exceed [***] [***] times the amount of clearing/sponsorship fees paid to SERVICERS by ISO pursuant to this Agreement during the immediately preceding [***] [***] full months; provided, however, that this limitation shall not apply to either party's obligation to indemnify the other for credit/fraud losses or Losses arising from or related to the indemnifying party's (or its agents, representatives, Merchants, Other MSP's or IC's) failure to comply with Rules.",0,0,0,1,0,0
IVILLAGEINC_03_17_1999-EX-10.16-SPONSORSHIP AGREEMENT,"NEITHER PARTY SHALL HAVE ANY LIABILITY HEREUNDER FOR ANY INDIRECT, SPECIAL, PUNITIVE OR CONSEQUENTIAL DAMAGES INCLUDING, WITHOUT LIMITATION, LOSS OF PROFIT OR BUSINESS OPPORTUNITIES, WHETHER OR NOT THE PARTY WAS ADVISED OF THE POSSIBILITY OF SUCH.",0,0,0,1,0,0
IVILLAGEINC_03_17_1999-EX-10.16-SPONSORSHIP AGREEMENT,"The Parties agree that prior to July 1, 2000, iVillage will provide FMM with the opportunity to renew this Agreement (the ""Renewal Term"") on terms set forth in a proposal (the ""Proposal) to be presented to FMM. FMM shall indicate its acceptance or rejection of the Proposal no later than August 31, 2000. If iVillage does not receive FMM's acceptance or rejection of the Proposal by August 31, 2000, iVillage may interpret FMM's non response as a rejection of the Proposal.",0,1,0,0,0,0
IbioInc_20200313_8-K_EX-10.1_12052678_EX-10.1_Development Agreement,"Except for claims arising out of Articles 4.3 and 7.0, or as may be set forth in a SOW, neither Party will be liable for any consequential damages, lost profits, lost savings, loss of anticipated revenue, or any exemplary, punitive, special or indirect damages, even if advised of their possibility.",0,0,0,1,1,0
IdeanomicsInc_20151124_8-K_EX-10.2_9354744_EX-10.2_Content License Agreement,"EXCEPT FOR THE ABOVE INDEMNIFICATION OBLIGATIONS AND FOR BREACHES OF SECTION 14, NEITHER PARTY SHALL BE LIABLE TO THE OTHER FOR ANY INCIDENTAL, CONSEQUENTIAL, SPECIAL OR PUNITIVE DAMAGES ARISING OUT OF THIS AGREEMENT (INCLUDING, BUT NOT LIMITED TO, LOSS OF PROFITS), WHETHER IN AN ACTION OR ARISING OUT OF BREACH OF CONTRACT, TORT OR ANY OTHER CAUSE OF ACTION EVEN IF SUCH PARTY HAS BEEN ADVISED OF THE POSSIBILITY OF SUCH DAMAGES.",0,0,0,1,1,0
IdeanomicsInc_20160330_10-K_EX-10.26_9512211_EX-10.26_Content License Agreement,"EXCEPT FOR THE ABOVE INDEMNIFICATION OBLIGATIONS AND FOR BREACHES OF SECTION 14, NEITHER PARTY SHALL BE LIABLE TO THE OTHER FOR ANY INCIDENTAL, CONSEQUENTIAL, SPECIAL OR PUNITIVE DAMAGES ARISING OUT OF THIS AGREEMENT (INCLUDING, BUT NOT LIMITED TO, LOSS OF PROFITS), WHETHER IN AN ACTION OR ARISING OUT OF BREACH OF CONTRACT, TORT OR ANY OTHER CAUSE OF ACTION EVEN IF SUCH PARTY HAS BEEN ADVISED OF THE POSSIBILITY OF SUCH DAMAGES.",0,0,0,1,1,0
ImineCorp_20180725_S-1_EX-10.5_11275970_EX-10.5_Distributor Agreement,"IN NO EVENT SHALL JRVS BE LIABLE FOR COSTS OF PROCUREMENT OF SUBSTITUTE PRODUCTS OR SERVICES, LOST PROFITS OR ANY CONSEQUENTIAL, SPECIAL, INCIDENTAL, OR INDIRECT DAMAGES, HOWEVER CAUSED AND ON ANY THEORY OF LIABILITY (INCLUDING NEGLIGENCE OR STRICT LIABILITY), ARISING OUT OF THIS AGREEMENT.",0,0,0,1,0,0
ImineCorp_20180725_S-1_EX-10.5_11275970_EX-10.5_Distributor Agreement,IN NO EVENT SHALL JRVS'S LIABILITY ARISING OUT OF THIS AGREEMENT EXCEED THE AMOUNT RECEIVED BY JRVS FROM THE DISTRIBUTOR HEREUNDER FOR THE PRODUCT GIVING RISE TO THE LIABILITY.,0,0,0,1,0,0
ImineCorp_20180725_S-1_EX-10.5_11275970_EX-10.5_Distributor Agreement,"In the event of termination by either party in accordance with any of the provisions of this Agreement, neither party shall be liable to the other, because of such termination, for compensation, reimbursement or damages on account of the loss of prospective profits or anticipated sales or on account of expenditures, inventory, investments, leases or commitments in connection with the business or goodwill of either party.",0,0,0,1,0,0
ImineCorp_20180725_S-1_EX-10.5_11275970_EX-10.5_Distributor Agreement,"NO ACTIONS, REGARDLESS OF FORM, ARISING OUT OF THIS AGREEMENT, MAY BE BROUGHT BY DISTRIBUTOR MORE THAN ONE (1) YEAR AFTER THE CAUSE OF ACTION HAS ARISEN.",0,0,0,1,0,0
ImineCorp_20180725_S-1_EX-10.5_11275970_EX-10.5_Distributor Agreement,"The Distributor shall not, during the term of this Agreement, directly or indirectly market, sell, distribute, solicit orders within the Territory for any products which are competitive with the iMine Products unless JRVS consents thereto in writing in advance, based upon the Distributor's full disclosure of the material facts in seeking such consent.",0,0,0,0,0,1
ImineCorp_20180725_S-1_EX-10.5_11275970_EX-10.5_Distributor Agreement,"This Agreement may be terminated by either party for any reason or no reason, whether or not extended beyond the initial term, by giving the other party written notice ninety (90) days in advance.",1,0,0,0,0,0
ImpresseCorp_20000322_S-1A_EX-10.11_5199234_EX-10.11_Co-Branding Agreement,"Beginning on the Launch Date and continuing during the Term, VerticalNet shall not place advertising relating to the commercial printing entities listed on Exhibit ""A,"" or other such entities subsequently identified by Impresse, on the VerticalNet Area of the Co-Branded Site.",0,0,0,0,0,1
ImpresseCorp_20000322_S-1A_EX-10.11_5199234_EX-10.11_Co-Branding Agreement,"EXCEPT IN CONNECTION WITH A BREACH BY EITHER PARTY OF ARTICLE 7 OR SECTION 8.1.5 [REPRESENTATIONS AND WARRANTIES] (v) AND THE INDEMNIFICATION OBLIGATIONS OF IMPRESSE UNDER SECTION 9.4(i)(d) [INDEMNIFICATION BY IMPRESSE] AND THE INDEMNIFICATION OBLIGATIONS OF VERTICALNET UNDER SECTION 9.5(i)(d) [INDEMNIFICATION BY VERTICALNET], NEITHER PARTY WILL BE LIABLE FOR ANY SPECIAL, INDIRECT, CONSEQUENTIAL, EXEMPLARY OR INCIDENTAL DAMAGES ARISING OUT OF OR RELATED TO THIS AGREEMENT, HOWEVER CAUSED AND UNDER ANY THEORY OF LIABILITY (INCLUDING NEGLIGENCE), EVEN IF SUCH PARTY HAS BEEN ADVISED OF THE POSSIBILITY OF SUCH DAMAGES.",0,0,0,1,1,0
ImpresseCorp_20000322_S-1A_EX-10.11_5199234_EX-10.11_Co-Branding Agreement,Except for claims under Sections 9.4 [INDEMNIFICATION BY IMPRESSE] and 9.5 [INDEMNIFICATION BY VERTICALNET],0,0,0,1,1,0
ImpresseCorp_20000322_S-1A_EX-10.11_5199234_EX-10.11_Co-Branding Agreement,"hereof, neither party may bring a claim or action regardless of form, arising out of or related to this Agreement, including any claim of fraud or misrepresentation, more than two years after the cause of action accrues or becomes known, whichever is later.",0,0,0,1,1,0
InmodeLtd_20190729_F-1A_EX-10.9_11743243_EX-10.9_Manufacturing Agreement,"During the Term, of this Agreement and for an additional period of two (2) years from the date of termination of this Agreement, the Contractor undertakes not to develop on its own account any Product.",0,0,0,0,0,1
InmodeLtd_20190729_F-1A_EX-10.9_11743243_EX-10.9_Manufacturing Agreement,"IN ADDITION, NOTWITHSTANDING ANYTHING TO THE CONTRARY HEREIN OR OTHERWISE, THE PARTIES ACKNOWLEDGE THAT AS AN ELECTRONIC MANUFACTURING SERVICES PROVIDER WORKING ON A COST PLUS BASIS SUPPLIER MUST LIMIT ITS LIABILITY IN CONNECTION HEREWITH AND THEREFORE, CONTRACTOR'S LIABILITY IS FURTHER LIMITED IN ANY EVENT, UNDER ANY LAW, RULE OR REGULATION, TO ANY AMOUNT IT ACTUALLY RECEIVED IN CONSIDERATION OF THE MANUFACTURING SUBJECT MATTER OF THE RESPECTIVE CLAIM OR DEMAND BY CUSTOMER OR ANY THIRD PARTY.",0,0,0,1,0,0
InmodeLtd_20190729_F-1A_EX-10.9_11743243_EX-10.9_Manufacturing Agreement,"IN NO EVENT SHALL EITHER PARTY BE LIABLE TO THE OTHER FOR ANY INCIDENTAL, CONSEQUENTIAL, SPECIAL OR PUNITIVE DAMAGES OF ANY KIND OR NATURE ARISING OUT OF THIS AGREEMENT OR THE SALE OF PRODUCTS, WHETHER SUCH LIABILITY IS ASSERTED ON THE BASIS OF CONTRACT, TORT (INCLUDING THE POSSIBILITY OF NEGLIGENCE OR STRICT LIABILITY), OR OTHERWISE, EVEN IF THE PARTY HAS BEEN WARNED OF THE POSSIBILITY OF ANY SUCH LOSS OR DAMAGE.",0,0,0,1,0,0
InmodeLtd_20190729_F-1A_EX-10.9_11743243_EX-10.9_Manufacturing Agreement,"Notwithstanding anything to the contrary stated in this Agreement, either party may terminate this Agreement at any time without cause by giving to the other party, not less than four (4) months written notice.",1,0,0,0,0,0
InmodeLtd_20190729_F-1A_EX-10.9_11743243_EX-10.9_Manufacturing Agreement,"This Agreement shall automatically be renewed for successive one (1) year increments unless either party request in writing, at least ninety (90) days prior to the anniversary date, that this Agreement not to be renewed.",0,1,1,0,0,0
InmodeLtd_20190729_F-1A_EX-10.9_11743243_EX-10.9_Manufacturing Agreement,"Upon any failure of a Product to comply with the above warranty, Contractor's sole obligation, and Customer's sole remedy, is for Contractor, at its option, to promptly repair or replace such Product and return it to Customer freight prepaid.",0,0,0,1,0,0
InnerscopeHearingTechnologiesInc_20181109_8-K_EX-10.6_11419704_EX-10.6_Distributor Agreement,"During the term of this agreement, Distributor shall not market, sell advertise or promote the sale or use of any product or device which is competitive with or substantially similar to the Products, without the prior express written consent of Erchonia, nor shall they assist any third party in doing so.",0,0,0,0,0,1
InnerscopeHearingTechnologiesInc_20181109_8-K_EX-10.6_11419704_EX-10.6_Distributor Agreement,"IN NO EVENT SHALL Erchonia BE LIABLE FOR ANY LOSS OF PROFIT OR ANY OTHER COMMERCIAL DAMAGE, INCLUDING BUT NOT LIMITED TO SPECIAL, INCIDENTAL, CONSEQUENTIAL OR OTHER INDIRECT DAMAGES UNDER ANY CAUSE OF ACTION ARISING OUT OF OR RELATING TO THIS AGREEMENT, INCLUDING, WITHOUT LIMITATION, CLAIMS ARISING FROM MALFUNCTION OR DEFECTS IN THE PRODUCTS.",0,0,0,1,0,0
InnerscopeHearingTechnologiesInc_20181109_8-K_EX-10.6_11419704_EX-10.6_Distributor Agreement,This agreement shall automatically renew for a period of three (3) years and upon the parties mutual agreement on new minimum performance goals for the renewal period.,0,1,0,0,0,0
IntegrityFunds_20200121_485BPOS_EX-99.E UNDR CONTR_11948727_EX-99.E UNDR CONTR_Service Agreement,"This Agreement shall continue until January 18, 2022, and thereafter shall continue automatically for successive annual periods ending on January 18th of each year, provided such continuance is specifically approved at least annually by (a) the Fund's Board of Trustees and (b) a vote of a majority (as defined in the 1940 Act) of the Fund's Trustees who are not interested persons (as defined in the 1940 Act) of the Fund and who have no direct or indirect financial interest in the operation of the Plan, in this Agreement, or any agreement related to the Plan (the ""Qualified Trustees""), by vote cast in person at a meeting called for the purpose of voting on such approval.",0,1,0,0,0,0
InvendaCorp_20000828_S-1A_EX-10.2_2588206_EX-10.2_Co-Branding Agreement,"Application Provider will not serve advertising on the Co-Branded Application for any ""Excite@Home Named Competitor,"" as specified in EXHIBIT E.",0,0,0,0,0,1
InvendaCorp_20000828_S-1A_EX-10.2_2588206_EX-10.2_Co-Branding Agreement,"Competitors. Not more than once per quarter, Excite@Home may update the list of Excite@Home Named Competitors, but may not add to the list any company with which e-centives has a material existing relationship as of the Effective Date of this Agreement.",0,0,0,0,0,1
InvendaCorp_20000828_S-1A_EX-10.2_2588206_EX-10.2_Co-Branding Agreement,"Except as provided by Sections 19(a)(iii)(2), (a)(iii)(3), (b)(iii)(2) and (b)(iii)(3): a) Neither party will have liability for any damages other than direct damages. In no event will either party be liable to the other for any special, incidental or consequential damages, whether based on breach of contract, tort (including negligence) or otherwise, whether or not that party has been advised of the possibility of such damage. b) Either party's liability for damages shall be limited to the amounts actually paid by the other party.",0,0,0,1,1,0
InvendaCorp_20000828_S-1A_EX-10.2_2588206_EX-10.2_Co-Branding Agreement,Excite@Home may designate no more than 10 companies as Named Competitors.,0,0,0,0,0,1
InvendaCorp_20000828_S-1A_EX-10.2_2588206_EX-10.2_Co-Branding Agreement,Excite@Home shall not offer any Excite-branded or Excite-co-branded service during the Term of this Agreement that is substantially similar in functionally to the Co-Branded Application.,0,0,0,0,0,1
InvendaCorp_20000828_S-1A_EX-10.2_2588206_EX-10.2_Co-Branding Agreement,Excite@Home shall not promote competing services in such contact or otherwise discourage Program Members from continuing to use the e-centives service as provided directly by e-centives.,0,0,0,0,0,1
InvendaCorp_20000828_S-1A_EX-10.2_2588206_EX-10.2_Co-Branding Agreement,"Excite@Home will not serve advertising on the Co-Branded Application for any ""Application Provider Named Competitor,"" as specified in EXHIBIT E.",0,0,0,0,0,1
InvendaCorp_20000828_S-1A_EX-10.2_2588206_EX-10.2_Co-Branding Agreement,"Furthermore, Excite@Home may not sell, disclose, transfer, rent, or license Shopping Category Data or Superset Data to Data Restricted Named Companies as specified in EXHIBIT I.",0,0,0,0,0,1
InvendaCorp_20000828_S-1A_EX-10.2_2588206_EX-10.2_Co-Branding Agreement,"In no event may either party sell, disclose, transfer, rent, or license Payment-Eligible User Data to the other party's Named Competitors as listed in EXHIBIT E.",0,0,0,0,0,1
InvendaCorp_20000828_S-1A_EX-10.2_2588206_EX-10.2_Co-Branding Agreement,"Not more than once per quarter, Application Provider may update the list of Application Provider Data Restricted Named Companies shown in EXHIBIT I, so long as such list shall not exceed twenty-five (25) companies.",0,0,0,0,0,1
InvendaCorp_20000828_S-1A_EX-10.2_2588206_EX-10.2_Co-Branding Agreement,"Subject to the terms and conditions of this Agreement, Application Provider hereby grants to Excite@Home a royalty-free, non-exclusive, worldwide license to use, reproduce, distribute, transmit and publicly display the e-centives Content in accordance with this Agreement and to sub-license the Application Content to Excite@Home's wholly-owned subsidiaries or to joint ventures in which Excite@Home participates for the sole purpose of using, reproducing, distributing, transmitting and publicly displaying the e-centives Content in accordance with this Agreement, provided that no such sublicensing shall be to Application Provider Named Competitors.",0,0,0,0,0,1
InvendaCorp_20000828_S-1A_EX-10.2_2588206_EX-10.2_Co-Branding Agreement,"Within three business days of receiving Application Provider's written update, Excite@Home will remove any advertising from Application Provider's listed competitors displayed on the Co-Branded Pages.",0,0,0,0,0,1
InvendaCorp_20000828_S-1A_EX-10.2_2588206_EX-10.2_Co-Branding Agreement,"Within three business days of receiving Excite@Home's written update, Application Provider will remove any advertising from Excite@Home's listed competitors displayed on the Co-Branded Pages.",0,0,0,0,0,1
IpassInc_20181203_8-K_EX-99.1_11445874_EX-99.1_Reseller Agreement,"CHANNEL PARTNER'S PAYMENT OBLIGATIONS, LIABILITY FOR EARLY TERMINATION FEES OR CHARGES, BREACHES OF CONFIDENTIALITY BY EITHER PARTY, MISAPPROPRIATION OF INTELLECTUAL PROPERTY RIGHTS OF THE OTHER PARTY, AND THE PARTIES' INDEMNIFICATION OBLIGATIONS UNDER THIS AGREEMENT ARE EXCLUDED FROM THESE LIMITATIONS OF LIABILITY.",0,0,0,0,1,0
IpassInc_20181203_8-K_EX-99.1_11445874_EX-99.1_Reseller Agreement,"EACH PARTY'S MAXIMUM LIABILITY FOR DAMAGES CAUSED BY ITS FAILURE TO PERFORM ITS OBLIGATIONS UNDER THE AGREEMENT IS LIMITED TO: (A) PROVEN DIRECT DAMAGES FOR CLAIMS ARISING OUT OF PERSONAL INJURY OR DEATH, OR DAMAGE TO TANGIBLE PROPERTY CAUSED BY THE PARTY'S NEGLIGENT OR WILLFUL MISCONDUCT; AND (B) PROVEN DIRECT DAMAGES FOR ANY AND ALL CLAIMS ARISING FROM OR IN CONNECTION WITH OR RELATING TO THIS AGREEMENT OR THE LICENSED SOFTWARE OR SERVICES, NOT TO EXCEED AN AMOUNT EQUAL TO THE AMOUNT OF FEES ACTUALLY PAID BY CHANNEL PARTNER TO IPASS DURING THE SIX (6) MONTHS PRECEDING THE FIRST EVENT GIVING RISE TO SUCH LIABILITY. ALL CLAIMS AGAINST THE PARTIES WILL BE AGGREGATED TO DETERMINE SATISFACTION OF THIS LIMIT, AND MULTIPLE CLAIMS WILL NOT ENLARGE THE LIMIT.",0,0,0,1,0,0
IpassInc_20181203_8-K_EX-99.1_11445874_EX-99.1_Reseller Agreement,"NEITHER PARTY WILL BE LIABLE FOR ANY SPECIAL, INCIDENTAL, INDIRECT, EXEMPLARY, PUNITIVE, OR CONSEQUENTIAL DAMAGES ARISING OUT OF OR IN CONNECTION WITH THIS AGREEMENT OR THE USE OF THE LICENSED SOFTWARE, THE SERVICES OR DOCUMENTATION, WHETHER FROM BREACH OF CONTRACT OR WARRANTY, FROM NEGLIGENCE, STRICT LIABILITY OR OTHER CAUSE OF ACTION, EVEN IF SUCH PARTY HAS BEEN ADVISED OF THE POSSIBILITY OF SUCH DAMAGES.",0,0,0,1,0,0
IpassInc_20181203_8-K_EX-99.1_11445874_EX-99.1_Reseller Agreement,"TO THE MAXIMUM EXTENT PERMITTED BY APPLICABLE LAW, IN NO EVENT SHALL CHANNEL PARTNER, IPASS OR ITS SUPPLIERS BE LIABLE FOR ANY SPECIAL, INCIDENTAL OR CONSEQUENTIAL DAMAGES, OR FOR INTERRUPTED COMMUNICATIONS, LOST DATA OR LOST PROFITS, ARISING OUT OF OR IN CONNECTION WITH THE SERVICE.",0,0,0,1,0,0
IpassInc_20181203_8-K_EX-99.1_11445874_EX-99.1_Reseller Agreement,"The Agreement shall automatically renew for successive one (1) year terms (each a ""Renewal Term"") unless either party provides the other party written notification of its intent to terminate the Agreement no later than sixty (60) days prior to the end of the then applicable term.",0,1,1,0,0,0
JINGWEIINTERNATIONALLTD_10_04_2007-EX-10.7-INTELLECTUAL PROPERTY AGREEMENT,"During the term of this Agreement, Party A may terminate this Agreement at any time with a written notice to Party B 30 days before such termination.",1,0,0,0,0,0
JOINTCORP_09_19_2014-EX-10.15-FRANCHISE AGREEMENT,"Except with respect to your obligations to indemnify us and claims that we may bring under Sections 7, 9, 15, or 16 of this Agreement, and except for claims arising from your non-payment or underpayment of any amounts owed to us or our affiliates, (1) any and all claims arising out of or related to this Agreement or the relationship between you and us shall be barred, by express agreement of the parties, unless an action or proceeding is commenced within two (2) years from the date the cause of action accrues; and (2) you and we hereby waive to the fullest extent permitted by law, any right to or claim for any punitive or exemplary damages against the other, and agree that, except to the extent provided to the contrary in this Agreement, in the event of a dispute between you and us, each party will be limited to the recovery of any actual damages sustained by it.",0,0,0,1,1,0
JOINTCORP_09_19_2014-EX-10.15-FRANCHISE AGREEMENT,"Should you choose to renew the Franchise, you must provide us with written notice of that intent no earlier than two (2) years and no later than one (1) year before the expiration of the Initial Term.",0,1,0,0,0,0
JOINTCORP_09_19_2014-EX-10.15-FRANCHISE AGREEMENT,"Subject to the provisions of subparagraph 2.6(b) below, and if you have substantially complied with all provisions of this Agreement and all other agreements between us, on expiration of the Initial Term, if you refurbish and decorate the Premises, replace fixtures, furnishings, wall decor, furniture, equipment, and signs and otherwise modify the Franchise in compliance with specifications and standards then applicable under new or renewal franchises for The Joint Corp. Location franchises, you will have the right to renew the Franchise for one (1) additional term of ten (10) years (the ""Renewal Term"").",0,1,0,0,0,0
JOINTCORP_09_19_2014-EX-10.15-FRANCHISE AGREEMENT,"Therefore, during the term of this Agreement, neither you, nor any Principal Owner, nor any member of your immediate family or of the immediate family of any Principal Owner, shall perform services for, or have any direct or indirect interest as a disclosed or beneficial owner, investor, partner, director, officer, employee, manager, consultant, representative, or agent in, any business that offers products or services the same as or similar to those offered or sold at The Joint Corp. Location franchises.",0,0,0,0,0,1
JOINTCORP_09_19_2014-EX-10.15-FRANCHISE AGREEMENT,"Upon expiration or termination of this Agreement for any reason, you agree not to engage in a competitive business for a period of two (2) years after the termination or expiration and within twenty-five (25) miles of your Franchise Premises or any other The Joint Corp. Location franchise location.",0,0,0,0,0,1
JOINTCORP_09_19_2014-EX-10.15-FRANCHISE AGREEMENT,We will have the right to terminate the Ad Fund by giving you thirty (30) days' advance written notice.,1,0,0,0,0,0
JOINTCORP_09_19_2014-EX-10.15-FRANCHISE AGREEMENT,you and your Principal Owners must enter into a non-competition agreement wherein you agree not to engage in a competitive business for a period of two (2) years after the Transfer and within twenty-five (25) miles of your Franchise Premises or any other The Joint Corp. Location franchise location;,0,0,0,0,0,1
KALLOINC_11_03_2011-EX-10.1-STRATEGIC ALLIANCE AGREEMENT,Agent may not offer or promote competitive products without the consent of Kallo.,0,0,0,0,0,1
KALLOINC_11_03_2011-EX-10.1-STRATEGIC ALLIANCE AGREEMENT,"In no event shall Kallo be liable for indirect, consequential, or incidental damages (including damages for loss of business profits, business interruption, loss of business information, and the like) arising out of the relationship between Kallo and Agent even if it has been advised of the possibility of such damages.",0,0,0,1,0,0
KALLOINC_11_03_2011-EX-10.1-STRATEGIC ALLIANCE AGREEMENT,"Kallo's cumulative liability under this agreement, including any cause of action in contract, tort or strict liability, shall be limited to the license fees paid by agent during the 12 months prior to such event.",0,0,0,1,0,0
KINGPHARMACEUTICALSINC_08_09_2006-EX-10.1-PROMOTION AGREEMENT,"Except as expressly contemplated by this Agreement (including Article XIII hereof) and subject to Section 13.1 hereof, King shall not promote, market or distribute any product containing metformin hydrochloride as the sole active ingredient in the Territory during the Term of this Agreement, other than the Product.",0,0,0,0,0,1
KINGPHARMACEUTICALSINC_08_09_2006-EX-10.1-PROMOTION AGREEMENT,"Except as set forth above, Depomed shall be under no liability whatsoever to compensate King or make any other payment to King for any decision to recall, initiate a market withdrawal or take any other corrective action with respect to the Product.",0,0,0,1,0,0
KINGPHARMACEUTICALSINC_08_09_2006-EX-10.1-PROMOTION AGREEMENT,"In the event that a Depomed Supply Failure occurs, notwithstanding its compliance with its obligations under Section 6.1, to fulfill all orders for the Product generated by King activities in a timely and efficient manner, upon written notice to Depomed (a ""King Manufacturing Notice""), King shall have, and hereby grants King, exercisable only in accordance with the provisions hereof, the right, but not the obligation, to manufacture, or have manufactured, the Product on behalf of Depomed, at Depomed's expense, including expenses related to the technical transfer of the Product, and Depomed will provide reasonable assistance to King in connection therewith, including by transferring or licensing to King all Technology necessary or useful to give King the capability of manufacturing the Product so that King can undertake manufacture of the Product; provided, however, that Depomed shall not be required to reimburse King for more than [***] percent ([***]%) of Depomed's standard cost for such Product.",0,0,0,1,0,0
KINGPHARMACEUTICALSINC_08_09_2006-EX-10.1-PROMOTION AGREEMENT,"NEITHER KING NOR DEPOMED (WHICH FOR THE PURPOSES OF THIS SECTION 11.2 SHALL INCLUDE THEIR RESPECTIVE AFFILIATES, DIRECTORS, OFFICERS, EMPLOYEES AND AGENTS) SHALL HAVE ANY LIABILITY TO THE OTHER FOR ANY PUNITIVE DAMAGES, SPECIAL, INCIDENTAL, CONSEQUENTIAL OR INDIRECT DAMAGES, RELATING TO OR ARISING FROM THIS AGREEMENT, EVEN IF SUCH DAMAGES MAY HAVE BEEN FORESEEABLE; PROVIDED THAT SUCH LIMITATION SHALL NOT APPLY IN THE CASE OF FRAUD OR WILLFUL MISCONDUCT.",0,0,0,1,0,0
KINGPHARMACEUTICALSINC_08_09_2006-EX-10.1-PROMOTION AGREEMENT,"The Term of this Agreement shall be extended for subsequent one year periods upon the mutual agreement of the parties, which agreement shall be set forth in writing (in which event a party that desires to so extend the Term of this Agreement shall notify the other party at least 120 days prior to the termination of this Agreement).",0,1,0,0,0,0
"KIROMICBIOPHARMA,INC_04_08_2020-EX-10.28-JOINT VENTURE AGREEMENT","This JV Agreement shall become effective on the signing date and shall have a duration of * years, extendable for a further * years, unless notice of non- renewal is sent one year before the natural expiry date.",0,1,1,0,0,0
"KIROMICBIOPHARMA,INC_05_11_2020-EX-10.23-CONSULTING AGREEMENT","Consultant hereby certifies that Consultant has no outstanding agreement or obligation that is in conflict with any of the provisions of this Agreement, or that would preclude Consultant from complying with the provisions hereof, and further certifies that Consultant will not enter into any such conflicting agreement during the term of this Agreement.",0,0,0,0,0,1
"KIROMICBIOPHARMA,INC_05_11_2020-EX-10.23-CONSULTING AGREEMENT",Either Consultant or Company may terminate this Agreement upon prior written notice thereof to the other party.,1,0,0,0,0,0
"KIROMICBIOPHARMA,INC_05_11_2020-EX-10.23-CONSULTING AGREEMENT","Services performed under this Agreement from Consultant's work done for any other companies for whom Consultant is providing services so as to minimize any questions of disclosure of, or rights under, any inventions, (B) to notify the Company if at any time the Consultant believes that such questions may result from his or her performance under this Agreement and (C) to assist the Company in fairly resolving any questions in this regard which may arise.",0,0,0,0,0,1
"KIROMICBIOPHARMA,INC_05_11_2020-EX-10.23-CONSULTING AGREEMENT","Subject to written waivers that may be provided by the Company upon request, which shall not be unreasonably withheld, Consultant agrees that, during the term of this Agreement, Consultant will not directly or indirectly (i) participate in the formation of any business or commercial entity in the Field of Interest or otherwise competitive with the Company.",0,0,0,0,0,1
"KIROMICBIOPHARMA,INC_05_11_2020-EX-10.23-CONSULTING AGREEMENT","Without limiting the foregoing, Consultant agrees to use his or her best efforts (A) to segregate Consultant's",0,0,0,0,0,1
"KUBIENT,INC_07_02_2020-EX-10.14-MASTER SERVICES AGREEMENT_Part1","EXCEPT WITH RESPECT TO THE PARTIES' LIABILITY FOR INDEMNIFICATION, OR LIABILITY FOR BREACH OF CONFIDENTIALITY, NEITHER PARTY SHALL BE LIABLE FOR ANY CONSEQUENTIAL, INCIDENTAL, INDIRECT, PUNITIVE, SPECIAL OR OTHER SIMILAR DAMAGES, WHETHER OR NOT CAUSED BY THE OTHER PARTY'S EMPLOYEES OR REPRESENTATIVES„ WHETHER UNDER TORT (INCLUDING NEGLIGENCE), CONTRACT OR OTHER THEORIES OF RECOVERY, EVEN IF THE OTHER PARTY WAS OR SHOULD HAVE BEEN AWARE OR WAS ADVISED OF THE POSSIBILITY OF SUCH DAMAGES.",0,0,0,0,1,0
"KUBIENT,INC_07_02_2020-EX-10.14-MASTER SERVICES AGREEMENT_Part1","EXCEPT WITH RESPECT TO THE PARTIES' LIABILITY FOR INDEMNIFICATION, OR LIABILITY FOR BREACH OF CONFIDENTIALITY, NEITHER PARTY SHALL BE LIABLE FOR ANY CONSEQUENTIAL, INCIDENTAL, INDIRECT, PUNITIVE, SPECIAL OR OTHER SIMILAR DAMAGES, WHETHER OR NOT CAUSED BY THE OTHER PARTY'S EMPLOYEES OR REPRESENTATIVES„ WHETHER UNDER TORT (INCLUDING NEGLIGENCE), CONTRACT OR OTHER THEORIES OF RECOVERY, EVEN IF THE OTHER PARTY WAS OR SHOULD HAVE BEEN AWARE OR WAS ADVISED OF THE POSSIBILITY OF SUCH DAMAGES. 8. Arbitration.",0,0,0,1,0,0
"KUBIENT,INC_07_02_2020-EX-10.14-MASTER SERVICES AGREEMENT_Part1",Either Party may terminate this Agreement for any reason following the Initial Term upon ninety (90) days written notice to the other Party.,1,0,0,0,0,0
"KUBIENT,INC_07_02_2020-EX-10.14-MASTER SERVICES AGREEMENT_Part1","This Agreement will automatically renew for additional 1-year terms unless earlier terminated pursuant to this Agreement's express provisions (together with the Initial Term, such additional periods the ""Term"").",0,1,0,0,0,0
KitovPharmaLtd_20190326_20-F_EX-4.15_11584449_EX-4.15_Manufacturing Agreement,"Dexcel's responsibility for Product supplied by it to Kitov failing to meet the Specifications shall be limited to the replacement of the Product or the refund of the Supply Price paid by Kitov for such order, as agreed by the parties, except as otherwise provided under this Agreement.",0,0,0,1,0,0
KitovPharmaLtd_20190326_20-F_EX-4.15_11584449_EX-4.15_Manufacturing Agreement,"Following the Initial Term, the Agreement shall automatically be renewed for additional periods of **** (each, a ""Renewal Term,"" and, together with the Initial Term, the ""Term"")), unless a Party provides written notification of non-renewal to the other Party at least **** of the Initial Term or a Renewal Term.",0,1,1,0,0,0
KitovPharmaLtd_20190326_20-F_EX-4.15_11584449_EX-4.15_Manufacturing Agreement,"Nothing in this Section ​8.7 shall operate to limit or exclude any liability under Section ​8.5 with respect to a Claim, or for fraud, or for breach by a Party of the provisions of Article ​7.",0,0,0,0,1,0
KitovPharmaLtd_20190326_20-F_EX-4.15_11584449_EX-4.15_Manufacturing Agreement,"Without prejudice to any other limitation (whether effective or not) of either Party's liability, neither Party shall be liable to the other Party (whether in contract, tort (including negligence) or for breach of statutory duty or otherwise) for any loss of profits, use, opportunity, goodwill, business or anticipated savings, for any indirect, incidental, special, indirect, punitive or consequential losses (in each case, irrespective of any negligence or other act, default or omission of a Party (or its employees or agents) and regardless of whether such loss or claim was foreseeable or not and whether the other Party has been informed of the possibility of such loss).",0,0,0,1,0,0
"LEGACYTECHNOLOGYHOLDINGS,INC_12_09_2005-EX-10.2-DISTRIBUTOR AGREEMENT",The term of this Agreement shall be two (2) years from the Effective Date with automatic annual renewals thereafter provided either party does not provide sixty (60) days notice of termination prior to the renewal date or the Agreement is not otherwise terminated as set forth in Section 8.,0,1,1,0,0,0
LEJUHOLDINGSLTD_03_12_2014-EX-10.34-INTERNET CHANNEL COOPERATION AGREEMENT,"Party A may not make any identical or similar cooperation regarding the real estate and home furnishing information, products and data in its real estate and home furnishing channel with any competitor of Party B.",0,0,0,0,0,1
LIGHTBRIDGECORP_11_23_2015-EX-10.26-STRATEGIC ALLIANCE AGREEMENT,"This Agreement is effective on the Effective Date and shah continue in effect until the earlier of (a) the fifth (5t h) anniversary of the Effective Date, and (b) termination by either Party for any reason upon thirty (30) days' written notice to the other Party; provided, however, that no Party shall be able to terminate this Agreement so long as such Party is a Defaulting Party under this Agreement.",1,0,0,0,0,0
LIMEENERGYCO_09_09_1999-EX-10-DISTRIBUTOR AGREEMENT,"If Distributor complies with all of the terms of this Agreement, the Agreement shall be renewable on an annual basis for one (1) year terms for up to another ten (10) years on the same terms and conditions as set forth herein.",0,1,0,0,0,0
LOGANSROADHOUSEINC_03_27_1998-EX-10.17-SPONSORSHIP AGREEMENT,"Furthermore, SRP shall not permit any associate or secondary sponsor to suggest in any manner that its sponsorship role is as great as that of Logan's.",0,0,0,0,0,1
LOGANSROADHOUSEINC_03_27_1998-EX-10.17-SPONSORSHIP AGREEMENT,SRP may not obtain any associate or secondary sponsors whose products or concepts compete with Logan's.,0,0,0,0,0,1
LOGANSROADHOUSEINC_03_27_1998-EX-10.17-SPONSORSHIP AGREEMENT,The Driver shall not drive for any other sponsor which competes with Logan's.,0,0,0,0,0,1
LOYALTYPOINTINC_11_16_2004-EX-10.2-RESELLER AGREEMENT,"Notwithstanding anything contained herein to the contrary, the cumulative liability of the parties to one another for any claims, liabilities, losses, damages or expenses, direct or indirect, arising out of or related to this Agreement shall not exceed the lesser of $50,000 or (not including other funding amounts such as the Point value of Cards) or the amount paid by Schoolpop to AEIS for the immediately preceding twelve (12) months provided, however, that in no event shall this limitation of liability apply to any claims, liabilities, losses, damages, or expenses, direct or indirect, arising out of or related to this Agreement brought by the actions of Schoolpop pursuant to paragraphs 4(e), 4(i), 4(k), 4(p), 5(a), 5(b), 6(b), 7(a), 7(d), 14(d.iii), 9(f) and Sections 2, 3 11, 12, and 13, and Exhibit 1 of this Agreement. In no event shall either party be liable to the other, under any theory, for lost profits, exemplary, punitive, special incidental, indirect, or consequential damages.",0,0,0,1,0,0
LUCIDINC_04_15_2011-EX-10.9-DISTRIBUTOR AGREEMENT,"After the initial term, unless terminated, this Agreement will automatically renew for periods of one (1) calendar year each.",0,1,0,0,0,0
LUCIDINC_04_15_2011-EX-10.9-DISTRIBUTOR AGREEMENT,Either party may terminate this agreement by providing Ninety days Written Notice.,1,0,0,0,0,0
LUCIDINC_04_15_2011-EX-10.9-DISTRIBUTOR AGREEMENT,"If Lucid accepts Distributor's order and fails to deliver ordered products, Distributors sole remedy will be limited to refund of money paid to Lucid for any undelivered products.",0,0,0,1,0,0
LUCIDINC_04_15_2011-EX-10.9-DISTRIBUTOR AGREEMENT,"If this Agreement is terminated Lucid shall not be liable for any incidental, indirect; special punitive of consequential damages of any kind, including any perceived or real market development costs.",0,0,0,1,0,0
LUCIDINC_04_15_2011-EX-10.9-DISTRIBUTOR AGREEMENT,In no event will the aggregate liability incurred by Lucid in any action or proceeding exceed the total amount actually paid to Lucid by Distributor for the purchase of the products that actually caused the damage or loss.,0,0,0,1,0,0
LUCIDINC_04_15_2011-EX-10.9-DISTRIBUTOR AGREEMENT,"Lucid will not have any liability or responsibility to Distributor or any other person or entity for any consequential, indirect, special, punitive or incidental damages or lost profits, whether foreseeable or unforeseeable, based on claims of Distributor or Distributor's customers (including but not limited to, claims for loss of data, goodwill, profits, use of money or use of product, interruption in use or availability of data stoppage or other work or impairment or assets) arising out of breach or failure of express or implied warranty, breach of contract, misrepresentation, negligence, strict liability in tort or otherwise, except only in the case of death or personal injury where and to the extent that applicable law requires such liability.",0,0,0,1,0,0
LUCIDINC_04_15_2011-EX-10.9-DISTRIBUTOR AGREEMENT,"The Distributors will not develop, manufacture or sell any equipment or service, which in any way can be considered to be competitive to the equipment or service offered by Lucid to the Distributor as Product.",0,0,0,0,0,1
LeadersonlineInc_20000427_S-1A_EX-10.8_4991089_EX-10.8_Co-Branding Agreement,"EXCEPT IN CONNECTION WITH A BREACH BY EITHER PARTY OF ARTICLE 9 OR SECTION 10.1.4 [Representations and Warranties] (v) AND THE INDEMNIFICATION OBLIGATIONS OF LEADERSONLINE UNDER SECTION 11.4(i)(c) [Indemnification by LeadersOnline] AND THE INDEMNIFICATION OBLIGATIONS OF VERTICALNET UNDER SECTION 11.5(i)(c) [Indemnification by VerticalNet], NEITHER PARTY WILL BE LIABLE FOR ANY SPECIAL, INDIRECT, CONSEQUENTIAL, EXEMPLARY OR INCIDENTAL DAMAGES ARISING OUT OF OR RELATED TO THIS AGREEMENT, HOWEVER CAUSED AND UNDER ANY THEORY",0,0,0,1,1,0
LeadersonlineInc_20000427_S-1A_EX-10.8_4991089_EX-10.8_Co-Branding Agreement,"Except for claims under Sections 11.4 [Indemnification by LeadersOnline] and 11.5 [Indemnification by VerticalNet] hereof, neither Party may bring a claim or action regardless of form, arising out of or related to",0,0,0,1,1,0
LeadersonlineInc_20000427_S-1A_EX-10.8_4991089_EX-10.8_Co-Branding Agreement,"LeadersOnline shall have the option, subject to VerticalNet's approval exercised in its sole and absolute discretion, to extend the Term of this Agreement for an additional 12 months (a ""Renewal Term"") on such terms and conditions as may be mutually agreed upon by the Parties.",0,1,0,0,0,0
LeadersonlineInc_20000427_S-1A_EX-10.8_4991089_EX-10.8_Co-Branding Agreement,"OF LIABILITY (INCLUDING NEGLIGENCE), EVEN IF SUCH PARTY HAS BEEN ADVISED OF THE POSSIBILITY OF SUCH DAMAGES.",0,0,0,1,1,0
LeadersonlineInc_20000427_S-1A_EX-10.8_4991089_EX-10.8_Co-Branding Agreement,"VerticalNet agrees that during the term of this Agreement, it shall not enter into an agreement with Futurestep, Inc. to provide promotional opportunities to Futurestep throughout all of the VerticalNet Online Communities, nor enter into any agreement with Futurestep, Inc. for the joint marketing of each other's Sites or services.",0,0,0,0,0,1
LeadersonlineInc_20000427_S-1A_EX-10.8_4991089_EX-10.8_Co-Branding Agreement,"this Agreement, including any claim of fraud or misrepresentation, more than two years after the cause of action accrues or becomes known, whichever is later.",0,0,0,1,1,0
LegacyEducationAllianceInc_20141110_8-K_EX-10.9_8828866_EX-10.9_Endorsement Agreement,"Talent represents and warrants that he has not granted nor will he grant to any other party any right, permission, or license to use the Property in connection with the advertisement, sale, or promotion of the Product or in connection with products that are identical or substantially similar to the Product.",0,0,0,0,0,1
LegacyEducationAllianceInc_20141110_8-K_EX-10.9_8828866_EX-10.9_Endorsement Agreement,The period of license granted shall be for the Term and shall extend for a period of twenty four (24) months or until terminated as per clause 8 herein.,0,1,0,0,0,0
LegacyEducationAllianceInc_20200330_10-K_EX-10.18_12090678_EX-10.18_Development Agreement,"EXCEPT FOR AMOUNTS PAYABLE TO THIRD PARTIES IN CONNECTION WITH CLAIMS SUBJECT TO THE INDEMNIFICATION PROVISIONS OF SECTION 9.1 OR A BREACH OF EITHER PARTY'S OBLIGATIONS UNDER SECTION 5 (CONFIDENTIALITY), NEITHER PARTY WILL, UNDER ANY CIRCUMSTANCES, BE LIABLE TO THE OTHER PARTY FOR ANY LOST PROFITS OR ANY OTHER SPECIAL, INDIRECT OR CONSEQUENTIAL DAMAGES ARISING OUT OF OR RELATING TO THIS AGREEMENT EVEN IF THE PARTY HAS BEEN NOTIFIED OF THE POSSIBILITY OF SUCH DAMAGES.",0,0,0,1,1,0
LegacyEducationAllianceInc_20200330_10-K_EX-10.18_12090678_EX-10.18_Development Agreement,"Further, during the Term, except as otherwise provided herein, neither T&B nor any of its Affiliates may (1) offer to sell or sell any product or service that is the same or similar to the Products in the Exclusive Field of Use,",0,0,0,0,0,1
LegacyEducationAllianceInc_20200330_10-K_EX-10.18_12090678_EX-10.18_Development Agreement,The Term shall automatically renew thereafter for successive 5-year terms unless either party provides prior written notice of termination not less than 90 days prior to the end of such five-year term.,0,1,1,0,0,0
LegacyEducationAllianceInc_20200330_10-K_EX-10.18_12090678_EX-10.18_Development Agreement,"provided, however, that T&B, in its sole and absolute discretion, shall have the right to terminate this Agreement, including all rights and licenses granted to LEA herein, if and as of the date that any monthly Royalty Payment (as defined in 9.3, below) payable to T&B does not exceed the Minimum Guaranteed Royalty for six (6) consecutive months.",0,0,0,0,0,1
LifewayFoodsInc_20160316_10-K_EX-10.24_9489766_EX-10.24_Endorsement Agreement,"Individual agrees that, during the Term hereof, she will not render similar services for, or permit the use of her name, nickname, likeness, voice, live or recorded performance, photograph, signature or facsimile thereof, and biographical materials in advertising or publicizing in any medium for any other Kefir product, yogurt product, cheese, frozen desserts and other products that compete with products manufactured or distributed by Lifeway and its affiliates, subsidiaries and parent companies other than those products manufactured or distributed by Lifeway and its affiliates, subsidiaries, and parent companies.",0,0,0,0,0,1
LinkPlusCorp_20050802_8-K_EX-10_3240252_EX-10_Affiliate Agreement,Axiometric will have the right to terminate the license to use the office space and to move out of the office space at any time upon two weeks notice.,1,0,0,0,0,0
LinkPlusCorp_20050802_8-K_EX-10_3240252_EX-10_Affiliate Agreement,"No action, case, suit or proceeding, regardless of form, arising out of or related to this Agreement, may be brought by either party more than one (1) year after the cause of action has arisen, or in the case of nonpayment, more than two (2) years from the date of the last payment.",0,0,0,1,0,0
LiquidmetalTechnologiesInc_20200205_8-K_EX-10.1_11968198_EX-10.1_Development Agreement,Either Party may terminate this Agreement for any reason upon providing 180 days prior written notice to the other Party prior to the expiration of the then-current term or unless sooner terminated in accordance with the terms of this Agreement.,1,0,1,0,0,0
LiquidmetalTechnologiesInc_20200205_8-K_EX-10.1_11968198_EX-10.1_Development Agreement,"NEITHER PARTY SHALL BE LIABLE TO OTHER PARTY FOR ANY LOST PROFITS, LOST REVENUES, OR ANY OTHER INCIDENTAL, INDIRECT, PUNITIVE, SPECIAL OR CONSEQUENTIAL DAMAGES WHATSOEVER ARISING OUT OF THIS AGREEMENT OR ANY ORDER, OR OUT OF THE PERFORMANCE OR BREACH OF THIS AGREEMENT OR ANY ORDER, EVEN IF THE PARTY HAS BEEN ADVISED OF THE POSSIBILITY OF SUCH DAMAGES.",0,0,0,1,0,0
LiquidmetalTechnologiesInc_20200205_8-K_EX-10.1_11968198_EX-10.1_Development Agreement,"Upon the expiration of the Term, the Term shall automatically extend for successive 12-month periods until one Party terminates the Agreement by providing at least 180 days prior written notice to the other Party prior to the expiration of the then-current term or unless sooner terminated in accordance with the terms of this Agreement.",0,1,1,0,0,0
"Loop Industries, Inc. - Marketing Agreement","IN NO EVENT WILL EITHER PARTY BE LIABLE TO THE OTHER UNDER THIS AGREEMENT OR OTHERWISE FOR CONSEQUENTIAL, SPECIAL, INCIDENTAL, EXEMPLARY, STATUTORY, OR PUNITIVE DAMAGES ARISING OUT OF OR RELATED TO THIS AGREEMENT.",0,0,0,1,0,0
"Loop Industries, Inc. - Marketing Agreement","JOINT VENTURE COMPANY'S TOTAL CUMULATIVE LIABILITY TO THE LOOP PARTIES WITH RESPECT TO A TRANSFERRED CONTRACT, IN ALL CIRCUMSTANCES AND REGARDLESS OF THE THEORY OF RECOVERY, SHALL BE LIMITED TO THE AMOUNT OF ACTUAL, DIRECT, AND DOCUMENTED DAMAGES THE APPLICABLE AUTHORIZED CUSTOMER ACTUALLY RECOVERS FROM THE LOOP PARTIES UNDER THE TRANSFERRED CONTRACT BASED SOLELY ON JOINT VENTURE COMPANY'S BREACH OF SUCH TRANSFERRED CONTRACT.",0,0,0,1,0,0
"Loop Industries, Inc. - Marketing Agreement","NOTWITHSTANDING THE FOREGOING, NONE OF THE FOREGOING LIMITATIONS OF LIABILITY SET FORTH IN THIS SECTION 3.1 SHALL BE AVAILABLE TO EITHER PARTY WITH RESPECT TO A BREACH OF SECTION 4, CONFIDENTIAL INFORMATION, OR FOR CLAIMS TO THE EXTENT THEY ARISE OUT OF A PARTY'S GROSS NEGLIGENCE, FRAUD, OR WILLFUL MISCONDUCT.",0,0,0,0,1,0
MACROGENICSINC_08_02_2013-EX-10-COLLABORATION AGREEMENT,"During the Term, Green Cross shall not (either by itself, or with or through a Related Party or Third Party) Develop or Commercialize any (i) Product outside of the scope of this Agreement or (ii) Competing Product.",0,0,0,0,0,1
MACROGENICSINC_08_02_2013-EX-10-COLLABORATION AGREEMENT,Green Cross shall pay to MacroGenics a royalty of *** on Net Sales of Competing Products for the Royalty Term.,0,0,0,0,0,1
MACROGENICSINC_08_02_2013-EX-10-COLLABORATION AGREEMENT,"NEITHER PARTY SHALL BE LIABLE TO THE OTHER FOR ANY SPECIAL, CONSEQUENTIAL, INCIDENTAL, PUNITIVE, OR INDIRECT DAMAGES OR FOR LOST PROFITS ARISING FROM OR RELATING TO ANY BREACH OF THIS AGREEMENT, REGARDLESS OF ANY NOTICE OF THE POSSIBILITY OF SUCH DAMAGES.",0,0,0,1,0,0
MACROGENICSINC_08_02_2013-EX-10-COLLABORATION AGREEMENT,"NOTWITHSTANDING THE FOREGOING, NOTHING IN THIS SECTION 14.7 IS INTENDED TO OR SHALL LIMIT OR RESTRICT THE INDEMNIFICATION RIGHTS OR OBLIGATIONS OF ANY PARTY UNDER ARTICLE 14, OR DAMAGES AVAILABLE FOR A PARTY'S BREACH OF CONFIDENTIALITY OBLIGATIONS IN ARTICLE 12.",0,0,0,0,1,0
MANAKOASERVICESCORP_11_21_2007-EX-7.5-STRATEGIC ALLIANCE AGREEMENT,Either party may terminate this Agreement at any time with 30 days written notice.,1,0,0,0,0,0
MANAKOASERVICESCORP_11_21_2007-EX-7.5-STRATEGIC ALLIANCE AGREEMENT,MKOS will not seek to acquire any technologies presented to MKOS by UTEK from the technology developer directly or indirectly for a period of 24 months following the termination of this Strategic Alliance Agreement.,0,0,0,0,0,1
MANUFACTURERSSERVICESLTD_06_05_2000-EX-10.14-OUTSOURCING AGREEMENT,Any legal or other action related to a breach of this Agreement must be commenced no later than [*] years from the date of the breach in a court sited within the State of New York.,0,0,0,1,0,0
MANUFACTURERSSERVICESLTD_06_05_2000-EX-10.14-OUTSOURCING AGREEMENT,Either party may terminate this Agreement by providing [*] month's written notice to the other.,1,0,0,0,0,0
MANUFACTURERSSERVICESLTD_06_05_2000-EX-10.14-OUTSOURCING AGREEMENT,"IBM's entire liability and MSL's exclusive remedy for actual damages from cause whatsoever relating to the subject matter of this Agreement will be limited to the amount of $25,000.",0,0,0,1,0,0
MANUFACTURERSSERVICESLTD_06_05_2000-EX-10.14-OUTSOURCING AGREEMENT,"In addition, IBM will not be liable for any damages claimed by IBM based on any third party claim.",0,0,0,1,0,0
MANUFACTURERSSERVICESLTD_06_05_2000-EX-10.14-OUTSOURCING AGREEMENT,"In no event will IBM be liable for any lost profits, lost savings, incidental damages, or other economic consequential damages, even if IBM has been advised of the possibility of such damages.",0,0,0,1,0,0
MANUFACTURERSSERVICESLTD_06_05_2000-EX-10.14-OUTSOURCING AGREEMENT,"Neither Party will be liable to the other for lost profits, consequential, punitive, or incidental damages, even if informed of the possibility that such damages may be incurred.",0,0,0,1,0,0
MANUFACTURERSSERVICESLTD_06_05_2000-EX-10.14-OUTSOURCING AGREEMENT,"Neither party may bring an action, regardless of form, arising out of this Agreement more than [*] years after the cause of action arose.",0,0,0,1,0,0
MANUFACTURERSSERVICESLTD_06_05_2000-EX-10.14-OUTSOURCING AGREEMENT,"The total liability for either Party, regardless of the form of action, whether contract or tort, is limited to three percent (3%) of the value of the bill of materials contained in the Products delivered to IBM and IBM Customers by MSL in the period beginning with the Effective Date of the Agreement through the resolution of the action.",0,0,0,1,0,0
MANUFACTURERSSERVICESLTD_06_05_2000-EX-10.14-OUTSOURCING AGREEMENT,This Agreement will automatically be renewed for periods of twelve (12) months unless either Party gives six (6) months written notice of its intent to terminate this Agreement.,0,1,1,0,0,0
MANUFACTURERSSERVICESLTD_06_05_2000-EX-10.14-OUTSOURCING AGREEMENT,This Attachment will automatically be renewed for periods of six (6) months unless either party gives twelve (12) months written notice of its intent to terminate this Agreement.,0,1,1,0,0,0
MARTINMIDSTREAMPARTNERSLP_01_23_2004-EX-10.3-TRANSPORTATION SERVICES AGREEMENT,"The foregoing indemnities shall expressly exclude any liability for consequential, punitive, special or similar damages, including, without limitation, lost profits.",0,0,0,1,0,0
MARTINMIDSTREAMPARTNERSLP_01_23_2004-EX-10.3-TRANSPORTATION SERVICES AGREEMENT,"This Agreement will automatically renew for successive one year terms (each a ""Renewal Term"", and together with the Initial Term, the ""Term""), unless either Charterer or Owner elects not to renew this Agreement by providing the other party with written notice of such election 30 days prior to the expiration of the Initial Term or Renewal Term, as applicable, at which point this Agreement will automatically terminate.",0,1,1,0,0,0
"MEDALISTDIVERSIFIEDREIT,INC_05_18_2020-EX-10.1-CONSULTING AGREEMENT",(c) ninety (90) days following the date the Company gives CONSULTANT written notice of termination for any or no reason; or (d) CONSULTANT may terminate this Agreement by giving ninety (90) days' written notice to REIT.,1,0,0,0,0,0
"MEDALISTDIVERSIFIEDREIT,INC_05_18_2020-EX-10.1-CONSULTING AGREEMENT","As used in this section, ""Competitor"" means: (i) any private or publicly traded real estate investment trust, fund or other investment vehicle or program whose principal place of business is in Virginia or any other state in which the Company owns real estate and whose business strategy is based on investing in, acquiring or developing flex/industrial, retail, multifamily and limited service hotel real estate, whether directly or indirectly through joint ventures, or (ii) any entity whose principal place of business is in Virginia or any other state in which the Company owns real estate and that advises (including any external advisor) such investment vehicles or programs.",0,0,0,0,0,1
"MEDALISTDIVERSIFIEDREIT,INC_05_18_2020-EX-10.1-CONSULTING AGREEMENT","CONSULTANT agrees that during its consultancy for REIT and for a period of twelve (12) months immediately following the termination of its consultancy with the Company for any reason, whether with or without cause, it will not: (a) have any ownership interest in, or participate in the financing, operation, management or control of, any Competitor; or (b) engage in or perform services for any Competitor, if such services either (1) are the same as or similar to (individually or in the aggregate) the services CONSULTANT performed for the Company during its consultancy with the Company, or (2) are performed with respect to products or services of the Competitor that are competitive with the products or services provided by the Company with which CONSULTANT was involved during its consultancy with the Company or about which it received Proprietary Information during its consultancy with the Company.",0,0,0,0,0,1
"MEDALISTDIVERSIFIEDREIT,INC_05_18_2020-EX-10.1-CONSULTING AGREEMENT",Term: twelve (12) months from the date of the Agreement which term shall automatically renew for an additional twelve (12) months on such date if the Agreement is not otherwise terminated according to Section 8 of the Agreement.,0,1,0,0,0,0
"MEDALISTDIVERSIFIEDREIT,INC_05_18_2020-EX-10.1-CONSULTING AGREEMENT",This Agreement shall terminate immediately upon the occurrence of any of the following events:,1,0,0,0,0,0
MEDIWOUNDLTD_01_15_2014-EX-10.6-SUPPLY AGREEMENT,"CBC may terminate this Agreement by no less than 24 (twenty four) months notice given in writing by CBC to MediWound, or such greater period as may be reasonable for MediWound to establish an alternative source of manufacture of Bromelain SP and/or to acquire sufficient inventory of Bromelain SP for a 24 (twenty four) months period.",1,0,0,0,0,0
MEDIWOUNDLTD_01_15_2014-EX-10.6-SUPPLY AGREEMENT,"EXCEPT FOR BREACH OF CONFIDENTIALITY OBLIGATION HEREUNDER, AND TO THE EXTENT PERMITTED BY APPLICABLE LAW, IN NO EVENT SHALL EITHER PARTY BE LIABLE FOR SPECIAL, PUNITIVE, INDIRECT, INCIDENTAL OR CONSEQUENTIAL DAMAGES, INCLUDING WITHOUT LIMITATION LOSS OF USE, DATA OR LOST PROFITS, EVEN IF IT HAS BEEN ADVISED OF THE POSSIBILITY OF SUCH DAMAGES, WHETHER UNDER THIS AGREEMENT, IN TORT OR OTHERWISE.",0,0,0,1,1,0
MEDIWOUNDLTD_01_15_2014-EX-10.6-SUPPLY AGREEMENT,"MediWound may terminate this Agreement at any time, by 6 (six) months prior notice in writing.",1,0,0,0,0,0
MERCATAINC_03_09_2000-EX-10.21-SPONSORSHIP AGREEMENT,"In no event shall either party be liable for --------------------- any special, incidental or consequential damages arising out of or in connection with this Agreement or the performance thereof. FNW's liability for any breach of this Agreement shall be strictly limited to refunding to Sponsor that portion of any consideration paid by Sponsor for which Sponsor has not received the rights granted to it herein.",0,0,0,1,0,0
MERITLIFEINSURANCECO_06_19_2020-EX-10.(XIV)-MASTER SERVICES AGREEMENT,"At any time that there is no uncompleted Statement of Work outstanding, either party may terminate this Agreement for any or no reason upon fifteen (15) days advance notice to the other.",1,0,0,0,0,0
MERITLIFEINSURANCECO_06_19_2020-EX-10.(XIV)-MASTER SERVICES AGREEMENT,COMPANYS' MAXIMUM LIABILITY TO CONTRACTOR FOR ANY REASON ARISING OUT OF THIS AGREEMENT SHALL BE LIMITED TO THE AMOUNT OF FEES PAID TO CONTRACTOR.,0,0,0,1,0,0
MERITLIFEINSURANCECO_06_19_2020-EX-10.(XIV)-MASTER SERVICES AGREEMENT,"EXCEPT WITH RESPECT TO CONTRACTOR'S OBLIGATIONS PURSUANT TO PARAGRAPH 9 HEREOF, CONTRACTOR'S MAXIMUM LIABILITY TO COMPANY ARISING FOR ANY REASON RELATING TO CONTRACTOR'S PERFORMANCE OF SERVICES UNDER A STATEMENT OF WORK SHALL BE LIMITED TO THE AMOUNT OF FEES PAID TO CONTRACTOR FOR THE PERFORMANCE OF SUCH SERVICES.",0,0,0,1,1,0
MERITLIFEINSURANCECO_06_19_2020-EX-10.(XIV)-MASTER SERVICES AGREEMENT,"NEITHER PARTY SHALL HAVE ANY LIABILITY TO THE OTHER PARTY FOR ANY LOST PROFITS OR SPECIAL, INCIDENTAL, INDIRECT OR CONSEQUENTIAL DAMAGES, EVEN IF SUCH PARTY HAS BEEN ADVISED OF THE POSSIBILITY OF SUCH DAMAGES.",0,0,0,1,0,0
"MIDDLEBROOKPHARMACEUTICALS,INC_03_18_2010-EX-10.1-PROMOTION AGREEMENT","NOTWITHSTANDING THE FOREGOING, NEITHER PARTY SHALL BE LIABLE TO THE OTHER PARTY, UNDER ANY LEGAL OR EQUITABLE THEORY, FOR ANY INCIDENTAL, SPECIAL OR INDIRECT DAMAGES OF ANY KIND, SUFFERED BY OR OTHERWISE COMPENSABLE TO SUCH OTHER PARTY, ARISING OUT OF, UNDER OR RELATING TO THIS AGREEMENT, WHETHER OR NOT ADVISED OF THE POSSIBILITY OF SUCH.",0,0,0,1,0,0
"MIDDLEBROOKPHARMACEUTICALS,INC_03_18_2010-EX-10.1-PROMOTION AGREEMENT","Unless terminated in accordance with the provisions of Section 18, this Agreement shall automatically renew for each subsequent one-year term.",0,1,0,0,0,0
"MJBIOTECH,INC_12_06_2018-EX-99.01-JOINT VENTURE AGREEMENT","A Participant will not be liable to the Joint Venture, or to any other Participant, for any mistake or error in judgment or for any act or omission done in good faith and believed to be within the scope of authority conferred or implied by this Agreement or the Joint Venture.",0,0,0,1,0,0
"MJBIOTECH,INC_12_06_2018-EX-99.01-JOINT VENTURE AGREEMENT",Any Participant will have the right to voluntarily withdraw from the Joint Venture at any time,1,0,0,0,0,0
"MJBIOTECH,INC_12_06_2018-EX-99.01-JOINT VENTURE AGREEMENT","No Participant will engage in any business, venture or transaction, whether directly or indirectly, that might be competitive with the business of the Joint Venture or that would be in direct conflict of",0,0,0,0,0,1
"MJBIOTECH,INC_12_06_2018-EX-99.01-JOINT VENTURE AGREEMENT",Written notice of intention to withdraw must be served in writing upon the remaining Participants at least Thirty (30) business days prior to the withdrawal date.,1,0,0,0,0,0
"MJBIOTECH,INC_12_06_2018-EX-99.01-JOINT VENTURE AGREEMENT",interest to the Joint Venture without the unanimous written consent of the remaining Participants.,0,0,0,0,0,1
MOELIS_CO_03_24_2014-EX-10.19-STRATEGIC ALLIANCE AGREEMENT,"At any time during a renewed term, this Agreement may be terminated by any party on six (6) months prior notice that it wishes to terminate the Agreement.",1,0,0,0,0,0
MOELIS_CO_03_24_2014-EX-10.19-STRATEGIC ALLIANCE AGREEMENT,"At the end of such initial term, and any renewed term, as applicable, this Agreement shall automatically renew for an additional one (1) year term, unless a party provides written notice to the other parties at least six (6) months prior to the end of the",0,1,1,0,0,0
MOELIS_CO_03_24_2014-EX-10.19-STRATEGIC ALLIANCE AGREEMENT,Moelis Holdings agrees not to open an office in Japan conducting Covered Businesses during the term of this Agreement.,0,0,0,0,0,1
MOELIS_CO_03_24_2014-EX-10.19-STRATEGIC ALLIANCE AGREEMENT,"Notwithstanding the provisions of this Section 13.9(e), a SMBC Unit-Holder shall not be required to contribute, in the aggregate, any amount in excess of the amount by which the net proceeds received by such SMBC Unit-Holder from the sale of the Registrable Securities exceeds the amount of any damages which such SMBC Unit-Holder has otherwise been required to pay by reason of such untrue or alleged untrue statement or omission or alleged omission.",0,0,0,1,0,0
MOELIS_CO_03_24_2014-EX-10.19-STRATEGIC ALLIANCE AGREEMENT,"and provided, further, however, that in no event shall the liability for indemnity of any SMBC Unit-Holder under this Section 13.9(b) exceed the dollar amount of the proceeds (net of any underwriting discount or commission or other selling expenses) received by such SMBC Unit-Holder from the sale of the Registrable Securities giving rise to such indemnification.",0,0,0,1,0,0
MOELIS_CO_03_24_2014-EX-10.19-STRATEGIC ALLIANCE AGREEMENT,"provided, however, that in no event shall a SMBC Unit-Holder be required by this Section 13.9(d) to contribute an aggregate amount in excess of the dollar amount of proceeds (net of underwriting discounts and commissions and other selling expenses) received by such SMBC Unit-Holder from the sale of Registrable Securities giving rise to such contribution.",0,0,0,1,0,0
MOSSIMOINC_04_14_2000-EX-10.14-ENDORSEMENT AGREEMENT,"In no event will Licensor be liable for any indirect, incidental, reliance, special or consequential damages arising out of the performance or non-performance of this Agreement, whether or not Licensor had been advised of the possibility of such damages.",0,0,0,1,0,0
MOSSIMOINC_04_14_2000-EX-10.14-ENDORSEMENT AGREEMENT,"Notwithstanding anything to the contrary herein, in the event Company incurs any expenses, damages or other liabilities (including, without limitation, reasonable attorneys' fees) in connection with the performance or non-performance of any term or provision hereof, Licensor's liability to Company shall not exceed the remuneration, excluding reimbursement of expenses, actually paid to Licensor by Company.",0,0,0,1,0,0
MPLXLP_06_17_2015-EX-10.1-TRANSPORTATION SERVICES AGREEMENT,"Except as otherwise provided in Section 10.5, in the event of any breach of a term or condition of this Agreement by either Party, the other Party's remedy shall be limited to the direct damages caused thereby and in no event shall a Party be liable to the other Party for any consequential, indirect, pecuniary, punitive, or economic damages, howsoever caused.",0,0,0,1,1,0
MPLXLP_06_17_2015-EX-10.1-TRANSPORTATION SERVICES AGREEMENT,"If MPL is in compliance with the terms and conditions of this Agreement, and Shipper decides to terminate this Agreement after the Effective Date but prior to the commencement of transportation service on the Pipeline, Shipper shall notify MPL of its decision to terminate within one hundred and eighty (180) days of the Project's in-service date to allow MPL the opportunity to provide Shipper's unwanted capacity to other interested shippers as Unsubscribed Capacity as set forth in Section 3.8.",1,0,0,0,0,0
MPLXLP_06_17_2015-EX-10.1-TRANSPORTATION SERVICES AGREEMENT,"This Agreement will automatically renew for up to two (2) renewal terms of five (5) years each (each, an ""Extension Period"") unless either Party provides the other Party with written notice of its intent to terminate this Agreement at least six (6) months prior to the end of the Initial Term or the then current Extension Period.",0,1,1,0,0,0
MRSFIELDSORIGINALCOOKIESINC_01_29_1998-EX-10-FRANCHISE AGREEMENT,"EXCEPT FOR CLAIMS BROUGHT BY PRETZEL TIME WITH REGARD TO FRANCHISEE'S OBLIGATIONS TO MAKE PAYMENTS TO PRETZEL TIME PURSUANT TO THIS AGREEMENT OR TO INDEMNIFY PRETZEL TIME PURSUANT TO THIS AGREEMENT, ANY AND ALL CLAIMS ARISING OUT OF OR RELATING TO THIS AGREEMENT OR THE RELATIONSHIP OF FRANCHISEE AND PRETZEL TIME PURSUANT TO THIS AGREEMENT SHALL BE BARRED UNLESS AN ACTION IS COMMENCED WITHIN: (1) TWO (2) YEARS FROM THE DATE ON WHICH THE ACT OR EVENT GIVING RISE TO THE CLAIM OCCURRED OR (2) ONE (1) YEAR FROM THE DATE ON WHICH FRANCHISEE OR PRETZEL TIME KNEW OR SHOULD HAVE KNOWN, IN THE EXERCISE OF REASONABLE DILIGENCE OF THE FACTS GIVEN RISE TO SUCH CLAIMS, WHICHEVER OCCURS FIRST.",0,0,0,1,0,0
MRSFIELDSORIGINALCOOKIESINC_01_29_1998-EX-10-FRANCHISE AGREEMENT,"EXCEPT WITH RESPECT TO FRANCHISEE'S OBLIGATION TO INDEMNIFY PRETZEL TIME, THE PARTIES WAIVE TO THE FULLEST EXTENT PERMITTED BY LAW ANY RIGHT TO OR CLAIM FOR ANY PUNITIVE OR EXEMPLARY DAMAGES AGAINST THE OTHER AND AGREE THAT, IN THE EVENT OF A DISPUTE BETWEEN THEM, THE PARTY MAKING A CLAIM SHALL BE LIMITED TO RECOVERY OF ANY ACTUAL DAMAGES IT SUSTAINS.",0,0,0,1,0,0
MRSFIELDSORIGINALCOOKIESINC_01_29_1998-EX-10-FRANCHISE AGREEMENT,"Except as otherwise provided in this Agreement and provided that Franchise is in full compliance with this Agreement, Pretzel Time and its Affiliates will not during the term of this Agreement operate or grant franchises for the operation of Pretzel Time Units within the Territory other than the Franchise granted to Franchisee pursuant to this Agreement.",0,0,0,0,0,1
MRSFIELDSORIGINALCOOKIESINC_01_29_1998-EX-10-FRANCHISE AGREEMENT,"Franchisee (and its Owners) have executed a noncompetition covenant in favor of Pretzel Time and the transferee agreeing that, for a period of twelve (12) months commencing on the effective date of the Transfer, Franchisee, its Owners and members of the immediate families of Franchisee and each of its Owners will not hold any direct or indirect interest as a disclosed or beneficial owner, investor, partner, director, officer manager, employee, consultant, representative or agent, or in any other capacity, in a Competitive Business located or operating within three (3) miles of the Unit, and within three (3) miles of any other Pretzel Time Unit;",0,0,0,0,0,1
MRSFIELDSORIGINALCOOKIESINC_01_29_1998-EX-10-FRANCHISE AGREEMENT,"Franchisee agrees that he will at all times faithfully, honestly, and diligently perform his obligations hereunder, that he will continuously exert his best efforts and shall continually train and supervise his personnel to Pretzel Time's reasonable standards, in furtherance of the mutual business interests of both Pretzel Time and Franchisee and that he will not engage in any other business or activity that may conflict with his obligations hereunder.",0,0,0,0,0,1
MRSFIELDSORIGINALCOOKIESINC_01_29_1998-EX-10-FRANCHISE AGREEMENT,"Franchisee also acknowledges that Pretzel Time has granted the Franchise to Franchisee in consideration of and reliance upon Franchisee's agreement to deal exclusively with Pretzel Time. Franchisee therefore agrees that during the term of the Franchise Agreement, or the period of time which Franchisee operates a Unit under this Agreement, whichever is shorter, neither Franchisee nor any Affiliate, immediate family member, or in the event Franchisee is a corporation any Owner thereof and member of his immediate family or in the event Franchise is a partnership any partner (general or limited) thereof and any member of his immediate family, shall: (1) Have any direct or indirect interest as an owner, investor, partner, director, officer, employee, consultant, representative, agent or in any other capacity in any Competitive Business located or operating at the Site or within three (3) miles of any Pretzel Time Unit in operation or under development on the effective date of termination or expiration of this Agreement, except a Pretzel Time Unit operated by Franchisee under Franchise Agreements with Pretzel Time; or (2) Recruit or hire any employee who, within the immediately preceding six (6) month period, was employed by Pretzel Time or any Pretzel Time Unit operated by Pretzel Time, its Affiliates or another franchisee or licensee of Pretzel Time, without obtaining the prior written permission of Pretzel Time or such franchisee.",0,0,0,0,0,1
MRSFIELDSORIGINALCOOKIESINC_01_29_1998-EX-10-FRANCHISE AGREEMENT,"Franchisee therefore agrees that during the term of the Franchise Agreement, or the period of time which Franchisee operates a Unit under this Agreement, whichever is shorter, neither Franchisee nor any Affiliate, immediate family member, or in the event Franchisee is a corporation any Owner thereof and member of his immediate family or in the event Franchise is a partnership any partner (general or limited) thereof and any member of his immediate family, shall: (1) Have any direct or indirect interest as an owner, investor, partner, director, officer, employee, consultant, representative, agent or in any other capacity in any Competitive Business located or operating at the Site or within three (3) miles of any Pretzel Time Unit in operation or under development on the effective date of termination or expiration of this Agreement, except a Pretzel Time Unit operated by Franchisee under Franchise Agreements with Pretzel Time; or (2) Recruit or hire any employee who, within the immediately preceding six (6) month period, was employed by Pretzel Time or any Pretzel Time Unit operated by Pretzel Time, its Affiliates or another franchisee or licensee of Pretzel Time, without obtaining the prior written permission of Pretzel Time or such franchisee.",0,0,0,0,0,1
MRSFIELDSORIGINALCOOKIESINC_01_29_1998-EX-10-FRANCHISE AGREEMENT,"If Pretzel Time exercises its right of first refusal, Franchisee (and its Owners) agrees that, for a period of twelve (12) months commencing on the date of the closing, neither Franchisee (nor its Owners) shall have any direct or indirect interest (through a member of the immediate families of Franchisee or its Owners of otherwise) as a disclosed or beneficial owner, investor, partner, director, officer, employee, consultant, representative, or agent or in any other capacity in any Competitive Business located or operating within three (3) miles of the Unit, and/or three (3) miles of any other Pretzel Time Unit.",0,0,0,0,0,1
MRSFIELDSORIGINALCOOKIESINC_01_29_1998-EX-10-FRANCHISE AGREEMENT,"Neither Franchisee nor any of its Owners shall divert or attempt to divert any business or any customers of any Pretzel Time Unit to any Competitive Business or employ or seek to employ any person who is employed by Pretzel Time, its Affiliates or a franchisee of Pretzel Time nor induce or attempt to induce any such person to leave said employment without the prior written consent of such person's employer.",0,0,0,0,0,1
MRSFIELDSORIGINALCOOKIESINC_01_29_1998-EX-10-FRANCHISE AGREEMENT,"Pretzel Time reserves the right to suspend contributions/fees and operations of the Advertising Fund for one or more periods, and the right to terminate the Advertising Fund, upon thirty (30) days' prior written notice to Franchisee.",1,0,0,0,0,0
MRSFIELDSORIGINALCOOKIESINC_01_29_1998-EX-10-FRANCHISE AGREEMENT,"Pretzel Time shall not be liable to Franchisee, the contractor, or any other person, and Franchisee waives all claims for liability or damages of any type whatsoever (whether direct, indirect, incidental, consequential, or exemplary), on account of the rendition of any services by Pretzel Time in accordance with this Section, except to the extent caused by the gross negligence or intentional misconduct of Pretzel Time, and then any such liability or damages shall be limited to five thousand dollars ($5,000.00).",0,0,0,1,0,0
MRSFIELDSORIGINALCOOKIESINC_01_29_1998-EX-10-FRANCHISE AGREEMENT,Pretzel Time shall notify Franchisee of the nonrenewal not less than six (6) months prior to the expiration of the term of this Agreement.,0,0,1,0,0,0
MRSFIELDSORIGINALCOOKIESINC_01_29_1998-EX-10-FRANCHISE AGREEMENT,"Pretzel Time will not, as long as this Agreement is in effect and Franchisee is not in default, enfranchise or operate any other Pretzel Time Franchise within the following enclosed mall or building except as otherwise provided herein (hereinafter referred to as ""Territory""): none.",0,0,0,0,0,1
MRSFIELDSORIGINALCOOKIESINC_01_29_1998-EX-10-FRANCHISE AGREEMENT,The Franchise Agreement contains a covenant not to compete which extends beyond the termination of the franchise.,0,0,0,0,0,1
MRSFIELDSORIGINALCOOKIESINC_01_29_1998-EX-10-FRANCHISE AGREEMENT,"Upon termination of this Agreement, in accordance with its terms and conditions or by Franchisee without cause, or upon expiration of this Agreement (unless the Franchise is renewed as provided for in this Agreement), Franchisee and its Owners agree that for a period of TWELVE (12) months commencing on the effective date of termination or expiration or the date on which Franchisee complies with this Section, whichever is later, neither Franchisee, nor its Owners, nor any person or entity affiliated with Franchisee or Franchisee's shareholders or partners shall have any direct or indirect interest (through a member of the immediate families of Franchisee or its Owners or otherwise) as a disclosed or beneficial owner, investor, partner, director, officer, employee, consultant, representative, agent or in any other capacity in any Competitive Business located or operating: (1) at the Site; (2) within three (3) miles of the Unit; and/or (3) within three (3) miles of any other Pretzel Time Unit in operation or under development on the effective date of termination or expiration of this agreement for a period of one year after the termination or expiration.",0,0,0,0,0,1
MRSFIELDSORIGINALCOOKIESINC_01_29_1998-EX-10-FRANCHISE AGREEMENT,"Upon the expiration of the initial term of this Agreement, Franchisee shall have the one time right to obtain a successor franchise to operate a Pretzel Time Unit at the Site (a ""Successor Franchise"") for a single term of five (5) years immediately following the expiration of the initial term of the Franchise upon giving Pretzel Time six (6) months notice prior to the expiration of the then current term",0,1,0,0,0,0
MSCIINC_02_28_2008-EX-10.10-,"MS agrees that neither MSCI nor its subsidiaries (collectively, the ""MSCI Provider Group"") and the respective directors, officers, agents, and employees of the MSCI Provider Group shall have any liability, whether direct or indirect, in contract or tort or",0,0,0,1,0,0
MSCIINC_02_28_2008-EX-10.10-,"MSCI agrees that neither MS nor its affiliates or subsidiaries (other than MSCI) (collectively, the ""MS Provider Group"") and the respective directors, officers, agents, and employees of the MS Provider Group shall have any liability, whether direct or indirect, in contract or tort or otherwise, to MSCI for or in connection with this Agreement or the transactions contemplated hereby or any actions or inactions by or on behalf of the MS Provider Group in connection with this Agreement and such transactions.",0,0,0,1,0,0
MSCIINC_02_28_2008-EX-10.10-,"Notwithstanding the provisions of Section 5(a) and (b), none of the members of the MS Provider Group and the MSCI Provider Group shall be liable for any special, indirect, incidental, consequential or punitive damages of any kind whatsoever in any way due to, resulting from or arising in connection with the performance of or failure to perform MS's or MSCI's obligations under this Agreement.",0,0,0,1,0,0
MSCIINC_02_28_2008-EX-10.10-,"This disclaimer applies without limitation (i) to claims for lost profits, (ii) regardless of the form of action, whether in contract, tort (including negligence), strict liability, or otherwise, and (iii) regardless of whether such damages are foreseeable or whether any member of the MS Provider Group or the MSCI Provider Group has been advised of the possibility of such damages.",0,0,0,1,0,0
MSCIINC_02_28_2008-EX-10.10-,"otherwise, to MS for or in connection with this Agreement or the transactions contemplated hereby or any actions or inactions by or on behalf of the MSCI Provider Group in connection with this Agreement and such transactions.",0,0,0,1,0,0
MTITECHNOLOGYCORP_11_16_2004-EX-10.102-Reseller Agreement Premier Addendum,"EXCEPT FOR A BREACH OF SECTION 8 (CONFIDENTIALITY), IN NO EVENT WILL EITHER PARTY BE LIABLE FOR ANY INDIRECT, PUNITIVE, SPECIAL, INCIDENTAL, EXEMPLARY OR CONSEQUENTIAL DAMAGES, NOR FOR ANY DAMAGES RELATING TO LOST DATA, LOST PROFITS, ADVERTISING OR PROMOTIONAL COSTS, TERMINATION OF EMPLOYEES, SALARIES OF EMPLOYEES OR SEVERANCE PAYMENTS, CREATION OF CUSTOMER BASE, OR FUTURE EXPECTATIONS OR OTHER ECONOMIC ADVANTAGE, HOWSOEVER ARISING AND REGARDLESS OF THE FORM OF ACTION, WHETHER IN CONTRACT, WARRANTY OR TORT (INCLUDING NEGLIGENCE) OR UNDER ANY OTHER THEORY OF LIABILITY IN LAW OR IN EQUITY, EVEN IF SUCH PARTY HAS BEEN PREVIOUSLY ADVISED OF THE POSSIBILITY OF SUCH DAMAGES.",0,0,0,1,1,0
MTITECHNOLOGYCORP_11_16_2004-EX-10.102-Reseller Agreement Premier Addendum,Either party may terminate this Agreement without cause upon sixty (60) days prior written notice to the other party.,1,0,0,0,0,0
MTITECHNOLOGYCORP_11_16_2004-EX-10.102-Reseller Agreement Premier Addendum,"Notwithstanding any provision herein to the contrary, McDATA's entire liability in any given instance from any cause whatsoever, and regardless of the form of action, whether in contract, warranty or tort (including negligence) or any other theory of liability in law or in equity, will in no event exceed the lease, of (i) the purchase price for the specific Product that is the subject matter of or is directly relative the cause of action; or (ii) Five Hundred Thousand Dollars ($500,000).",0,0,0,1,0,0
MTITECHNOLOGYCORP_11_16_2004-EX-10.102-Reseller Agreement Premier Addendum,"Thereafter, this Agreement automatically renews for successive terms of one (1) year.",0,1,0,0,0,0
"Magenta Therapeutics, Inc. - Master Development and Manufacturing Agreement","CONFIDENTIAL TREATMENT REQUESTED. INFORMATION FOR WHICH CONFIDENTIAL TREATMENT HAS BEEN REQUESTED IS OMITTED AND MARKED WITH ""[***]"". AN UNREDACTED VERSION OF THE DOCUMENT HAS ALSO BEEN FURNISHED SEPARATELY TO THE SECURITIES AND EXCHANGE COMMISSION AS REQUIRED BY RULE 406 UNDER THE SECURITIES ACT OF 1933, AS AMENDED. CONTRACT LAW, TORTS OR ANY OTHER AREA OF LAW SHALL BE LIMITED TO THE AMOUNT [***].",0,0,0,1,0,0
"Magenta Therapeutics, Inc. - Master Development and Manufacturing Agreement","NEITHER PARTY SHALL BE LIABLE, WHETHER BASED ON CONTRACT LAW, TORTS OR ANY OTHER AREA OF LAW, FOR ANY INDIRECT, INCIDENTAL, SPECIAL OR CONSEQUENTIAL DAMAGES ARISING OUT OF OR IN ANY WAY RELATED TO THIS AGREEMENT OR ITS PERFORMANCE AND THE MAXIMUM TOTAL LIABILITY OF EITHER PARTY WHETHER BASED ON",0,0,0,1,0,0
"Magenta Therapeutics, Inc. - Master Development and Manufacturing Agreement","NOTWITHSTANDING THE FOREGOING, THESE LIMITATIONS SHALL NOT APPLY TO DAMAGES ARISING FROM A PARTY'S (I) INDEMNIFICATION OBLIGATIONS UNDER SECTION 11.1 OR SECTION 11.2 HEREOF, (II) GROSS NEGLIGENCE OR WILFUL MISCONDUCT, (III) BREACH OF ITS OBLIGATIONS UNDER SECTION 9 OR (IV) INFRINGEMENT OR MISAPPROPRIATION OF THE OTHER PARTY'S INTELLECTUAL PROPERTY.",0,0,0,0,1,0
"Magenta Therapeutics, Inc. - Master Development and Manufacturing Agreement","This Agreement may be renewed for additional periods of one (1) year (each such additional period, a ""Renewal Term"") unless either Party provides notice of nonrenewal upon not less than [***] prior written notice to the other Party.",0,1,1,0,0,0
"Magenta Therapeutics, Inc. - Master Development and Manufacturing Agreement",This Agreement or any Project Plan may be terminated: (a) by Magenta for any reason upon [***] written notice to Bachem;,1,0,0,0,0,0
"MetLife, Inc. - Remarketing Agreement","Notwithstanding the provisions of this subsection (d), no Remarketing Agent shall be required to contribute any amount in excess of the amount by which the total price at which the applicable Securities remarketed by it and distributed to the public were offered to the public exceeds the amount of any damages which such Remarketing Agent has otherwise been required to pay by reason of such untrue or alleged untrue statement or omission or alleged omission.",0,0,0,1,0,0
Microgenics Corporation - Collaborative Development and Commercialization Agreement,"Achaogen may terminate this Agreement in its entirety, for any reason, by providing at least sixty (60) days prior written notice to Microgenics.",1,0,0,0,0,0
Microgenics Corporation - Collaborative Development and Commercialization Agreement,"EXCEPT WITH RESPECT TO DAMAGES THAT ARISE DUE TO A PARTY'S BREACH OF CONFIDENTIALITY (ARTICLE 12) OR INDEMNIFICATION OBLIGATIONS (ARTICLE 11), IN NO EVENT WILL EITHER PARTY BE LIABLE TO THE OTHER FOR CONSEQUENTIAL, INDIRECT, SPECIAL, EXEMPLARY OR PUNITIVE DAMAGES FOR ANY CAUSE OF ACTION, WHETHER IN CONTRACT, TORT OR OTHERWISE, INCLUDING LOST REVENUES, PROFITS OR BUSINESS OPPORTUNITIES ARISING OUT OF OR IN CONNECTION WITH THIS AGREEMENT, WHETHER OR NOT THE OTHER PARTY WAS OR SHOULD HAVE BEEN AWARE OF THE POSSIBILITY OF THESE DAMAGES. EXCEPT WITH RESPECT TO DAMAGES THAT ARISE DUE TO A PARTY'S BREACH OF CONFIDENTIALITY (ARTICLE 12) OR INDEMNIFICATION OBLIGATIONS (ARTICLE 11), THE LIABILITY OF EITHER PARTY UNDER THIS AGREEMENT (WHETHER BY REASON OF BREACH OF CONTRACT, TORT, OR OTHERWISE) WITH RESPECT TO A GIVEN CLAIM SHALL NOT EXCEED AN AMOUNT EQUAL TO [***].",0,0,0,1,1,0
MidwestEnergyEmissionsCorp_20080604_8-K_EX-10.2_3093976_EX-10.2_Content License Agreement,"COMPANY may, in its unfettered discretion, terminate this Agreement at any time after first givingCONTENT PROVIDER ten (10) days advance notice thereof.",1,0,0,0,0,0
MidwestEnergyEmissionsCorp_20080604_8-K_EX-10.2_3093976_EX-10.2_Content License Agreement,"IN NO EVENT WILL CONTENT PROVIDER BE LIABLE TO COMPANY NOR WILL COMPANY BE LIABLE TO CONTENT PROVIDER FOR ANY SPECIAL, INCIDENTAL OR CONSEQUENTIAL DAMAGES, WHETHER BASED ON BREACH OF CONTRACT, TORT (INCLUDING NEGLIGENCE) OR OTHERWISE, WHETHER OR NOT THAT PARTY HAS BEEN ADVISED OF THE POSSIBILITY OF SUCH DAMAGE. TH LIABILITY OF CONTENT PROVIDER FOR DAMAGES HEREUNDER, WHETHER IN CONTRACT, TORT",0,0,0,1,0,0
MidwestEnergyEmissionsCorp_20080604_8-K_EX-10.2_3093976_EX-10.2_Content License Agreement,"OR ANY OTHER LEGAL THEORY, IS LIMITED TO, AND SHALL NOT EXCEED $31,200.00.",0,0,0,1,0,0
MidwestEnergyEmissionsCorp_20080604_8-K_EX-10.2_3093976_EX-10.2_Content License Agreement,"This Agreement shall be automatically renewed for additional extended terms each of two (2) years duration unless either party notifies the other in writing of its intention not to renew the Agreement, such notification to be provided at least ninety (90) days prior to the expiration of the then in-effect term.",0,1,1,0,0,0
Monsanto Company - SECOND A_R EXCLUSIVE AGENCY AND MARKETING AGREEMENT ,"A Competitive Business shall be any business which, anywhere within the Included Markets, (x) manufactures, sells, markets or",0,0,0,0,0,1
Monsanto Company - SECOND A_R EXCLUSIVE AGENCY AND MARKETING AGREEMENT ,"Except as provided for in Section 3.8, Monsanto covenants and agrees that for the Noncompetition Period, Monsanto will not, nor will it permit any Affiliate to, directly or indirectly, own, manage, operate or control, or participate in the ownership, management, operation or control of, or be connected with or have any interest in, as a shareholder, partner, creditor or otherwise, any ""Competitive Business.""",0,0,0,0,0,1
Monsanto Company - SECOND A_R EXCLUSIVE AGENCY AND MARKETING AGREEMENT ,"If Monsanto does contest the occurrence of the alleged Brand Decline Event by submitting such alleged Brand Decline Event to resolution through arbitration in accordance with the provisions of Section 10.4(g) of this Agreement within ninety (90) days of receipt of such notice from the Agent, then the question of whether a Brand Decline Event has occurred will be finally determined in accordance with the provisions of Section 10.4(g) of this Agreement, and if a Brand Decline Event is finally determined to have occurred, then the Brand Decline Event shall be deemed to have occurred as of the date of such notice, and thereafter the Agent shall be entitled to either, as the Agent's sole remedy, (x) terminate this Agreement, which termination shall be effective at the end of the third (3rd) full Program Year following the Program Year in which the Agent delivers notice of termination pursuant to this Section 10.5(d)(iii), or (y) not terminate this Agreement and be entitled to the Additional Commission Amount (in addition to the Commission) set forth in Section 10.5(d)(iv) below, which Additional Commission Amount shall be subject to all other terms and conditions of this Agreement with respect to the Commission, except as otherwise expressly stated in this Section 10.5(d).",0,0,0,1,0,0
Monsanto Company - SECOND A_R EXCLUSIVE AGENCY AND MARKETING AGREEMENT ,If Monsanto does not contest the occurrence of the alleged Brand Decline Event by submitting such alleged Brand Decline Event to resolution through,0,0,0,1,0,0
Monsanto Company - SECOND A_R EXCLUSIVE AGENCY AND MARKETING AGREEMENT ,"In the case of termination by Monsanto upon any of the Events of Default specified in Sections 10.4(b) (6), (7) and (9), the remedies of Monsanto shall be limited to (i) termination of this Agreement and (ii) the recovery of reasonable and customary out-of-pocket expenses incurred by Monsanto in transferring the Agent's duties hereunder to a new agent; provided that in no case shall the amount of expenses recoverable under this provision exceed $20MM.",0,0,0,1,0,0
Monsanto Company - SECOND A_R EXCLUSIVE AGENCY AND MARKETING AGREEMENT ,"In the event of a termination of this Agreement by Monsanto pursuant to Section 10.4(a)(2) hereof, or by the Agent pursuant to Section 10.6(c)(1) hereof, then notwithstanding the provisions of Section 6.13 hereof, either party may, no earlier than three (3) years prior to the expiration of the Noncompetition Period, commence non- commercial activities (including formulation development, regulatory registrations, packaging and delivery systems development, and advertising and promotional material development and any other activities not prohibited by Section 6.13 of this Agreement during the Noncompetition Period, but excluding consumer-facing efforts or communications) for the sole purpose of such party's preparation to launch any competing product upon expiration of the Noncompetition Period; and provided, that either party may, no earlier than twelve (12) months prior to the expiration of the Noncompetition Period, engage with retail customers for the sole purpose of selling-in competing products (provided that no product may be shipped to a retail customer or distributor prior to the end of the Noncompetition Period).",0,0,0,0,0,1
Monsanto Company - SECOND A_R EXCLUSIVE AGENCY AND MARKETING AGREEMENT ,"The Agent covenants and agrees that during the Noncompetition Period, the Agent will not, nor will it permit any Affiliate to, directly or indirectly, own, manage, operate or control, or participate in the ownership, management, operation or control of, or be connected with or have any interest in, as a shareholder, partner, creditor or otherwise, any Competitive Business; provided, however, this Section 6.13(c) shall not apply to those actions of the Agent or any Affiliate (i) to the extent such actions are expressly contemplated by this Agreement, for such term of this Agreement; (ii) to the extent such actions relate to the products listed on Exhibit D hereto in the countries listed therein, the products that the Agent either owns, has contracted to purchase or entered into a letter of intent with respect to as of the Effective Date and such additional products as the parties may from time to time agree (the ""Permitted Products""); (iii) to the extent that the Agent's interest in a Competitive Business, as a shareholder, partner, creditor or otherwise, is equal to or less than 5%; or (iv) to any separate agreement with Monsanto with respect to transgenic technology sharing.",0,0,0,0,0,1
Monsanto Company - SECOND A_R EXCLUSIVE AGENCY AND MARKETING AGREEMENT ,The payment of a Termination Fee to the Agent under Section 10.4(c) shall be deemed to constitute the exclusive remedy for any damages resulting out of the termination of this Agreement by Monsanto or the successor to the Roundup Business pursuant,0,0,0,1,0,0
Monsanto Company - SECOND A_R EXCLUSIVE AGENCY AND MARKETING AGREEMENT ,"arbitration in accordance with the provisions of Section 10.4(g) of this Agreement within ninety (90) days of receipt of such notice from the Agent, then that Brand Decline Event shall be deemed to have occurred as of the date of such notice, and thereafter the Agent shall be entitled to either, as the Agent's sole remedy, (x) terminate this Agreement, which termination shall be effective at the end of the third (3rd) full Program Year following the Program Year in which the Agent delivers notice of termination pursuant to this Section 10.5(d)(ii), or (y) not terminate this Agreement and be entitled to the Additional Commission Amount (in addition to the Commission) set forth in Section 10.5(d)(iv) below, which Additional Commission Amount shall be subject to all other terms and conditions of this Agreement with respect to the Commission, except as otherwise expressly stated in this Section 10.5(d).",0,0,0,1,0,0
Monsanto Company - SECOND A_R EXCLUSIVE AGENCY AND MARKETING AGREEMENT ,"distributes any non-selective weed control product, whether residual or non-residual, for Lawn and Garden Use or (y) competes with the Roundup L&G Business; provided, however, this Section 6.13(b) shall not apply to those actions of Monsanto or any Affiliate (i) to the extent such actions are expressly contemplated by this Agreement, for the duration of this Agreement, (ii) to the extent that immediately upon termination of this Agreement for whatever reason Monsanto or any Affiliates or successor to the Roundup L&G Business shall continue to operate the Roundup L&G Business without infringing this covenant, or (iii) to the extent that Monsanto's interest in a Competitive Business, as a shareholder, partner, creditor or otherwise, is equal to or less than 5%.",0,0,0,0,0,1
Monsanto Company - SECOND A_R EXCLUSIVE AGENCY AND MARKETING AGREEMENT ,to Section 10.4(c) and the Agent shall waive its right to exercise any other remedies otherwise available at law or in equity.,0,0,0,1,0,0
MorganStanleyDirectLendingFund_20191119_10-12GA_EX-10.5_11898508_EX-10.5_Trademark License Agreement,"EXCEPT WITH RESPECT TO LICENSEE'S INDEMNIFICATION OBLIGATIONS UNDER SECTION 7, NEITHER PARTY WILL BE LIABLE TO THE OTHER PARTY FOR SPECIAL, INDIRECT, CONSEQUENTIAL, EXEMPLARY, PUNITIVE OR INCIDENTAL DAMAGES (INCLUDING LOST PROFITS OR GOODWILL, BUSINESS",0,0,0,1,1,0
MorganStanleyDirectLendingFund_20191119_10-12GA_EX-10.5_11898508_EX-10.5_Trademark License Agreement,"INTERRUPTION AND THE LIKE) RELATING TO THIS AGREEMENT, EVEN IF IT HAS BEEN ADVISED OF THE POSSIBILITY OF SUCH DAMAGES.",0,0,0,1,1,0
MorganStanleyDirectLendingFund_20191119_10-12GA_EX-10.5_11898508_EX-10.5_Trademark License Agreement,"Licensor reserves the right to terminate this Agreement immediately upon written notice for any reason, including if the usage of the Brand is not in compliance with the standards and policies.",1,0,0,0,0,0
MphaseTechnologiesInc_20030911_10-K_EX-10.15_1560667_EX-10.15_Co-Branding Agreement,Either party wishing to terminate the Agreement must give written notice to the other party at least thirty (30) days prior to the desired date of termination.,1,0,0,0,0,0
MphaseTechnologiesInc_20030911_10-K_EX-10.15_1560667_EX-10.15_Co-Branding Agreement,"Neither Party shall be liable to the other for special, incidental, or consequential damages, even if such Party has been advised of the possibility of such damages.",0,0,0,1,0,0
MphaseTechnologiesInc_20030911_10-K_EX-10.15_1560667_EX-10.15_Co-Branding Agreement,"mPhase shall have the right to annually renew this agreement for a period of one year upon each annual expiration with the written consent of Lucent, which written consent shall not be unreasonably withheld.",0,1,0,0,0,0
MusclepharmCorp_20170208_10-KA_EX-10.38_9893581_EX-10.38_Co-Branding Agreement,Endorser shall not use or provide endorsements or testimonials for products that compete with MusclePharm Products or the Licensed Products.,0,0,0,0,0,1
MusclepharmCorp_20170208_10-KA_EX-10.38_9893581_EX-10.38_Co-Branding Agreement,Endorser's duty not to compete with the business of MusclePharm shall continue for a period of one year following the expiration or termination of this Agreement.,0,0,0,0,0,1
MusclepharmCorp_20170208_10-KA_EX-10.38_9893581_EX-10.38_Co-Branding Agreement,Endorser's duty not to compete with the business of MusclePharm shall continue for a period of one year following the expiration or termination of this Agreement. Endorser's non-competition obligation shall not be required in the event of a material breach of this Agreement by MusclePharm.,0,0,0,0,0,1
MusclepharmCorp_20170208_10-KA_EX-10.38_9893581_EX-10.38_Co-Branding Agreement,"IN NO EVENT SHALL THE AS PARTIES BE LIABLE FOR SPECIAL, CONSEQUENTIAL, OR PUNITIVE DAMAGES.",0,0,0,1,0,0
MusclepharmCorp_20170208_10-KA_EX-10.38_9893581_EX-10.38_Co-Branding Agreement,"If this Agreement is renewed for the First Additional Term, then the First Additional Term shall commence on July 23, 2016, and the Agreement shall expire and terminate automatically without further notice on July 22, 2019.",0,1,0,0,0,0
MusclepharmCorp_20170208_10-KA_EX-10.38_9893581_EX-10.38_Co-Branding Agreement,"If this Agreement is renewed for the Second Additional Term, then the Second Additional Term shall commence on July 23, 2019 and the Agreement shall expire and terminate automatically without further notice on July 22, 2022.",0,1,0,0,0,0
MusclepharmCorp_20170208_10-KA_EX-10.38_9893581_EX-10.38_Co-Branding Agreement,In no event shall the AS Parties' indemnification obligations to MusclePharm hereunder exceed the after-tax value of the Cash Consideration received by Lender under this Agreement.,0,0,0,1,0,0
MusclepharmCorp_20170208_10-KA_EX-10.38_9893581_EX-10.38_Co-Branding Agreement,"In the event that MusclePharm shall achieve Net Sales (as defined below) of $20 million (the ""First Renewal Threshold"") in the aggregate during the Third Contract Year, then this Agreement shall automatically be renewed for an additional term of three (3) years (the ""First Additional Term"") on the same terms and conditions for the Initial Term except that: (i) no additional Stock Compensation (as defined below) shall be issued in connection with the renewal Term, (ii) the Cash Compensation for the First Additional Term shall be as set forth in Section 7 and Exhibit ""C"" Section (2) attached hereto, (iii) Endorser shall only be obligated to make two (2) Appearances in each Contract Year during the First Additional Term pursuant to Section 4(a)(ii) below and (iv) the marketing budget to promote the Licensed Products shall be $5.0 million during each Contract Year of the First Additional Term (subject to Section 12(b) of this Agreement).",0,1,0,0,0,0
MusclepharmCorp_20170208_10-KA_EX-10.38_9893581_EX-10.38_Co-Branding Agreement,"In the event that MusclePharm shall achieve Net Sales of $50 million (the ""Second Renewal Threshold"") in the aggregate during the sixth Contract Year, then this Agreement shall automatically be renewed for an additional term of three (3) years (the ""Second Additional Term"") on the same terms and conditions for the initial Term except that: (i) no additional Stock Compensation (as defined below) shall be issued in connection with the renewal Term, (ii) the Cash Compensation for the renewal Term shall be as set forth in Section 7 and Exhibit ""C"" Section (3) attached hereto, (iii) Endorser shall only be obligated to make two (2) Appearances in each Contract Year during the Second Additional Term pursuant to Section 4(a)(ii) below and (iv) the marketing budget to promote the Licensed Products shall be $5.0 in each Contract Year of the Second Additional Term (subject to Section 12(b) of this Agreement).",0,1,0,0,0,0
MusclepharmCorp_20170208_10-KA_EX-10.38_9893581_EX-10.38_Co-Branding Agreement,"Products. Any failure of Endorser to disclose such conflicting interests, or any breach of this Section, shall be deemed a material breach of the Agreement.",0,0,0,0,0,1
N2KINC_10_16_1997-EX-10.16-SPONSORSHIP AGREEMENT,"EXCEPT UNDER SECTION 13(c) and (d), IN NO EVENT WILL EITHER PARTY BE LIABLE TO THE OTHER FOR ANY SPECIAL, INCIDENTAL OR CONSEQUENTIAL DAMAGES, WHETHER BASED ON BREACH OF CONTRACT, TORT (INCLUDING NEGLIGENCE) OR OTHERWISE, WHETHER OR NOT THAT PARTY HAS BEEN ADVISED OF THE POSSIBILITY OF SUCH DAMAGE.",0,0,0,1,1,0
N2KINC_10_16_1997-EX-10.16-SPONSORSHIP AGREEMENT,"THE LIABILITY OF EXCITE FOR DAMAGES OR ALLEGED DAMAGES HEREUNDER, WHETHER IN CONTRACT, TORT OR ANY OTHER LEGAL THEORY, IS LIMITED TO, AND WILL NOT EXCEED, THE AMOUNTS ACTUALLY PAID BY SPONSOR TO EXCITE HEREUNDER.",0,0,0,1,0,0
NANOPHASETECHNOLOGIESCORP_11_01_2005-EX-99.1-DISTRIBUTOR AGREEMENT,13.1.3 By either party for any reason by providing six (6) months prior written notice expressly terminating this Agreement.,1,0,0,0,0,0
NANOPHASETECHNOLOGIESCORP_11_01_2005-EX-99.1-DISTRIBUTOR AGREEMENT,"Buyer, for itself and its insurers, expressly waives any and all limitations or liability caps, if any, on Buyer's contribution liability to Seller, and any and all statutory or common law lien rights or Claims against Seller arising from any applicable workers compensation or disability acts, which Buyer might or could assert against Seller or Seller's insurers in the event of the personal injury or death of Buyer's employees, representatives or servants.",0,0,0,0,1,0
NANOPHASETECHNOLOGIESCORP_11_01_2005-EX-99.1-DISTRIBUTOR AGREEMENT,"SELLER EXPRESSLY DISCLAIMS ANY AND ALL LIABILITY TO BUYER FOR ANY CONSEQUENTIAL DAMAGES, DAMAGES FOR LOSS OF USE, LOSS OF PROFITS, INCOME, OR REVENUE, LOSS OF TIME OR INCONVENIENCE, LOSS OR DAMAGE TO ASSOCIATED EQUIPMENT, COST OF SUBSTITUTED OR REPLACEMENT EQUIPMENT, LOSS TO FACILITIES, LOSS OF CAPITAL, LOSS OF SERVICES OR ANY OTHER INCIDENTAL, CONSEQUENTIAL OR SPECIAL DAMAGE ARISING OUT OF THIS ORDER OR THE OPERATION, FUNCTION OR CHARACTERISTICS OF THE PRODUCTS PURCHASED HEREUNDER OR OTHERWISE PROVIDED BY SELLER. IN THE EVENT THAT PRODUCTS DO NOT SATISFY SPECIFICATIONS, THEY WILL BE REPLACED, AT SELLER'S OPTION, WITH PRODUCTS THAT DO SATISFY THE SPECIFICATIONS AT SELLER'S SOLE EXPENSE. SAID REPLACEMENT IS THE SOLE AND EXCLUSIVE REMEDY OF BUYER.",0,0,0,1,0,0
NANOPHASETECHNOLOGIESCORP_11_01_2005-EX-99.1-DISTRIBUTOR AGREEMENT,"Seller shall not be liable for indirect, special, incidental or consequential damages arising under this Agreement or otherwise with respect to the sale of the products, including any lost revenues or profits, consequential and/or incidental damages, business interruption or damage to business reputation, regardless of the theory upon which any claim may be based, including any statutory causes of action or claims. In no event will Seller's entire liability to Buyer, including any liability in the event the exclusive remedy set forth in this Agreement fails of its essential purpose, exceed the purchase price actually paid by Buyer for the products hereunder, or any defective portion thereof, whichever is the lesser amount.",0,0,0,1,0,0
NANOPHASETECHNOLOGIESCORP_11_01_2005-EX-99.1-DISTRIBUTOR AGREEMENT,THE CORRECTION OF SUCH DEFECT BY REPAIR OR CREDITING ALFA AESAR'S ACCOUNT FOR THE COST OF THE PRODUCT IN THE MANNER SET FORTH ABOVE SHALL CONSTITUTE THE SOLE AND EXCLUSIVE REMEDY OF DISTRIBUTOR WITH RESPECT TO ANY WARRANTY GIVEN HEREIN RELATING TO ANY PRODUCT SOLD OR DELIVERED HEREUNDER.,0,0,0,1,0,0
NANOPHASETECHNOLOGIESCORP_11_01_2005-EX-99.1-DISTRIBUTOR AGREEMENT,The initial term of this Agreement shall be for a period of five (5) years from the date first set forth above and shall thereafter automatically renew for additional two (2) year terms unless a party provides the other party with notice of non-renewal no less than 6 months prior to the expiration of the initial term or any renewal term unless earlier terminated as follows:,1,1,1,0,0,0
NANOPHASETECHNOLOGIESCORP_11_01_2005-EX-99.1-DISTRIBUTOR AGREEMENT,"To the fullest extent permitted by law, the parties waive and relinquish any claims, demands, causes of action or recoveries for punitive damages, exemplary damages, or statutory damages.",0,0,0,1,0,0
NATIONALPROCESSINGINC_07_18_1996-EX-10.4-SPONSORSHIP AGREEMENT,This Agreement shall automatically renew for successive one-year terms unless one party gives the other party written notice of non-renewal at least six months prior to automatic renewal.,0,1,1,0,0,0
NEOMEDIATECHNOLOGIESINC_12_15_2005-EX-16.1-DISTRIBUTOR AGREEMENT,"For the avoidance of doubt, PPG SHANGHAI hereby declares and represents that PPG SHANGHAI is not responsible for any damage to the Products after they have been taken away from PPG SHANGHAI's warehouse and caused by DISTRIBUTOR or its transport agent.",0,0,0,1,0,0
NEOMEDIATECHNOLOGIESINC_12_15_2005-EX-16.1-DISTRIBUTOR AGREEMENT,In no event shall PPG SHANGHAI be liable for consequential damages.,0,0,0,1,0,0
NEOMEDIATECHNOLOGIESINC_12_15_2005-EX-16.1-DISTRIBUTOR AGREEMENT,"In the event that the Product fails to conform to the warranties herein given, DISTRIBUTOR's exclusive remedy and PPG SHANGHAI's sole responsibility is, at PPG SHANGHAI's option, limited to the replacement of such nonconforming Product at PPG SHANGHAI's expense or the refund of the purchase price attributable to a specific delivery as to which a claim is made.",0,0,0,1,0,0
NEOMEDIATECHNOLOGIESINC_12_15_2005-EX-16.1-DISTRIBUTOR AGREEMENT,"In the event that there is no written notice issued by either party to show the intention to renew this Agreement in the said thirty(30) days before the expiry of the current Term of the Agreement, the Agreement shall terminate at the end of the said thirty(30) days.",0,1,0,0,0,0
NEOMEDIATECHNOLOGIESINC_12_15_2005-EX-16.1-DISTRIBUTOR AGREEMENT,"Notwithstanding the provisions of any law, rule, or regulation to the contrary, on the termination of this Agreement for any cause whatsoever, DISTRIBUTOR shall not be entitled to claim or receive from PPG SHANGHAI any compensation, reimbursement, or damages on account of any expenditure or commitment of any kind in connection with its business or on account of goodwill or on account of loss of prospective profits or otherwise.",0,0,0,1,0,0
NEOMEDIATECHNOLOGIESINC_12_15_2005-EX-16.1-DISTRIBUTOR AGREEMENT,PPG SHANGHAI will not accept any claims for discrepancy in delivery beyond the 48 hours period.,0,0,0,1,0,0
NEONSYSTEMSINC_03_01_1999-EX-10.5-DISTRIBUTOR AGREEMENT_Amendment,"Upon the expiration of such term, this Agreement will renew automatically for successive terms of one (1) year each unless either party to this Agreement delivers written notice of termination to the other party to this Agreement at least sixty (60) days prior to the end of the original or any renewal term.",0,1,1,0,0,0
NEONSYSTEMSINC_03_01_1999-EX-10.5-DISTRIBUTOR AGREEMENT_New,"Each of Licensor and Licensee understands and acknowledges that Licensor shall be entitled to protect and preserve the going concern value of Licensor's business to the extent permitted by law and that Licensor would not have entered into this Agreement absent the provisions of this Section 10.1 and, therefore, each of Licensor and Licensee agrees that during the term of this Agreement Licensee shall not engage in, represent in any way or be connected with directly or indirectly any business competing with the Licensed Products.",0,0,0,0,0,1
NEONSYSTEMSINC_03_01_1999-EX-10.5-DISTRIBUTOR AGREEMENT_New,"IN NO EVENT SHALL A PARTY TO THIS AGREEMENT BE LIABLE TO THE OTHER PARTY TO THIS AGREEMENT FOR ANY SPECIAL, INDIRECT, INCIDENTAL OR CONSEQUENTIAL DAMAGES RESULTING FROM THE USE, OR INABILITY TO USE, THE LICENSED PRODUCTS OR ARISING OUT OF THIS AGREEMENT, INCLUDING BUT NOT LMTED TO LOSS OF PROFIT OR OTHER MONETARY LOSS, LOSS OR INTERRUPTION OF DATA OR CONTUTER TIME, ALTERATION OR ERRONEOUS TRANSNUSSION OF DATA OR PROGRAM ERRORS, EVEN IF SUCH PARTY IS ADVISED IN ADVANCE OF THE POSSIBILITY OF SUCH DAMAGES.",0,0,0,1,0,0
NEONSYSTEMSINC_03_01_1999-EX-10.5-DISTRIBUTOR AGREEMENT_New,If such error or discrepancy is not resolved within thirty (30) days after Licensee's,0,0,0,1,0,0
NEONSYSTEMSINC_03_01_1999-EX-10.5-DISTRIBUTOR AGREEMENT_New,Licensor's total liability to Licensee under any provision of this Agreement shall be limited to the amount actually paid by Licensee to Licensor for the Licensed Product giving rise to the liability.,0,0,0,1,0,0
NEONSYSTEMSINC_03_01_1999-EX-10.5-DISTRIBUTOR AGREEMENT_New,THE REMEDIES SPECIFIED ABOVE SHALL BE THE SOLE AND EXCLUSIVE REMEDIES OF LICENSEE REGARDING THE LICENSED PRODUCTS.,0,0,0,1,0,0
NEONSYSTEMSINC_03_01_1999-EX-10.5-DISTRIBUTOR AGREEMENT_New,"This Agreement shall be effective until the earlier of (a) its termination in accordance with the provisions of this Article 14 or (b) the date that is two (2) years after the date of this Agreement; provided, however, that this Agreement will renew automatically for successive terms of one (1) year each unless a party to this Agreement delivers written notice of termination to the other party to this Agreement at least sixty (60) days prior to the end of the original or any renewal term or the parties to this Agreement do not agree in writing to the Quota Amount referred to in subsection 14.2(b)(1) for any one (1) year renewal term at least sixty (60) days prior to the commencement of such term.",0,1,1,0,0,0
NEONSYSTEMSINC_03_01_1999-EX-10.5-DISTRIBUTOR AGREEMENT_New,"written notice to Licensor, then Licensee as its sole remedy may (a) extend the correction period to a date which is agreeable to Licensor and Licensee or (b) return all copies of the Licensed Products to Licensor with a certification by an authorized representative of Licensee that all copies have been returned to Licensor or have been destroyed and that Licensee has not retained any copies thereof and Licensor shall refund to Licensee the amount paid by Licensee to Licensor for such Licensed Products.",0,0,0,1,0,0
"NETGEAR,INC_04_21_2003-EX-10.16-DISTRIBUTOR AGREEMENT","EXCEPT FOR DAMAGES ARISING FROM BREACH OF SECTIONS 6.C AND 12,13 OR 17, IN NO EVENT WELL DISTRIBUTOR's TOTAL LIABILITY FOR ANY DAMAGES IN ANY ACTION BASED ON OR ARISING OUT OF OR IN CONNECTION WITH THE AGREEMENT EXCEED THE [*] TO NETGEAR PURSUANT TO THE AGREEMENT.",0,0,0,1,1,0
"NETGEAR,INC_04_21_2003-EX-10.16-DISTRIBUTOR AGREEMENT","EXCEPT FOR DAMAGES ARISING UNDER SECTIONS 14.A AND 16.A, IN NO EVENT WILL NETGEAR's OR BAY NETWORKS' TOTAL LIABILITY FOR ANY DAMAGES IN ANY ACTION BASED ON OR ARISING OUT OF OR IN CONNECTION WITH THE AGREEMENT EXCEED THE [*] TO NETGEAR PURSUANT TO THE AGREEMENT.",0,0,0,1,1,0
"NETGEAR,INC_04_21_2003-EX-10.16-DISTRIBUTOR AGREEMENT",End-users' exclusive remedy is to receive replacement Product from reseller and NETGEAR's sole obligation and liability under this warranty is to issue an off-setting credit to reseller for Product returned by reseller on behalf of its end-user because of defects in workmanship or material.,0,0,0,1,0,0
"NETGEAR,INC_04_21_2003-EX-10.16-DISTRIBUTOR AGREEMENT","Except as expressly agreed in writing between the parties, no party is liable to the other for any dollar amounts, costs or damages by reason of the expiration or earlier termination of the Agreement.",0,0,0,1,0,0
"NETGEAR,INC_04_21_2003-EX-10.16-DISTRIBUTOR AGREEMENT","IN NO EVENT WILL EITHER PARTY OR THEIR RESPECTIVE PARENT CORPORATIONS OR SUPPLIERS BE LIABLE FOR (1) THE COST OF SUBSTITUTE PROCUREMENT, SPECIAL, INDIRECT, INCIDENTAL, OR CONSEQUENTIAL DAMAGES, OR (2) ANY DAMAGES RESULTING FROM INACCURATE OR LOST DATA OR LOSS OF USE OR PROFITS ARISING OUT OF OR IN CONNECTION WITH THIS AGREEMENT, THE FURNISHING OF SERVICES, OR THE USE OR PERFORMANCE OF PRODUCTS, EVEN IF INFORMED OF SUCH DAMAGES.",0,0,0,1,0,0
"NETGEAR,INC_04_21_2003-EX-10.16-DISTRIBUTOR AGREEMENT","If any item of Software fails to so perform during its warranty period, as the sole remedy NETGEAR of NETGEAR's supplier will at its discretion provide a suitable fix, patch or workaround for the problem which may be included in a future revision of the Software.",0,0,0,1,0,0
"NETGEAR,INC_04_21_2003-EX-10.16-DISTRIBUTOR AGREEMENT",NETGEAR has no liability for any settlement or compromise made without its prior written consent. Under no circumstances,0,0,0,1,0,0
"NETGEAR,INC_04_21_2003-EX-10.16-DISTRIBUTOR AGREEMENT","THE FOREGOING WARRANTIES AND LIMITATIONS ARE EXCLUSIVE REMEDIES AND ARE IN LIEU OF ALL OTHER WARRANTIES EXPRESS OR IMPLIED, INCLUDING WITHOUT ANY LIMITATION WARRANTY OF MERCHANTABILITY OR FITNESS FOR A PARTICULAR PURPOSE.",0,0,0,1,0,0
"NETGEAR,INC_04_21_2003-EX-10.16-DISTRIBUTOR AGREEMENT","This Agreement may be canceled at any time without cause, by either party upon ninety (90) days written notice to the other party.",1,0,0,0,0,0
"NETGEAR,INC_04_21_2003-EX-10.16-DISTRIBUTOR AGREEMENT",This Agreement may be terminated at any time without cause by either party upon ninety (90) days written notice to the other party.,1,0,0,0,0,0
"NETGEAR,INC_04_21_2003-EX-10.16-DISTRIBUTOR AGREEMENT",This Agreement will be in effect for one year from the Effective Date and will automatically renew for successive one (1) year periods unless terminated as provided below.,0,1,0,0,0,0
"NETGEAR,INC_04_21_2003-EX-10.16-DISTRIBUTOR AGREEMENT",Under no circumstances INGRAM NETGEAR Distributor AGREEMENT 9 083096 is NETGEAR liable for any third-party claims except for those described in this section and in the section entitled CLAIMS OF INFRINGEMENT.,0,0,0,1,0,0
NETGROCERINC_07_31_1998-EX-10.15-SPONSORSHIP AGREEMENT,"EXCEPT UNDER SECTION 11(a), IN NO EVENT WILL EITHER PARTY BE LIABLE TO THE OTHER FOR ANY SPECIAL, INCIDENTAL OR CONSEQUENTIAL DAMAGES, WHETHER BASED ON BREACH OF CONTRACT, TORT (INCLUDING NEGLIGENCE) OR OTHERWISE, WHETHER OR NOT THAT PARTY HAS BEEN ADVISED OF THE POSSIBILITY OF SUCH DAMAGE. THE LIABILITY OF EXCITE FOR DAMAGES OR ALLEGED DAMAGES HEREUNDER, WHETHER IN CONTRACT, TORT OR ANY OTHER LEGAL THEORY, IS LIMITED TO, AND WILL NOT EXCEED, THE TOTAL AMOUNTS PREVIOUSLY PAID OR TO BE PAID BY NETGROCER TO EXCITE HEREUNDER [*]",0,0,0,1,1,0
NETGROCERINC_07_31_1998-EX-10.15-SPONSORSHIP AGREEMENT,EXHIBIT A LIST OF NETGROCER COMPETITORS Peapod Shoppers Express/Oncart,0,0,0,0,0,1
NETGROCERINC_07_31_1998-EX-10.15-SPONSORSHIP AGREEMENT,"For the purposes of this Agreement, ""Competitors"" means online supermarkets, which offer selections of consumer packaged goods and groceries comparable to NetGrocer or off-Web supermarkets, as listed in Exhibit A. The parties may amend Exhibit A from time to time and Excite will not unreasonably withhold its consent to the inclusion of bona fide Competitors submitted by NetGrocer.",0,0,0,0,0,1
NETGROCERINC_07_31_1998-EX-10.15-SPONSORSHIP AGREEMENT,"For the term of the Agreement, Excite will not enter into any agreement to display and shall not display on the Excite Site content created by Excite promoting NetGrocer's ""Competitors"", content created by NetGrocer's Competitors, promotional placements and/or advertising banners from NetGrocer's Competitors or make available on the Excite Site online supermarket sales offered by NetGrocer's Competitors",0,0,0,0,0,1
NETZEEINC_11_14_2002-EX-10.3-MAINTENANCE AGREEMENT,"Following the completion of such maintenance term, Bankers Bank may, at its option, renew maintenance for subsequent periods of one (1) year each, subject to adjustments proposed by Netzee not to exceed 5% at least sixty (60) days in advance of the applicable renewal date.",0,1,0,0,0,0
NEXSTARFINANCEHOLDINGSINC_03_27_2002-EX-10.26-OUTSOURCING AGREEMENT,"In addition, in the event of a material breach by Nexstar of its obligations hereunder, WYZZ shall be entitled to terminate this Agreement and exercise its rights pursuant to Section 25(a) hereof (except that WYZZ may not assert consequential, special or punitive damages or any claim for lost profits).",0,0,0,1,0,0
NEXSTARFINANCEHOLDINGSINC_03_27_2002-EX-10.26-OUTSOURCING AGREEMENT,"In addition, in the event of a material breach by WYZZ of its obligations hereunder, Nexstar shall be entitled to terminate this Agreement and exercise its rights pursuant to Section 25(b) hereof (except that Nexstar may not assert consequential, special or punitive damages or any claim for lost profits).",0,0,0,1,0,0
NEXSTARFINANCEHOLDINGSINC_03_27_2002-EX-10.26-OUTSOURCING AGREEMENT,"This Agreement may be terminated by Nexstar by written notice to WYZZ (i) any time upon six (6) months prior notice, (ii) on six (6) months prior notice following the sale of WYZZ-TV by WYZZ, and/or (iii) if Nexstar is not then in material default or breach hereof, and WYZZ is in material breach of its representations or its material obligations hereunder, and has failed to cure such breach within thirty (30) days of written notice from Nexstar; provided, no notice may be given pursuant to clause (i) of this section prior to the eighteen (18) month anniversary of the Effective Date.",1,0,0,0,0,0
NEXSTARFINANCEHOLDINGSINC_03_27_2002-EX-10.26-OUTSOURCING AGREEMENT,"This Agreement may be terminated by WYZZ by written notice to Nexstar (i) at any time upon six (6) months prior written notice, (ii) on six (6) months prior notice following the sale of WMBD-TV by Nexstar and/or (iii) if WYZZ is not then in material default or breach hereof and if the Nexstar is in material breach of its representations or its material obligations hereunder, and has failed to cure such breach within thirty (30) days of notice from WYZZ; provided, no notice may be given pursuant to clause (i) of this section prior to the eighteen (18) month anniversary of the Effective Date.",1,0,0,0,0,0
NICELTD_06_26_2003-EX-4.5-OUTSOURCING AGREEMENT,"In any event, the total liquidated damages as per this Section shall not exceed 5% of the Product Price.",0,0,0,1,0,0
NICELTD_06_26_2003-EX-4.5-OUTSOURCING AGREEMENT,"Notwithstanding anything to the contrary contained herein or otherwise, Contractor's liability to NICE for any indirect, special, incidental, exemplary or consequential damages as a result of any claim arising under this Agreement or in connection therewith, regardless of whether Contractor has been advised of the possibility of such damages, shall not exceed five million US dollars ($5,000,000) in the aggregate for all claims, except for infringement of Intellectual Property rights for which Contractor is liable under Section 12.6.",0,0,0,1,0,0
NICELTD_06_26_2003-EX-4.5-OUTSOURCING AGREEMENT,"Notwithstanding anything to the contrary contained herein, NICE' liability to Contractor for any indirect, special, incidental, exemplary or consequential damages as a result of any claim arising under this Agreement or in connection therewith, regardless of whether NICE has been advised of the possibility of such damages, shall not exceed five million US dollars ($5,000,000) in the aggregate for all claims, except for infringement of Intellectual Property rights for which NICE is liable under Section 12.8.",0,0,0,1,0,0
NICELTD_06_26_2003-EX-4.5-OUTSOURCING AGREEMENT,"Notwithstanding the aforesaid in Section 16.1. and any possible implication to the contrary herein or as a result of the course of conduct of the parties, Contractor shall be entitled, at its sole discretion, to terminate this Agreement only during the Extended Term, with or without cause, upon a prior written notice of termination to NICE of not less than six (6) months.",1,0,1,0,0,0
NICELTD_06_26_2003-EX-4.5-OUTSOURCING AGREEMENT,"Notwithstanding the aforesaid in Section 16.1. and any possible implication to the contrary herein or as a result of the course of conduct of the parties, NICEshall be entitled, at its sole discretion, to terminate this Agreement, in whole or in part, at any time during the Initial Term or the Extended Term, with or without cause, upon a prior written notice of termination to Contractor of not less than forty-five (45) Days.",1,0,0,0,0,0
NICELTD_06_26_2003-EX-4.5-OUTSOURCING AGREEMENT,"The initial term of this Agreement shall commence on the Effective Date and extend for three (3) years thereafter (""INITIAL TERM""), with an automatic renewal for an indefinite period of time (""EXTENDED TERM""), unless terminated by the parties according to Sections 16.2. or 16.3. herein.",0,1,0,0,0,0
"NOVOINTEGRATEDSCIENCES,INC_12_23_2019-EX-10.1-JOINT VENTURE AGREEMENT",It is understood that a subsequent renewal of a five (5) year term will be negotiated in good faith and shall carry terms very close to the original Agreement.,0,1,0,0,0,0
"NOVOINTEGRATEDSCIENCES,INC_12_23_2019-EX-10.1-JOINT VENTURE AGREEMENT",NVOS and HGF may renew the Agreement within two (2) years of the expiry of the initial term upon mutual understanding.,0,1,0,0,0,0
NYLIACVARIABLEANNUITYSEPARATEACCOUNTIII_04_10_2020-EX-99.8.KK-SERVICE AGREEMENT,FIIOC may terminate this Agreement at any time upon ninety (90) days' written notice to Company.,1,0,0,0,0,0
NYLIACVARIABLEANNUITYSEPARATEACCOUNTIII_04_10_2020-EX-99.8.KK-SERVICE AGREEMENT,This Agreement may be terminated by Company at any time upon written notice to FIIOC.,1,0,0,0,0,0
NakedBrandGroupInc_20150731_POS AM (on S-1)_EX-10.75_9196027_EX-10.75_Endorsement Agreement,"In the event that either Wade or Naked wishes to extend the Term of the Agreement as contemplated above, it shall provide the other Party with written notice at least ninety (90) days prior to the expiration of the Term.",0,1,0,0,0,0
NakedBrandGroupInc_20150731_POS AM (on S-1)_EX-10.75_9196027_EX-10.75_Endorsement Agreement,"The initial term of this Agreement shall be for a period of four (4) years, commencing on the Effective Date, which term may be extended for up to three (3) years by written agreement of both Parties prior to the expiration date of the initial term or any extension thereof (collectively, the ""Term"").",0,1,0,0,0,0
NakedBrandGroupInc_20150731_POS AM (on S-1)_EX-10.75_9196027_EX-10.75_Endorsement Agreement,"The other Party will then have a period of fourteen (14) days from the date of the notice to indicate whether it also desires to extend the Term, on the terms and conditions set forth herein and if no such indication is made, the other Party will be deemed to have declined the offer to extend",0,1,0,0,0,0
NakedBrandGroupInc_20150731_POS AM (on S-1)_EX-10.75_9196027_EX-10.75_Endorsement Agreement,"Wade represents and warrants that during the Term and in the Territory, neither Wade nor any of his agents, representatives or employees will solicit, initiate, or encourage any proposal for an endorsement by Wade of any Innerwear to commence during the Term, or participate in any discussions or negotiations for the same.",0,0,0,0,0,1
NeoformaInc_19991202_S-1A_EX-10.26_5224521_EX-10.26_Co-Branding Agreement,"During the Term, Neoforma shall not place any advertisements on a Neoforma Site for any VerticalNet Competitor.",0,0,0,0,0,1
NeoformaInc_19991202_S-1A_EX-10.26_5224521_EX-10.26_Co-Branding Agreement,"EXCEPT IN CONNECTION WITH A BREACH BY EITHER PARTY OF ARTICLE 13, THE INDEMNIFICATION OBLIGATIONS OF NEOFORMA UNDER SECTION 15.4(c) [INDEMNIFICATION BY NEOFORMA] AND (d) AND THE INDEMNIFICATION OBLIGATIONS OF VERTICALNET UNDER SECTION 15.5(c) [INDEMNIFICATION BY VERTICALNET] AND (d), EACH PARTY'S LIABILITY FOR DAMAGES HEREUNDER SHALL NOT EXCEED $1,000,000.",0,0,0,1,1,0
NeoformaInc_19991202_S-1A_EX-10.26_5224521_EX-10.26_Co-Branding Agreement,"Except for claims under Sections 15.4 [INDEMNIFICATION BY NEOFORMA] and 15.5 [INDEMNIFICATION BY VERTICALNET] hereof, neither Party may bring a claim or action regardless of form, arising out of or related to this Agreement, including any claim of fraud or misrepresentation, more than two years after the cause of action accrues or",0,0,0,1,1,0
NeoformaInc_19991202_S-1A_EX-10.26_5224521_EX-10.26_Co-Branding Agreement,"Neoforma shall not enter into, and shall cause its Affiliates to not enter into, any agreement with a third party for the on-line listing of Laboratory Products on a VerticalNet Competitor or place any Link to a VerticalNet Competitor on the Neoforma Sites.",0,0,0,0,0,1
NeoformaInc_19991202_S-1A_EX-10.26_5224521_EX-10.26_Co-Branding Agreement,"This Agreement will automatically renew at the end of the Initial Term or a subsequent renewal term on a year to year basis (each, a ""Renewal Term""), unless either Party notifies the other at least 30 days prior to the end of the Initial Term or then current Renewal Term, as applicable, of its intention not to renew this Agreement (a ""Termination Notice"").",0,1,1,0,0,0
NeoformaInc_19991202_S-1A_EX-10.26_5224521_EX-10.26_Co-Branding Agreement,VerticalNet shall not enter into any agreement with a Neoforma Competitor for the on-line listing of Medical Products or place any Link to the Site of a Neoforma Competitor on the VerticalNet Medical Online Communities.,0,0,0,0,0,1
NeoformaInc_19991202_S-1A_EX-10.26_5224521_EX-10.26_Co-Branding Agreement,"becomes known, whichever is later.",0,0,0,1,1,0
NlsPharmaceuticsLtd_20200228_F-1_EX-10.14_12029046_EX-10.14_Development Agreement,"Either Party shall only be liable for direct losses incurred by the other Party as a direct consequence of a negligent or intentional breach of this Agreement by such liable Party, and shall not be liable for any punitive or indirect damages, losses caused by business interruptions, loss of revenues, loss of profit, damages and loss of goodwill, or any reputational damages, and both Parties waive any claims to such losses.",0,0,0,1,0,0
NlsPharmaceuticsLtd_20200228_F-1_EX-10.14_12029046_EX-10.14_Development Agreement,"In addition, neither Party shall be liable for any claim under this Agreement which is capable of remedy, unless and until the other Party has given such Party written notice containing full details of the breach and such Party has failed to remedy the breach within sixty (60) days of receipt of the notice.",0,0,0,1,0,0
NmfSlfIInc_20200115_10-12GA_EX-10.5_11946987_EX-10.5_Trademark License Agreement,(ii) upon sixty (60) days' written notice by the Licensee to the Licensor.,1,0,0,0,0,0
NmfSlfIInc_20200115_10-12GA_EX-10.5_11946987_EX-10.5_Trademark License Agreement,(ii) upon sixty (60) days' written notice by the Licensor to the Licensee or (b) by the Licensee,1,0,0,0,0,0
NmfSlfIInc_20200115_10-12GA_EX-10.5_11946987_EX-10.5_Trademark License Agreement,This Agreement shall be terminable (a) by the Licensor,1,0,0,0,0,0
"OAKTREECAPITALGROUP,LLC_03_02_2020-EX-10.8-Services Agreement","This Agreement may be terminated, either in respect of a Fund or in its entirety, by either Oaktree US or the Sub-Advisor for any reason upon 30 days' written notice to the other.",1,0,0,0,0,0
"OASYSMOBILE,INC_07_05_2001-EX-10.17-OUTSOURCING AGREEMENT","Except for actions for nonpayment of breach of E.piphany's proprietary rights in the Application, no action, regardless of form, arising out of this Agreement may be brought by either party more than two years after the cause of action has accrued.",0,0,0,1,0,0
"OASYSMOBILE,INC_07_05_2001-EX-10.17-OUTSOURCING AGREEMENT","For any breach of the warranties contained in Section 4.1, HSNS's sole and exclusive remedy, and E.piphany's entire liability, shall be: (i) in the case of a nonconforming Application, to correct the nonconforming Application, provided that HSNS notifies E.piphany of the nonconformity within the warranty period and HSNS has installed all Updates and, if E.piphany is unable to do so, HSNS shall be entitled to terminate the Application license and recover the fees paid to E.piphany for such Application; (ii) in the case of defective media, to replace such defective media, provided that HSNS returns such defective media during the warranty period; (iii) in the case of infringing Application, the indemnity contained in Section 10.1 (""E.piphany Intellectual Property Indemnify"") and (iv) in the case of services to which the breach of warranty relate, the correction of defective work so as to comply with generally accepted industry standards.",0,0,0,1,0,0
"OASYSMOBILE,INC_07_05_2001-EX-10.17-OUTSOURCING AGREEMENT","IN NO EVENT SHALL EITHER PARTY BE LIABLE FOR ANY INDIRECT, INCIDENTAL, SPECIAL OR CONSEQUENTIAL DAMAGES, OR DAMAGES FOR LOSS OF PROFITS, REVENUE, DATA OR USE, INCURRED BY THE OTHER PARTY OR ANY THIRD PARTY, WHETHER IN AN ACTION IN CONTRACT OR TORT, EVEN IF SUCH PARTY HAS BEEN ADVISED OF THE POSSIBILITY OF SUCH DAMAGES. IN NO EVENT SHALL E.PIPHANY'S LIABILITY HEREUNDER EXCEED THE SUM TOTAL OF PAYMENTS MADE BY HSNS UNDER THE INITIAL TERM OF THIS AGREEMENT.",0,0,0,1,0,0
"OASYSMOBILE,INC_07_05_2001-EX-10.17-OUTSOURCING AGREEMENT","In the event of termination by either party in accordance with any of the provisions of this Agreement, neither party shall be liable to the other, because of such termination, for compensation, reimbursement or damages on account of the loss of prospective profits or anticipated sales or on account of expenditures, inventory, investments, leases or commitments in connection with the business or goodwill of E.piphany or HSNS.",0,0,0,1,0,0
"OASYSMOBILE,INC_07_05_2001-EX-10.17-OUTSOURCING AGREEMENT","THE PROVISIONS OF SECTION 10.1 (""E.PIPHANY INTELLECTUAL PROPERTY INDEMNITY"") STATE THE ENTIRE LIABILITY AND OBLIGATION OF E.PIPHANY, AND THE EXCLUSIVE REMEDY OF HSNS, WITH RESPECT TO ANY ACTUAL OR ALLEGED INFRINGEMENT OF ANY PATENT, COPYRIGHT, TRADE SECRET, TRADEMARK OR OTHER INTELLECTUAL PROPERTY RIGHT BY THE APPLICATION OR ANY PART THEREOF. THIS LIMITATION OF LIABILITY APPLIES NOTWITHSTANDING ANY FAILURE OF THE ESSENTIAL PURPOSE OF THE EXCLUSIVE REMEDIES.",0,0,0,1,0,0
OFGBANCORP_03_28_2007-EX-10.23-OUTSOURCING AGREEMENT,"Customer may elect to terminate this Agreement for any reason upon six months written notice to Metavante, provided Customer shall pay Metavante the ""Termination Fee"" defined and computed in accordance with the table below.",1,0,0,0,0,0
OFGBANCORP_03_28_2007-EX-10.23-OUTSOURCING AGREEMENT,"Except as may be provided in any Schedule, Metavante may, at any time, withdraw any of the Services upon providing ninety (90) days' prior written notice to Customer, provided that Metavante is withdrawing the Service(s) from its entire client base.",1,0,0,0,0,0
OFGBANCORP_03_28_2007-EX-10.23-OUTSOURCING AGREEMENT,"In addition to and not in limitation of any other provision of this Article 9, each party hereby knowingly, voluntarily, and intentionally waives any right to recover from the other party, and Customer waives any right to recover from any Eligible Provider, any economic losses or damages in any action brought under tort theories, including, misrepresentation, negligence and/or strict liability, and/or relating to the quality or performance of any products or services provided by Metavante.",0,0,0,1,0,0
OFGBANCORP_03_28_2007-EX-10.23-OUTSOURCING AGREEMENT,"Independent of, severable from, and to be enforced independently of any other provision of this Agreement, NEITHER PARTY WILL BE LIABLE TO THE OTHER PARTY (NOR TO ANY PERSON CLAIMING RIGHTS DERIVED FROM THE OTHER PARTY'S RIGHTS) IN CONTRACT, TORT (INCLUDING NEGLIGENCE), OR OTHERWISE, FOR INCIDENTAL, CONSEQUENTIAL, SPECIAL, PUNITIVE, OR EXEMPLARY DAMAGES OF ANY KIND—including lost profits, loss of business, or other economic damage, and further including injury to property, AS A RESULT OF BREACH OF ANY WARRANTY OR OTHER TERM OF THIS AGREEMENT, INCLUDING ANY FAILURE OF PERFORMANCE, REGARDLESS OF WHETHER THE PARTY LIABLE OR ALLEGEDLY LIABLE WAS ADVISED, HAD OTHER REASON TO KNOW, OR IN FACT KNEW OF THE POSSIBILITY THEREOF.",0,0,0,1,0,0
OFGBANCORP_03_28_2007-EX-10.23-OUTSOURCING AGREEMENT,"Metavante's sole responsibility, and Customer's sole remedy, shall be to provide, at Metavante's expense, a conforming replacement card to the appropriate cardholder(s).",0,0,0,1,0,0
OFGBANCORP_03_28_2007-EX-10.23-OUTSOURCING AGREEMENT,"No lawsuit or other action may be brought by either party hereto, or on any claim or controversy based upon or arising in any way out of this Agreement, after two(2) years from the date on which the party knew or reasonably should have known of an event for which a cause of action arose regardless of the nature of the claim or form of action, whether in contract, tort (including negligence), or otherwise; provided, however, the foregoing limitation shall not apply to the collection of any amounts due Metavante under this Agreement.",0,0,0,1,0,0
OFGBANCORP_03_28_2007-EX-10.23-OUTSOURCING AGREEMENT,"Notwithstanding any other provision of this Agreement, Metavante's maximum liability with respect to any Professional Services performed shall be limited to the value of the Professional Services engagement giving rise to the claim for Damages.",0,0,0,1,0,0
OFGBANCORP_03_28_2007-EX-10.23-OUTSOURCING AGREEMENT,"Unless Customer notifies Metavante of its intent not to renew this Agreement in writing within a period of three (3) months following the Renewal Notice, this Agreement shall automatically renew at the end of the Initial Term on the same terms (including pricing terms) for one (1) twelve-month period.",0,1,1,0,0,0
"OMINTO,INC_03_29_2004-EX-10-RESELLER AGREEMENT",Either party may terminate the Agreement on 60-days written notice during a renewed term.,1,0,0,0,0,0
"OMINTO,INC_03_29_2004-EX-10-RESELLER AGREEMENT","IN NO EVENT SHALL EITHER PARTY BE LIABLE TO EACH OTHER OR ANY OTHER ENTITY FOR ANY SPECIAL, CONSEQUENTIAL, INCIDENTAL OR INDIRECT DAMAGES, HOWEVER CAUSED, ON ANY THEORY OF LIABILITY, AND NOTWITHSTANDING ANY FAILURE OF ESSENTIAL PURPOSE OF ANY LIMITED REMEDY.",0,0,0,1,0,0
"OMINTO,INC_03_29_2004-EX-10-RESELLER AGREEMENT",The Reseller Agreement can be terminated at any time at the discretion of either party.,1,0,0,0,0,0
"OMINTO,INC_03_29_2004-EX-10-RESELLER AGREEMENT","This Agreement shall renew for successive 1-year periods, after the initial 1 Year Term, if agreed by both parties in writing within 30 days of license expiration.",0,1,0,0,0,0
OPERALTD_04_30_2020-EX-4.14-SERVICE AGREEMENT,"4.7 Data protection. Each Party agrees to comply with all applicable data protection and privacy laws arising from its obligations, if any, under the Agreement and to reasonably co-operate with the other Party in order to allow the other Party to comply with any laws as deemed necessary from time to time. Each Party shall treat all data, information relating to Services, including but not limit to the customer personal data, as confidential. Each party warrants that it shall take appropriate technical and organizational measures against unauthorized or unlaw",0,1,0,0,0,0
OPERALTD_04_30_2020-EX-4.14-SERVICE AGREEMENT,"IN NO EVENT WILL EITHER PARTY BE LIABLE FOR ANY CONSEQUENTIAL, INDIRECT, EXEMPLARY, SPECIAL, OR INCIDENTAL DAMAGES ARISING FROM OR RELATING TO THIS AGREEMENT. NEITHER PARTIES' TOTAL CUMULATIVE LIABILITY IN CONNECTION WITH THIS AGREEMENT, WHETHER IN AGREEMENT OR TORT OR OTHERWISE, WILL NOT EXCEED THE AGGREGATE AMOUNT OF FEES AND EXPENSES OWED BY PC FINANCIAL TO MOBIMAGIC FOR SERVICES PERFORMED UNDER THIS AGREEMENT.",0,0,0,1,0,0
OPERALTD_04_30_2020-EX-4.14-SERVICE AGREEMENT,"Neither Party shall be liable to the other Party in contract, tort or otherwise, whatever the cause, for any loss of profit, business or goodwill or any indirect, incidental or consequential costs, damages or expenses of any kind, except for such loss attributable to breach of confidentiality.",0,0,0,1,1,0
OPERALTD_04_30_2020-EX-4.14-SERVICE AGREEMENT,"Subject to the foregoing as wen as Mobimagic's obligations under this Agreement, Mobimagic shall not in any manner be held or be responsible or liable for any unforeseen contingency, claims, liabilities, demands. losses, damages or expenses arising due to absence of storage or retention of any PC Financial data which shall be the sole responsibility of PC Financial .",0,0,0,1,1,0
OPERALTD_04_30_2020-EX-4.14-SERVICE AGREEMENT,knowingly use the Services in violation of this Agreement.,0,1,0,0,0,0
OPERALTD_04_30_2020-EX-4.14-SERVICE AGREEMENT,"knowingly use the Services in violation of this Agreement. 3 4.7 Data protection. Each Party agrees to comply with all applicable data protection and privacy laws arising from its obligations, if any, under the Agreement and to reasonably co-operate with the other Party in order to allow the other Party to comply with any laws as deemed necessary from time to time. Each Party shall treat all data, information relating to Services, including but not limit to the customer personal data, as confidential. Each party warrants that it shall take appropriate technical and organizational measures against unauthorized or unlaw",0,1,0,0,0,0
"OPTIMIZEDTRANSPORTATIONMANAGEMENT,INC_07_26_2000-EX-6.6-DISTRIBUTOR AGREEMENT","Provided that COMWARE purchases a minimum of $45,420.00 worth of Products, in any combination, during the Initial Distribution Period, this Agreement will automatically renew for an additional 6 months (the Renewal Period).",0,1,0,0,0,0
"OPTIMIZEDTRANSPORTATIONMANAGEMENT,INC_07_26_2000-EX-6.6-DISTRIBUTOR AGREEMENT","except as specifically described elsewhere in this agreement, either ITS or COMWARE shall have the right to terminate this Agreement with 30 days written notice from the other party, for any reason whatsoever.",1,0,0,0,0,0
ORBSATCORP_08_17_2007-EX-7.3-STRATEGIC ALLIANCE AGREEMENT,AVDU will not seek to acquire any technologies presented to AVDU by UTK directly from the technology developer for a period of 24 months following the termination of this Strategic Alliance agreement.,0,0,0,0,0,1
ORBSATCORP_08_17_2007-EX-7.3-STRATEGIC ALLIANCE AGREEMENT,Either party may terminate this Agreement at any time with 30 days written notice.,1,0,0,0,0,0
ORBSATCORP_08_17_2007-EX-7.3-STRATEGIC ALLIANCE AGREEMENT,Either party may terminate this agreement at any time with 30 days written notice.,1,0,0,0,0,0
ORBSATCORP_08_17_2007-EX-7.3-STRATEGIC ALLIANCE AGREEMENT,"Should AVDU decide not to proceed in the acquisition of the technology/company as described above, then AVDU shall be prohibited from acquiring the technology/company either directly or indirectly, from the technology/company developer for a period of 24 months following the termination of this Strategic Alliance Agreement.",0,0,0,0,0,1
"OTISWORLDWIDECORP_04_03_2020-EX-10.4-INTELLECTUAL PROPERTY AGREEMENT by and among UNITED TECHNOLOGIES CORPORATION, OTIS WORLDWIDE CORPORATION and CARRIER ~1","Except in connection with a Party's willful and intentional breach of this Agreement or fraud, in no event shall any Party or its Affiliates, under any circumstances, be liable or obligated in any manner to another Party or its Affiliates for any consequential, special, incidental, exemplary, indirect, punitive or similar damages, or for any loss of future revenue, profits or income, or for any diminution in value damages measured as a multiple of earnings, revenue or any other performance metric arising out of or relating to this Agreement or the transactions contemplated in this Agreement, even if such Party or its Affiliate is informed in advance of the possibility of such damages occurring and regardless of whether or not the damages were foreseeable and regardless of the theory or cause of action upon which any damages might be based.",0,0,0,1,0,0
"OTISWORLDWIDECORP_04_03_2020-EX-10.4-INTELLECTUAL PROPERTY AGREEMENT by and among UNITED TECHNOLOGIES CORPORATION, OTIS WORLDWIDE CORPORATION and CARRIER ~1","In the event of any breach of this Agreement, the sole remedy of the non-breaching Party will be to seek monetary damages or equitable relief, including specific performance, as provided in Article VII, that does not involve a rescission or termination of any of the provisions of this Agreement (including the license rights provided in this Article III), and each Party irrevocably waives the right to seek any termination or rescission of any such provisions or rights.",0,0,0,1,0,0
"PACIRA PHARMACEUTICALS, INC. - A_R STRATEGIC LICENSING, DISTRIBUTION AND MARKETING AGREEMENT ","Any and all liability of EKR to PPI howsoever arising in respect of this Agreement, the Transition Services and Inventory Agreement or the Supply Agreement and their performance in contract tort or otherwise shall be limited (except for death or personal injury caused by the negligence of EKR or its employees while acting in the course of their employment, and except in relation to any specified payment, lump sum, milestone or royalty payment unpaid) to [**] US Dollars ($[**]); provided however that such limitation shall not apply to the extent that PPI or any PPI Indemnified Party is required to pay in excess of such amount to a third party in respect of a final judgment or order obtained by the third party.",0,0,0,1,1,0
"PACIRA PHARMACEUTICALS, INC. - A_R STRATEGIC LICENSING, DISTRIBUTION AND MARKETING AGREEMENT ","Any and all liability of PPI to EKR howsoever arising in respect of this Agreement, the Transition Services and Inventory Agreement or the Supply Agreement and their performance, in contract tort or otherwise, shall be limited (except for death or personal injury caused by the negligence of PPI or its employees while acting in the course of their employment) to [**] US Dollars ($[**]); provided",0,0,0,1,1,0
"PACIRA PHARMACEUTICALS, INC. - A_R STRATEGIC LICENSING, DISTRIBUTION AND MARKETING AGREEMENT ","At any time after July 1, 2015, PPI shall have the right, exercisable upon sixty (60) days prior written notice to EKR, to terminate the Lease Term and repurchase the Transferred Equipment from EKR, subject to payment by PPI to EKR within five (5) days of such notice of any principal paid by EKR under the Promissory Note, which if exercised shall result in the termination of the Step-in Right set forth in Section 17.5.",1,0,0,0,0,0
"PACIRA PHARMACEUTICALS, INC. - A_R STRATEGIC LICENSING, DISTRIBUTION AND MARKETING AGREEMENT ","At any time between the Agreement Date and July 1, 2015, EKR shall have the right, exercisable upon sixty (60) days prior written notice to PPI, to terminate the Lease Term and sell the Transferred Equipment back to PPI, subject to payment by PPI to EKR within five (5) days of such notice of $[**] in cash, which if exercised shall result in (i) an offset against the unpaid balance of principal and interest under the Promissory Note pursuant to Section 3.20(f) below; and (ii) the termination of the Step-in Right described in Section 17.5.",1,0,0,0,0,0
"PACIRA PHARMACEUTICALS, INC. - A_R STRATEGIC LICENSING, DISTRIBUTION AND MARKETING AGREEMENT ","During the Term, PPI and its Affiliates shall not: (i) file for Marketing Authorization with respect to any Competing Product in any country in the Territory, (ii) manufacture or have manufactured any Competing Product in any country in the Territory, (iii) market or have marketed any Competing Product in any country in the Territory or (iv) license any Third Party to do any of the foregoing.",0,0,0,0,0,1
"PACIRA PHARMACEUTICALS, INC. - A_R STRATEGIC LICENSING, DISTRIBUTION AND MARKETING AGREEMENT ","EKR may terminate this Agreement for convenience at any time upon [**] ([**]) days prior, written notice to PPI.",1,0,0,0,0,0
"PACIRA PHARMACEUTICALS, INC. - A_R STRATEGIC LICENSING, DISTRIBUTION AND MARKETING AGREEMENT ","EKR shall not, during [**], market, distribute or sell a Competing Product in the Territory unless during such time an A/B rated generic product of the Product(s) is launched in such country of the Territory or in the event this Agreement is terminated or EKR exercises its rights under Section 17.4 hereof.",0,0,0,0,0,1
"PACIRA PHARMACEUTICALS, INC. - A_R STRATEGIC LICENSING, DISTRIBUTION AND MARKETING AGREEMENT ","Notwithstanding anything contained in this Agreement or the Transition Services and Inventory Agreement or the Supply Agreement in no circumstance shall either Party be liable to the other in contract, tort (including negligence or breach of statutory duty) or otherwise howsoever, and whatever the cause thereof, for any special, indirect or consequential loss or damage of any nature whatsoever except in the cases of fraud or intentional misconduct or in the case of PPI as a result of PPI's breach of Section 7.2.12 of the Supply Agreement.",0,0,0,1,0,0
"PACIRA PHARMACEUTICALS, INC. - A_R STRATEGIC LICENSING, DISTRIBUTION AND MARKETING AGREEMENT ","Notwithstanding the foregoing, this Agreement can be terminated by EKR at the end of the Initial Term by delivery of written notice to PPI at least one hundred eighty (180) days prior to the end of the Initial Term or any renewal term.",0,0,1,0,0,0
"PACIRA PHARMACEUTICALS, INC. - A_R STRATEGIC LICENSING, DISTRIBUTION AND MARKETING AGREEMENT ",Thereafter the term of this Agreement shall automatically renew for consecutive periods of two (2) years each.,0,1,0,0,0,0
"PACIRA PHARMACEUTICALS, INC. - A_R STRATEGIC LICENSING, DISTRIBUTION AND MARKETING AGREEMENT ",however that such limitation shall not apply to the extent that EKR or any EKR Indemnified Party is required to pay in excess of such amount to a third party in respect of a final judgment or order obtained by the third party or as a result of PPI's breach of Section 7.2.12 of the Supply Agreement.,0,0,0,1,1,0
PANDIONTHERAPEUTICSHOLDCOLLC_05_22_2020-EX-10.17-CONSULTING AGREEMENT,The Consultant may terminate the Consultation Period at any time upon thirty (30) days' written notice.,1,0,0,0,0,0
PANDIONTHERAPEUTICSHOLDCOLLC_05_22_2020-EX-10.17-CONSULTING AGREEMENT,"This Agreement shall commence on the Effective Date and shall continue until the four-year anniversary of the Effective Date (such period, as it may be extended, either by the mutual written agreement of the parties or automatically, or earlier terminated being referred to as the ""Consultation Period""), unless sooner terminated in accordance with the provisions of Section 4, and shall automatically renew for successive one-year periods, unless the Company provides 90 days' notice of termination before any such successive period.",0,1,1,0,0,0
"PAXMEDICA,INC_07_02_2020-EX-10.12-Master Service Agreement","Any action of any kind by either party arising out of this Agreement must be commenced within five (5) years from the date the right, claim, demand, or cause of action shall first arise.",0,0,0,1,0,0
"PAXMEDICA,INC_07_02_2020-EX-10.12-Master Service Agreement",Client may terminate this Agreement on thirty (30) days written notice without cause.,1,0,0,0,0,0
"PAXMEDICA,INC_07_02_2020-EX-10.12-Master Service Agreement","Neither Party shall be liable to the other Party in respect of any indirect loses or damaged, pure economic nature, loss of profits or income howsoever arising.",0,0,0,1,0,0
"PAXMEDICA,INC_07_02_2020-EX-10.12-Master Service Agreement","Notwithstanding any other provision of this Agreement, each party's total liability in respect of damages under this Agreement, any regulation or common law shall be limited to the sum of all amounts received from Client in terms of this Agreement; provided, however, that this limitation shall not apply with respect to any claims arising out of or relating to clause 6 (Inventions and Proprietary Information), indemnification obligations or damages arising from a party's gross negligence or willful misconduct.",0,0,0,1,1,0
PFSFUNDS_06_26_2020-EX-99.H OTH MAT CONT-SERVICES AGREEMENT,"Except as may otherwise be required by the Act or the rules thereunder, neither the Adviser nor its directors, officers, employees, shareholders, agents, control persons or affiliates of any thereof (collectively, the ""Adviser Employees"") shall be subject to any liability for, or any damages, expenses or losses incurred by the Trust in connection with any error of judgment, mistake of law, any act or omission in connection with or arising out of any services rendered under or payments made pursuant to this Agreement or any other matter to which this Agreement relates, except by reason of willful misfeasance, bad faith or gross negligence on the part of any such persons in the performance of the duties of the Adviser under this Agreement or by reason of reckless disregard by any of such persons of the obligations and duties of the Adviser under this Agreement. Any person, even though also a director, officer, employee, shareholder or agent of the Adviser, who may be or become a trustee, officer, employee or agent of the Trust, shall be deemed, when rendering services to the Trust or",0,0,0,1,0,0
PFSFUNDS_06_26_2020-EX-99.H OTH MAT CONT-SERVICES AGREEMENT,This Agreement may be terminated without the payment of any penalty by either party upon sixty (60) days' written notice to the other party.,1,0,0,0,0,0
PFSFUNDS_06_26_2020-EX-99.H OTH MAT CONT-SERVICES AGREEMENT,"acting on any business of the Trust (other than services or business in connection with the Adviser's duties hereunder), to be rendering such services to or acting solely for the Trust and not as a director, officer, employee, shareholder or agent, or one under the control or direction of the Adviser, even though paid by it.",0,0,0,1,0,0
PHLVARIABLEINSURANCECOCT_08_17_2009-EX-10.1-STRATEGIC ALLIANCE AGREEMENT,"By any of the PHL Parties, on the one hand, or ICC, on the other, providing one hundred and twenty (120) days prior written notice to the other Parties.",1,0,0,0,0,0
PHLVARIABLEINSURANCECOCT_08_17_2009-EX-10.1-STRATEGIC ALLIANCE AGREEMENT,"Each Investors Capital Party acknowledges that none of the PHL Parties or their Affiliates shall be deemed to have guaranteed the profitability of the GIE or any volume of sales, and no indemnification shall arise based on an assertion of such a guarantee of profitability of the GIE or volume of sales.",0,0,0,1,0,0
PHLVARIABLEINSURANCECOCT_08_17_2009-EX-10.1-STRATEGIC ALLIANCE AGREEMENT,"Each PHL Party acknowledges that neither ICAS nor any of its Affiliates shall be deemed to have guaranteed the profitability of the GIE or any volume of sales, and no indemnification shall arise in connection with profitability of the GIE or volume of sales.",0,0,0,1,0,0
PHLVARIABLEINSURANCECOCT_08_17_2009-EX-10.1-STRATEGIC ALLIANCE AGREEMENT,"IN NO EVENT SHALL ANY PARTY BE LIABLE FOR ANY SPECIAL, INDIRECT, INCIDENTAL, PUNITIVE, CONSEQUENTIAL, OR ANY SIMILAR DAMAGES WHETHER OR NOT CAUSED BY OR RESULTING FROM THE NEGLIGENCE OF SUCH PARTY EVEN IF SUCH PARTY HAS BEEN ADVISED OF THE POSSIBILITY OF SUCH DAMAGES, IN RELATION TO, ARISING OUT OF OR IN CONNECTION WITH THIS EXHIBIT OR THE TRADEMARKS.",0,0,0,1,0,0
PHLVARIABLEINSURANCECOCT_08_17_2009-EX-10.1-STRATEGIC ALLIANCE AGREEMENT,"This Agreement may be terminated by either the PHL Parties, on the one hand, or ICC, on the other, with respect to Certificates that have not been issued as of the effective date of termination in the following manner:",1,0,0,0,0,0
"PHREESIA,INC_05_28_2019-EX-10.18-STRATEGIC ALLIANCE AGREEMENT","EXCEPT AS OTHERWISE SET FORTH IN SECTION 23.2, IN NO EVENT WILL ANY PARTY BE LIABLE UNDER THIS AGREEMENT FOR ANY LOST PROFITS OR FOR ANY CONSEQUENTIAL, INCIDENTAL, INDIRECT, EXEMPLARY, SPECIAL, OR PUNITIVE DAMAGES, REGARDLESS OF WHETHER SUCH PARTY HAS BEEN NOTIFIED OF THE POTENTIAL FOR SUCH DAMAGES, OR WHETHER SUCH DAMAGES WERE REASONABLY FORESEEABLE, OR WHETHER ANY CLAIM FOR RECOVERY IS BASED ON THEORIES OF CONTRACT, TORT, OR OTHERWISE.",0,0,0,1,1,0
"PHREESIA,INC_05_28_2019-EX-10.18-STRATEGIC ALLIANCE AGREEMENT","EXCEPT AS OTHERWISE SET FORTH IN SECTION 23.2, THE TOTAL CUMULATIVE LIABILITY OF EITHER PARTY FOR ANY AND ALL CLAIMS AND DAMAGES UNDER THIS AGREEMENT, WHETHER ARISING BY STATUTE, CONTRACT, TORT OR OTHERWISE, WILL NOT EXCEED THE FEES PAID BY ALLSCRIPTS TO COMPANY HEREUNDER DURING THE [***] PRECEDING THE EVENT GIVING RISE TO THE CLAIM.",0,0,0,1,1,0
"PHREESIA,INC_05_28_2019-EX-10.18-STRATEGIC ALLIANCE AGREEMENT","In addition, the limitations in Section 23.1(b) will not apply (1) to Company's indemnification obligations under Section 22.1(a) or (2) Allscripts indemnification obligations under Section 22.3(a), unless the Company's or Allscripts' indemnification obligation under Section 22.1(a) or 22.3(a), as the case may be, relates to the losses and obligations described in subclauses (a) through (f) of the preceding sentence. [***].",0,0,0,0,1,0
"PHREESIA,INC_05_28_2019-EX-10.18-STRATEGIC ALLIANCE AGREEMENT",Termination for Convenience. [***].,1,0,0,0,0,0
"PHREESIA,INC_05_28_2019-EX-10.18-STRATEGIC ALLIANCE AGREEMENT","The Company's obligations to provide defense and indemnity pursuant to this Section 22 will be reduced to the extent that the Claim or Loss was caused by (a) the Indemnified Person's creation of modifications to the Installed Software, Subscription Software Services, Developer App, Merchant Processing Services, Documentation, Company Marketing Materials, or Services, unless such modifications (i) were authorized in writing by the Company or were otherwise directed in writing or caused by the Indemnifying Party or (ii) were contemplated and permitted as a feature of any of the Installed Software or Subscription Software Services or Merchant Processing Services, and in each case solely to the extent such Claim would not have occurred but for such modifications; (b) the Indemnified Person's failure to use updates or corrections made available by the Indemnifying Party, but solely to the extent such Claim would not have occurred if such updates or corrections had been used; or (c) the operation of Allscripts' products or services or the combination or use of the Installed Software, Developer App, Subscription Software Services or Merchant Processing Services or Services in conjunction with Allscripts' products or services (unless directed in writing or caused by the Company), if such Claim would not have arisen but for such combination or use, and except to the extent arising from any combination performed by or on behalf of the Company in connection with the Services.",0,0,0,1,0,0
"PHREESIA,INC_05_28_2019-EX-10.18-STRATEGIC ALLIANCE AGREEMENT","The limitations in Section 23.1(a) will not apply to (a) losses arising out of or relating to a Party's breach of its obligations in Section 8 (excluding Section 8.4(g)) or Sections 1.1, 1.2, 1.4, 1.6 or 6.1 of the Restated Developer Agreement, (b) losses arising out of a Party's breach of Section 19 or the Business Associate Agreement (c) losses arising from a Party's gross negligence or more culpable conduct, including any willful misconduct or intentionally wrongful acts; (d) losses for death, bodily injury, or damage to real or tangible personal property arising out of or relating to a Party's negligent or more culpable acts or omissions or (e) a Party's obligation to pay attorneys' fees and other costs pursuant to Section 28.9(e)",0,0,0,0,1,0
"PHREESIA,INC_05_28_2019-EX-10.18-STRATEGIC ALLIANCE AGREEMENT","The limitations in Section 23.1(b) will not apply to (a) losses arising out of or relating to a Party's breach of its obligations in Section 8 (excluding Section 8.4(g)) or Sections 1.1, 1.2, 1.4, 1.6 or 6.1 of the Restated Developer Agreement, (b) losses arising out of a Party's breach of Section 19 or the Business Associate Agreement; (c) a Party's indemnification obligations under Sections 22.1(b) through 22.1(e) or Sections 22.3(b) through 22.3(e); (d) losses arising from a Party's gross negligence or more culpable conduct, including any willful misconduct or intentionally wrongful acts; (e) losses for death, bodily injury, or damage to real or tangible personal property arising out of or relating to a Party's negligent or more culpable acts or omissions; or (f) a Party's obligation to pay attorneys' fees and other costs pursuant to Section 28.9(e).",0,0,0,0,1,0
"PHREESIA,INC_05_28_2019-EX-10.18-STRATEGIC ALLIANCE AGREEMENT","Unless this Agreement is terminated pursuant to Section 25, this Agreement will automatically renew for additional successive [***] terms (each a ""Renewal Term"" and together with the Initial Term, the ""Term"") unless and until either Party provides written notice of non-renewal to the other Party at least [***] prior to the end of the then-current Term.",0,1,1,0,0,0
PLAYAHOTELS_RESORTSNV_03_14_2017-EX-10.22-STRATEGIC ALLIANCE AGREEMENT (Hyatt Ziva Cancun),"In any action or proceeding between the Parties (including any arbitration proceeding) arising under or with respect to this Agreement or in any manner pertaining to the Hyatt All-Inclusive Resorts or to the relationship of the Parties under this Agreement, each Party hereby unconditionally and irrevocably waives and releases any right, power or privilege either may have to claim or receive from the other Party any punitive or exemplary damages, each Party acknowledging and agreeing that the remedies herein provided and other remedies at law or in equity will in all circumstances be adequate.",0,0,0,1,0,0
PROFOUNDMEDICALCORP_08_29_2019-EX-4.5-SUPPLY AGREEMENT,"Customer, in its sole discretion, may terminate this Agreement, without cause, by providing six (6) months prior written notice to Philips",1,0,0,0,0,0
PacificapEntertainmentHoldingsInc_20051115_8-KA_EX-1.01_4300894_EX-1.01_Content License Agreement,"After the Initial Term, this Agreement will be automatically renewed for successive additional 3~year periods (""Extension Terms""), unless otherwise terminated by either party by giving notice to the other party not less than sixty (60) days prior to the end of a Term.",0,1,1,0,0,0
PalmerSquareCapitalBdcInc_20200116_10-12GA_EX-10.6_11949289_EX-10.6_Trademark License Agreement,This Agreement shall be terminable,1,0,0,0,0,0
PalmerSquareCapitalBdcInc_20200116_10-12GA_EX-10.6_11949289_EX-10.6_Trademark License Agreement,by Licensor or Licensee upon sixty (60) days' written notice to the other party;,1,0,0,0,0,0
PapaJohnsInternationalInc_20190617_8-K_EX-10.1_11707365_EX-10.1_Endorsement Agreement,"IN NO EVENT SHALL ABG'S, AUTHENTIC BRANDS GROUP LLC'S, AND CELEBRITY'S TOTAL LIABILITY UNDER THIS AGREEMENT EXCEED THE AMOUNTS ACTUALLY RECEIVED BY ABG (EXCLUSIVE OF REIUMBURSEMENT OF EXPENSES) HEREUNDER, REGARDLESS OF THE NUMBER OR TYPE OF CLAIMS.",0,0,0,1,0,0
PapaJohnsInternationalInc_20190617_8-K_EX-10.1_11707365_EX-10.1_Endorsement Agreement,"TO THE MAXIMUM EXTENT PERMISSIBLE UNDER APPLICABLE LAW, NEITHER ABG NOR AUTHENTIC BRANDS GROUP LLC NOR CELEBRITY SHALL BE LIABLE TO PAPA JOHN'S FOR ANY CONSEQUENTIAL, INCIDENTAL, PUNITIVE, EXEMPLARY, OR SPECIAL DAMAGES, REGARDLESS OF THE FORM OR ACTION, WHETHER IN CONTRACT OR IN TORT, EVEN IF ABG OR AUTHENTIC BRANDS GROUP LLC HAS BEEN ADVISED OF THE POSSIBLITY OF SUCH DAMAGES OR LOSSES.",0,0,0,1,0,0
PapaJohnsInternationalInc_20190617_8-K_EX-10.1_11707365_EX-10.1_Endorsement Agreement,"The Agreement may be extended for one (1) year upon the parties' mutual agreement in writing, it being specifically understood the services to be performed by CELEBRITY (on behalf of ABG) and remuneration to ABG in connection with the same shall be negotiated in good faith.",0,1,0,0,0,0
PaperexchangeComInc_20000322_S-1A_EX-10.4_5202103_EX-10.4_Co-Branding Agreement,"During the Term and for a period of four years after the termination of this Agreement, VerticalNet shall not, directly or indirectly, by itself, through its Affiliates or through any type of joint venture or similar affiliation with a third party, without prior written approval from PaperExchange, buy, sell or trade (a) paper pulp products through exchanges, auctions, or reverse auctions or any other e-commerce medium, (b) paper (other than finished paper-based products, including, but not limited to, books, stamps and labels) and copy paper (i) through exchanges, auctions or reverse auctions or (ii) in quantities greater than one ton through any e-commerce medium, (c) raw materials used to make paper packaging, including, but not limited to, linerboard, medium, other containerboard grades and corrugated sheet through exchanges, auctions, reverse auctions or any other e-commerce medium, or (d) paper rolls and reels weighing more than 50 pounds used by printers through exchanges, auctions, reverse auctions or any other e-commerce medium; provided, however, that this Section 5.8.1 [Non-Competition] shall not apply to advertisements, Storefronts or similar features on VerticalNet's Sites.",0,0,0,0,0,1
PaperexchangeComInc_20000322_S-1A_EX-10.4_5202103_EX-10.4_Co-Branding Agreement,"During the Term, PaperExchange shall not place any advertisements on the PaperExchange Site from any Pulp and Paper Online Competitor.",0,0,0,0,0,1
PaperexchangeComInc_20000322_S-1A_EX-10.4_5202103_EX-10.4_Co-Branding Agreement,"During the Term, PaperExchange will not, directly or indirectly, design, host, operate, maintain or otherwise participate in a co-branded career center or a co-branded equipment listing Site with a Pulp and Paper Online Competitor or license a PaperExchange Link for use or display on any Pulp and Paper Online Competitor's Site.",0,0,0,0,0,1
PaperexchangeComInc_20000322_S-1A_EX-10.4_5202103_EX-10.4_Co-Branding Agreement,"During the Term, VerticalNet shall not (a) act as an advertising agent or representative for any PaperExchange Competitor and (b) place any advertisements on Pulp and Paper Online from any PaperExchange Competitor.",0,0,0,0,0,1
PaperexchangeComInc_20000322_S-1A_EX-10.4_5202103_EX-10.4_Co-Branding Agreement,"During the Term, VerticalNet will not disclose, transfer or otherwise provide the VerticalNet Content and/or the VerticalNet Archived Content to any PaperExchange Competitor.",0,0,0,0,0,1
PaperexchangeComInc_20000322_S-1A_EX-10.4_5202103_EX-10.4_Co-Branding Agreement,"During the Term, VerticalNet will not, directly or indirectly, design, host, operate, maintain or otherwise participate in a co-branded career center or a co-branded equipment listing Site with a PaperExchange Competitor or license a VerticalNet Link for use or display on any PaperExchange Competitor's Site.",0,0,0,0,0,1
PaperexchangeComInc_20000322_S-1A_EX-10.4_5202103_EX-10.4_Co-Branding Agreement,"EXCEPT IN CONNECTION WITH A BREACH BY EITHER PARTY OF ARTICLE 10, THE INDEMNIFICATION OBLIGATIONS OF PAPEREXCHANGE UNDER SECTION 12.4(c) [Indemnification by PaperExchange] AND THE INDEMNIFICATION OBLIGATIONS OF VERTICALNET UNDER SECTION 12.5(c) [Indemnification by VerticalNet], EACH PARTY'S LIABILITY FOR DAMAGES HEREUNDER SHALL NOT EXCEED $1,000,000.",0,0,0,1,1,0
PaperexchangeComInc_20000322_S-1A_EX-10.4_5202103_EX-10.4_Co-Branding Agreement,"EXCEPT IN CONNECTION WITH A BREACH BY EITHER PARTY OF ARTICLE 10, THE INDEMNIFICATION OBLIGATIONS OF PAPEREXCHANGE UNDER SECTIONS 12.4(c) [Indemnification by PaperExchange] AND THE INDEMNIFICATION OBLIGATIONS OF VERTICALNET UNDER SECTION 12.5(c) [Indemnification by VerticalNet], NEITHER PARTY WILL BE LIABLE FOR ANY SPECIAL, INDIRECT, CONSEQUENTIAL, EXEMPLARY OR INCIDENTAL DAMAGES ARISING OUT OF OR RELATED TO THIS AGREEMENT, HOWEVER CAUSED AND UNDER ANY THEORY OF LIABILITY (INCLUDING NEGLIGENCE), EVEN IF SUCH PARTY HAS BEEN ADVISED OF THE POSSIBILITY OF SUCH DAMAGES.",0,0,0,1,1,0
PaperexchangeComInc_20000322_S-1A_EX-10.4_5202103_EX-10.4_Co-Branding Agreement,"Except for claims under Sections 12.4 [Indemnification by PaperExchange] and 12.5 [Indemnification by VerticalNet] hereof, neither party may bring a claim or action regardless of form, arising out of or related to this Agreement, including any claim of fraud or misrepresentation, more than two years after the cause of action accrues or becomes known, whichever is later.",0,0,0,1,0,0
PaperexchangeComInc_20000322_S-1A_EX-10.4_5202103_EX-10.4_Co-Branding Agreement,"From time to time, PaperExchange shall provide to VerticalNet, at PaperExchange's sole cost and expense, relevant content provided to it by third parties consisting of (a) job listings for inclusion, at VerticalNet's reasonable business discretion and at VerticalNet's then current listing rate, in the Co-Branded Career Center or on any other VerticalNet Site except a Site co-branded with a PaperExchange Competitor (the ""PaperExchange Career Content"") and (b) equipment listings for inclusion, at VerticalNet's reasonable business discretion and at VerticalNet's then current listing rate, in the Co-Branded Equipment Listings or on any other VerticalNet Site except a Site co-branded with a PaperExchange Competitor (the ""PaperExchange Equipment Content"", and together with the PaperExchange Career Content, the ""PaperExchange Content"").",0,0,0,0,0,1
PaperexchangeComInc_20000322_S-1A_EX-10.4_5202103_EX-10.4_Co-Branding Agreement,"This Agreement will automatically renew at the end of the Initial Term or a subsequent renewal term on a year to year basis (each, a ""Renewal Term""), unless either party notifies the other at least 30 days prior to the end of the Initial Term or then current Renewal Term, as applicable, of its intention not to renew this Agreement.",0,1,1,0,0,0
PaperexchangeComInc_20000322_S-1A_EX-10.4_5202103_EX-10.4_Co-Branding Agreement,"VerticalNet and PaperExchange shall be responsible for the sale of all advertising on the Co-Branded Sites; provided, however, that neither party shall sell advertising on the Co-Branded Sites to a competitor (as defined in 1.16 and 1.25) and provided that each party shall submit any proposed advertising for the Co-Branded Sites to the other party for its prior written approval, such approval not to be unreasonably withheld, delayed or conditioned.",0,0,0,0,0,1
ParatekPharmaceuticalsInc_20170505_10-KA_EX-10.29_10323872_EX-10.29_Outsourcing Agreement,"Customer shall have the right to terminate any Scope of Work and corresponding Purchase Order for Services at any time on reasonable advance written notice to Supplier (without terminating this Agreement), in which case Customer shall be responsible for: [* * *]",1,0,0,0,0,0
ParatekPharmaceuticalsInc_20170505_10-KA_EX-10.29_10323872_EX-10.29_Outsourcing Agreement,"EXCEPT AS SET FORTH BELOW IN THIS SECTION 13.4(b), IN NO EVENT WILL SUPPLIER'S LIABILITY, [* * *], BE GREATER THAN, PER CLAIM OR SERIES OF CLAIMS ARISING FROM THE SAME CAUSE OF ACTION, [* * *].",0,0,0,1,1,0
ParatekPharmaceuticalsInc_20170505_10-KA_EX-10.29_10323872_EX-10.29_Outsourcing Agreement,"EXCEPT AS SET FORTH BELOW IN THIS SECTION 13.4(b), WITH RESPECT [* * *], IN NO EVENT SHALL A PARTY'S LIABILITY BE GREATER THAN, PER CLAIM OR SERIES OF CLAIMS ARISING FROM THE SAME CAUSE OF ACTION, [* * *].",0,0,0,1,1,0
ParatekPharmaceuticalsInc_20170505_10-KA_EX-10.29_10323872_EX-10.29_Outsourcing Agreement,"EXCEPT AS SET FORTH BELOW IN THIS SECTION 13.4(b), [* * *], AS APPLICABLE, IN NO EVENT SHALL A PARTY'S LIABILITY, HOWEVER CAUSED AND ON ANY THEORY OF LIABILITY, BE GREATER THAN, PER CLAIM OR SERIES OF CLAIMS ARISING FROM THE SAME CAUSE OF ACTION, [* * *].",0,0,0,1,1,0
ParatekPharmaceuticalsInc_20170505_10-KA_EX-10.29_10323872_EX-10.29_Outsourcing Agreement,"For clarity, nothing in this Section 3.1 limits Supplier's liability under this Agreement or under law, including liability for negligence, willful misconduct and failure to comply with Product Specifications; [* * *].",0,0,0,0,1,0
ParatekPharmaceuticalsInc_20170505_10-KA_EX-10.29_10323872_EX-10.29_Outsourcing Agreement,"NOTWITHSTANDING ANYTHING TO THE CONTRARY IN THIS SECTION 13.4(b), WITH RESPECT TO [* * *] IN NO EVENT SHALL SUPPLIER'S LIABILITY, HOWEVER CAUSED AND ON ANY THEORY OF LIABILITY, BE GREATER THAN, PER CLAIM OR SERIES OF CLAIMS ARISING FROM THE SAME CAUSE OF ACTION, [* * *].",0,0,0,1,0,0
ParatekPharmaceuticalsInc_20170505_10-KA_EX-10.29_10323872_EX-10.29_Outsourcing Agreement,"Should the Parties have not agreed to the following agreement by [* * *], this Agreement shall automatically stay in force for a maximum of [* * *] (unless otherwise mutually agreed by the Parties or as otherwise set forth in Section 18.1(a)) or until the Parties have signed the follow-on agreement (the ""Renewal Term"").",0,1,0,0,0,0
ParatekPharmaceuticalsInc_20170505_10-KA_EX-10.29_10323872_EX-10.29_Outsourcing Agreement,"This Agreement is effective as of the Effective Date and will expire in accordance with Section 2.1, unless, upon the occurrence of any of the following events, this Agreement is earlier terminated in accordance with this Section 18.1: a) Customer delivers written notice of termination to Supplier at least [* * *] prior to the expiration date of the Initial Term, which termination shall be effective as of the expiration date of the Initial Term; b) either Party delivers written notice of termination to the other Party at least [* * *] prior to the expiration date of the Renewal Term, which termination shall be effective as of the expiration date of the Renewal Term;",0,0,1,0,0,0
ParatekPharmaceuticalsInc_20170505_10-KA_EX-10.29_10323872_EX-10.29_Outsourcing Agreement,"[* * *], IN NO EVENT SHALL EITHER PARTY BE LIABLE FOR ANY SPECIAL, CONSEQUENTIAL, PUNITIVE, INCIDENTAL OR INDIRECT DAMAGES, OR LOST PROFITS, HOWEVER CAUSED, ON ANY THEORY OF LIABILITY. THIS LIMITATION WILL APPLY EVEN IF THE OTHER PARTY HAS BEEN ADVISED OF THE POSSIBILITY OF SUCH DAMAGE.",0,0,0,1,0,0
PareteumCorp_20081001_8-K_EX-99.1_2654808_EX-99.1_Hosting Agreement,"Any claim for damages must be notified to the other Party within six (6) months as from the date on which the damage was caused, failing which such claim is deemed to be waived.",0,0,0,1,0,0
PareteumCorp_20081001_8-K_EX-99.1_2654808_EX-99.1_Hosting Agreement,At the end of *** Parties will negotiate in good faith regarding a possible extension of the Initial Term.,0,1,0,0,0,0
PareteumCorp_20081001_8-K_EX-99.1_2654808_EX-99.1_Hosting Agreement,"If no termination notice is provided, the Agreement will be automatically extended for consecutive *** periods until such time as *** termination notice is provided.",0,1,0,0,0,0
PareteumCorp_20081001_8-K_EX-99.1_2654808_EX-99.1_Hosting Agreement,"In no event shall either Party be liable for indirect or consequential loss or damage, including but not limited to, loss of profit, loss of sales or turnover, loss of or damage to reputation, loss of contract, loss of business, loss of anticipated savings and interest, increased operation costs, increase maintenance costs even if such loss or damage was reasonably foreseeable or if a Party had been advised by the other Party of the possibility of incurring such loss or damage.",0,0,0,1,0,0
PareteumCorp_20081001_8-K_EX-99.1_2654808_EX-99.1_Hosting Agreement,"Limitation of liability as described in this article shall not apply: a) in case the damage or loss is caused by a Party's willful misconduct (including fraud) or gross negligence, or b) in case of a breach of a Parties obligation under article 11 (confidentiality) and article 15 (indemnification for breach of intellectual property rights).",0,0,0,0,1,0
PareteumCorp_20081001_8-K_EX-99.1_2654808_EX-99.1_Hosting Agreement,Parties can mutually agree in writing to deviate from an automatic extension of *** by extending this Agreement for a longer period than ***.,0,1,0,0,0,0
PareteumCorp_20081001_8-K_EX-99.1_2654808_EX-99.1_Hosting Agreement,The Agreement may be terminated by both Parties with a notification period of *** before the end of the Initial Term of the Agreement.,1,0,0,0,0,0
PareteumCorp_20081001_8-K_EX-99.1_2654808_EX-99.1_Hosting Agreement,"Without prejudice to the provisions expressly stated elsewhere in this Agreement, a Party's liability for damage suffered by the other Party, attributable to the first mentioned Party or a person for whom it is liable by law, shall be limited to the following events, and the following amounts: a) for direct damage to physical goods (property damage or ""zaakschade"") or directly resulting from death or personal injury: up to a maximum of *** per event or series of connected events and up to a further maximum of *** for all events (connected or not) in any period of 12 calendar months; b) for damage directly resulting from a material breach of this Agreement: up to a maximum *** or *** as set out in Appendix 2), whatever amount is the highest, in any period of 12 calendar months.",0,0,0,1,0,0
PcquoteComInc_19990721_S-1A_EX-10.11_6377149_EX-10.11_Co-Branding Agreement1,"IN NO EVENT WILL EITHER PARTY BE RESPONSIBLE FOR LOST PROFITS OR SPECIAL INDIRECT, INCIDENTAL OR CONSEQUENTIAL DAMAGES WHICH ABW OR PCQ INCUR OR EXPERIENCE ON ACCOUNT OF ENTERING INTO OR RELYING ON THIS AGREEMENT, EVEN IF PCQ OR ABW HAS BEEN ADVISED OF THE POSSIBILITY OF SUCH DAMAGES.",0,0,0,1,0,0
PcquoteComInc_19990721_S-1A_EX-10.11_6377149_EX-10.11_Co-Branding Agreement1,"LIABILITY UNDER THIS AGREEMENT FROM ANY AND ALL CAUSES, INCLUDING, BUT NOT LIMITED TO, PROGRAM MALFUNCTION OR OPERATIONAL NEGLIGENCE, SHALL BE LIMITED TO GENERAL MONEY DAMAGES IN AN AMOUNT NOT TO EXCEED THE TOTAL CHARGES PAID BY ABW FOR THE SERVICES DURING THE MOST RECENT TWELVE (12) MONTHS OF THE AGREEMENT.",0,0,0,1,0,0
PcquoteComInc_19990721_S-1A_EX-10.11_6377149_EX-10.11_Co-Branding Agreement1,"SUCH LIMITATION SHALL BE THE EXTENT OF PCQ OR ABW'S LIABILITY REGARDLESS OF THE FORM IN WHICH ANY LEGAL OR EQUITABLE ACTION MAY BE BROUGHT AGAINST PCQ OR ABW, AND THE FOREGOING SHALL CONSTITUTE PCQ'S OR ABW'S SOLE REMEDY.",0,0,0,1,0,0
PelicanDeliversInc_20200211_S-1_EX-10.3_11975895_EX-10.3_Development Agreement2,Either Party may terminate this Agreement at any time during the term of this Agreement for any reason upon two weeks written notice to the other Party.,1,0,0,0,0,0
PenntexMidstreamPartnersLp_20150416_S-1A_EX-10.4_9042833_EX-10.4_Transportation Agreement,"NO PARTY SHALL BE LIABLE FOR CONSEQUENTIAL, INCIDENTAL, PUNITIVE, EXEMPLARY OR INDIRECT DAMAGES, LOST PROFITS OR OTHER BUSINESS INTERRUPTION DAMAGES, BY STATUTE, IN TORT OR CONTRACT, OR OTHERWISE; PROVIDED, HOWEVER, THAT THIS LIMITATION SHALL NOT LIMIT A PARTY'S RIGHT TO RECOVERY HEREUNDER FOR ANY SUCH DAMAGES TO THE EXTENT SUCH PARTY IS REQUIRED TO PAY SUCH DAMAGES TO A THIRD PARTY IN CONNECTION WITH A MATTER FOR WHICH SUCH PARTY IS OTHERWISE ENTITLED TO INDEMNIFICATION HEREUNDER",0,0,0,0,1,0
PenntexMidstreamPartnersLp_20150416_S-1A_EX-10.4_9042833_EX-10.4_Transportation Agreement,"NO PARTY SHALL BE LIABLE FOR CONSEQUENTIAL, INCIDENTAL, PUNITIVE, EXEMPLARY OR INDIRECT DAMAGES, LOST PROFITS OR OTHER BUSINESS INTERRUPTION DAMAGES, BY STATUTE, IN TORT OR CONTRACT, OR OTHERWISE; PROVIDED, HOWEVER, THAT THIS LIMITATION SHALL NOT LIMIT A PARTY'S RIGHT TO RECOVERY HEREUNDER FOR ANY SUCH DAMAGES TO THE EXTENT SUCH PARTY IS REQUIRED TO PAY SUCH DAMAGES TO A THIRD PARTY IN CONNECTION WITH A MATTER FOR WHICH SUCH PARTY IS OTHERWISE ENTITLED TO INDEMNIFICATION HEREUNDER.",0,0,0,1,0,0
PenntexMidstreamPartnersLp_20150416_S-1A_EX-10.4_9042833_EX-10.4_Transportation Agreement,"This Agreement shall commence on the Effective Date and continue in full force and effect until the end of the fifteenth (15th) Contract Year, and shall continue in full force and effect thereafter until terminated by either Party by providing thirty (30) calendar days' prior written notice of termination to the other Party (such fifteen (15) Contract Year period, as may be further extended as provided herein is referred to as the ""Term"").",0,1,1,0,0,0
PfHospitalityGroupInc_20150923_10-12G_EX-10.1_9266710_EX-10.1_Franchise Agreement1,"17.1.1. Own, manage, engage in, be employed by, advise, make loans to, consult for, rent or lease to, or have any other interest in any business that (directly or indirectly) operates, or grants franchises or licenses to operate, a restaurant featuring pizza and related food specialties or that offers products or services substantially similar to those then offered by Restaurants (""Competitive Business""); 17.1.2. Divert or attempt to divert any business or customer, or potential business or customer, to any Competitive Business; or 17.1.3. Induce any person to leave his or her employment with us. 17.1.4. In any manner interfere with, disturb, disrupt, impair, diminish, or otherwise jeopardize our business or that of any of our franchisees.",0,0,0,0,0,1
PfHospitalityGroupInc_20150923_10-12G_EX-10.1_9266710_EX-10.1_Franchise Agreement1,"Any and all claims and actions arising out of or relating to this Agreement, the relationship between you and us, or your operation of the Restaurant, brought by any party hereto against the other, must be commenced within one (1) year from the occurrence of the facts giving rise to such claim or action, or, it is expressly acknowledged and agreed by all parties, such claim or action will be irrevocably barred.",0,0,0,1,0,0
PfHospitalityGroupInc_20150923_10-12G_EX-10.1_9266710_EX-10.1_Franchise Agreement1,"Each of us waives any right to or claim of punitive, exemplary, multiple, or consequential damages against the other in litigation and agrees to be limited to the recovery of actual damages sustained.",0,0,0,1,0,0
PfHospitalityGroupInc_20150923_10-12G_EX-10.1_9266710_EX-10.1_Franchise Agreement1,"For two (2) years after the expiration or termination of this Agreement or an approved Transfer to a new franchisee, you may not directly or indirectly own, manage, engage in, be employed by, advise, make loans to, consult for, or have any other interest in any Competitive Business that is, or intends to operate, within three (3) mile radius of the Premises of your Franchised Business or within a three (3) mile radius of any Restaurant then-operating or under construction to operate under the System, except as permitted by any Franchise Agreements that remain in effect between you and us. .",0,0,0,0,0,1
PfHospitalityGroupInc_20150923_10-12G_EX-10.1_9266710_EX-10.1_Franchise Agreement1,"If any of your advertising within the Delivery/Catering and Advertising Area is in media that will or may reach a significant number of persons outside of the Delivery/Catering and Advertising Area, you must notify us in advance and obtain our prior written consent (in addition to the requirements in Section 9.3 [Regional Fund] below).",0,0,0,0,0,1
PfHospitalityGroupInc_20150923_10-12G_EX-10.1_9266710_EX-10.1_Franchise Agreement1,"We may terminate your right to provide products and services to a Major Account customer at any time by giving you at least 30 days' prior written notice, and you may terminate your right to provide products and services to a Major Account at any time by giving us at least 30 days' prior written notice.",1,0,0,0,0,0
PfHospitalityGroupInc_20150923_10-12G_EX-10.1_9266710_EX-10.1_Franchise Agreement1,"When this Agreement expires, you will have the option to continue the franchise relationship with us for two (2) additional terms of ten (10) years each.",0,1,0,0,0,0
PfHospitalityGroupInc_20150923_10-12G_EX-10.1_9266710_EX-10.1_Franchise Agreement1,"Without our prior written approval, you may not engage in any other type of sale, including, but not limited to: selling, distributing, or otherwise providing, any services or products to third parties at wholesale, or for resale or distribution by any third party; and selling, distributing or otherwise providing any products and/or services through catalogs, mail order, toll free numbers for delivery, or electronic means (e.g., the Internet).",0,0,0,0,0,1
PfHospitalityGroupInc_20150923_10-12G_EX-10.1_9266710_EX-10.1_Franchise Agreement1,You agree not to engage in any of the sales activities that we have reserved to ourselves in Sections 1.3 [Our Limitations and Our Reserved Rights] above.,0,0,0,0,0,1
PfHospitalityGroupInc_20150923_10-12G_EX-10.1_9266710_EX-10.1_Franchise Agreement1,You agree not to: (a) advertise or market the services of your Franchised Business outside of the Delivery/Catering and Advertising Area; and/or (b) engage in direct solicitation of customers outside of the Delivery/Catering and Advertising Area.,0,0,0,0,0,1
PfHospitalityGroupInc_20150923_10-12G_EX-10.1_9266710_EX-10.1_Franchise Agreement1,"You agree that during the term of this Agreement, you will not, without our prior written consent, either directly or indirectly through any other person or entity:",0,0,0,0,0,1
PfHospitalityGroupInc_20150923_10-12G_EX-10.1_9266710_EX-10.1_Franchise Agreement3,"Member covenants and agrees that during the Post-Term Period (defined below), except as otherwise approved in writing by Franchisor, Member shall not, either directly or indirectly, own, manage, engage in, be employed by, advise, make loans to, consult for, or have any other interest in any Competitive Business that is, or intends to operate, within a three (3) mile radius of the premises of your Franchised Business or within a three (3) mile radius of any Franchised Business then-operating or under construction to operate under the System.",0,0,0,0,0,1
PfHospitalityGroupInc_20150923_10-12G_EX-10.1_9266710_EX-10.1_Franchise Agreement3,"Member covenants and agrees that during the term of the Franchise Agreement, except as otherwise approved in writing by Franchisor, Member shall not, either directly or indirectly, for itself, or through, on behalf of, or in conjunction with any person, persons, partnership, corporation, or entity: (i) Own, manage, engage in, be employed by, advise, make loans to, consult for, rent or lease to, or have any other interest in business that (directly or indirectly) operates, or grants franchises or licenses to operate, a restaurant featuring pizza and related food specialties or that offers products or services substantially similar to those then offered by Pizza Fusions Restaurants (""Competitive Business"");",0,0,0,0,0,1
PhasebioPharmaceuticalsInc_20200330_10-K_EX-10.21_12086810_EX-10.21_Development Agreement,"During the applicable Exclusive Period, SFJ shall not, and shall cause its Affiliates not to, either by itself or through a Third Party, conduct human clinical trials of, or sell, offer for sale or have sold: 3.19.1 any Competing Product (other than Product) alone or in combination (whether fixed dose or co-packaged) with one (1) or more other active ingredients; 3.19.2 any combination (whether fixed dose or co-packaged) with one (1) or more other active ingredients of the Product and a Competing Product; 3.19.3 any agent that is intended as an antidote to, or is intended to neutralize, abrogate or reverse the antiplatelet activity of, (i) any Brilinta Competing Product alone or in combination (whether fixed dose or co-packaged) with one (1) or more other active ingredients or (ii) both the Ticagrelor Compound and a Brilinta Competing Product; 3.19.4 without limitation to the foregoing, any agent with dual activity as (i) an antidote to, or for use as an agent to neutralize, abrogate or reverse the antiplatelet activity of, the Ticagrelor Compound and (ii) an antidote to, or for use as an agent to neutralize, abrogate or reverse the antiplatelet activity of, any Brilinta Competing Product; or 3.19.5 any Brilinta Competing Product.",0,0,0,0,0,1
PhasebioPharmaceuticalsInc_20200330_10-K_EX-10.21_12086810_EX-10.21_Development Agreement,"Each Party expressly waives and foregoes any right to consequential, punitive, special, exemplary or similar damages or lost profits.",0,0,0,1,0,0
PhasebioPharmaceuticalsInc_20200330_10-K_EX-10.21_12086810_EX-10.21_Development Agreement,"THE PARTIES AGREE THAT THE LIMITATIONS SPECIFIED IN THIS SECTION 15.11 WILL APPLY EVEN IF ANY LIMITED REMEDY SPECIFIED IN THIS AGREEMENT IS FOUND TO HAVE FAILED OF ITS ESSENTIAL PURPOSE. WITHOUT LIMITING THE GENERALITY OF THE FOREGOING, ""CONSEQUENTIAL DAMAGES"" WILL BE DEEMED TO INCLUDE, AND NEITHER PARTY WILL BE LIABLE TO THE OTHER PARTY OR ANY OF SUCH OTHER PARTY'S AFFILIATES, REPRESENTATIVES OR STOCKHOLDERS FOR ANY DAMAGES BASED ON OR MEASURED BY LOSS OF PROJECTED OR SPECULATIVE FUTURE SALES OF THE PRODUCT, ANY PAYMENT DUE UPON ANY UNACHIEVED EVENT UNDER ARTICLE 6, OR ANY OTHER UNEARNED, SPECULATIVE OR OTHERWISE CONTINGENT PAYMENTS PROVIDED FOR IN THIS AGREEMENT.",0,0,0,1,0,0
PhasebioPharmaceuticalsInc_20200330_10-K_EX-10.21_12086810_EX-10.21_Development Agreement,"TO THE MAXIMUM EXTENT PERMITTED BY LAW AND NOTWITHSTANDING ANY PROVISION IN THIS AGREEMENT TO THE CONTRARY, NEITHER PARTY WILL BE LIABLE TO THE OTHER PARTY FOR ANY INDIRECT, INCIDENTAL, CONSEQUENTIAL, SPECIAL, RELIANCE OR PUNITIVE DAMAGES OR LOST OR IMPUTED PROFITS OR ROYALTIES OR COST OF PROCUREMENT OF SUBSTITUTE GOODS OR SERVICES, WHETHER LIABILITY IS ASSERTED IN CONTRACT, TORT (INCLUDING NEGLIGENCE AND STRICT PRODUCTS LIABILITY), INDEMNITY OR CONTRIBUTION, AND IRRESPECTIVE OF WHETHER THAT PARTY OR ANY REPRESENTATIVE OF THAT PARTY HAS BEEN ADVISED OF, OR OTHERWISE MIGHT HAVE ANTICIPATED THE POSSIBILITY OF, ANY SUCH LOSS OR DAMAGE.",0,0,0,1,0,0
PhotronicsInc_20171219_10-QA_EX-10.28_10982650_EX-10.28_Outsourcing Agreement,"EXCEPT FOR LIABILITY ARISING FROM BREACHES OF A PARTY'S CONFIDENTIALITY OBLIGATIONS CONTAINED IN THE NON-DISCLOSURE CLAUSE IN SECTION 12.17 OF THE CHINA JV OPERATING AGREEMENT, BREACHES OF LICENSE GRANTS CONTAINED HEREIN, AND EXCEPT FOR AMOUNTS PAYABLE TO THIRD PARTIES TO FULFILL INDEMNITY OBLIGATIONS DESCRIBED IN ARTICLE 8, (A) IN NO EVENT SHALL ANY PARTY HAVE ANY LIABILITY TO THE OTHERS, OR TO ANY PARTY CLAIMING THROUGH OR UNDER THE OTHER, FOR ANY LOST PROFITS, ANY INDIRECT, INCIDENTAL, SPECIAL OR CONSEQUENTIAL DAMAGES OF ANY KIND IN ANY WAY ARISING OUT OF OR RELATED TO THIS AGREEMENT, HOWEVER CAUSED AND UNDER ANY THEORY OF LIABILITY, EVEN IF SUCH PARTY HAS BEEN ADVISED OF THE POSSIBILITY OF SUCH DAMAGES; AND (B) IN NO EVENT SHALL A PARTY'S CUMULATIVE LIABILITY ARISING OUT OF THIS AGREEMENT EXCEED THE AMOUNTS ACTUALLY PAID, PAYABLE, RECEIVED OR RECEIVABLE BY SUCH PARTY FOR THE PRODUCTS CONCERNED THEREWITH HEREUNDER PURSUANT TO THIS AGREEMENT DURING THE TWELVE (12) MONTHS PRIOR TO THE OCCURRENCE OF THE INITIAL EVENT FOR WHICH A PARTY RECOVERS DAMAGES HEREUNDER.",0,0,0,1,1,0
PhotronicsInc_20171219_10-QA_EX-10.28_10982650_EX-10.28_Outsourcing Agreement,THESE LIMITATIONS SHALL APPLY NOTWITHSTANDING ANY FAILURE OF ESSENTIAL PURPOSE OF ANY REMEDY.,0,0,0,1,0,0
PhotronicsInc_20171219_10-QA_EX-10.28_10982650_EX-10.28_Outsourcing Agreement,"Without limiting the remedies specified in Article 8 and Section 9.2, this Section 6.1 states the exclusive remedy of the Company for failure of a Product to conform to the warranty provisions set forth in this Section 6.1.",0,0,0,1,0,0
PlayboyEnterprisesInc_20090220_10-QA_EX-10.2_4091580_EX-10.2_Content License Agreement_ Marketing Agreement_ Sales-Purchase Agreement1,"EXCEPT IN THE EVENT OF A BREACH OF SECTION 8 (CONFIDENTIALITY) OR LIABILITY ARISING UNDER A PARTY'S INDEMNIFICATION OBLIGATIONS UNDER SECTION 12, IN NO EVENT SHALL EITHER PARTY BE LIABLE FOR ANY INDIRECT, SPECIAL, INCIDENTAL, PUNITIVE OR CONSEQUENTIAL DAMAGES ARISING OUT OF OR IN ANY WAY CONNECTED WITH THIS AGREEMENT OR ANY MATTER RELATED HERETO, INCLUDING WITHOUT LIMITATION, LOST BUSINESS OR LOST PROFITS, EVEN IF SUCH PARTY HAS BEEN ADVISED OF THE POSSIBILITY OF SUCH DAMAGES.",0,0,0,1,1,0
PlayboyEnterprisesInc_20090220_10-QA_EX-10.2_4091580_EX-10.2_Content License Agreement_ Marketing Agreement_ Sales-Purchase Agreement1,"This Agreement shall automatically renew for an additional period of three (3) years (such renewal and each subsequent renewal shall be defined as a ""Renewal Term"") provided that EFS achieves Net Merchandise Sales of at least ***** during the fourth year following launch of the first Website.",0,1,0,0,0,0
PlayboyEnterprisesInc_20090220_10-QA_EX-10.2_4091580_EX-10.2_Content License Agreement_ Marketing Agreement_ Sales-Purchase Agreement1,"Upon written request of Client, EFS shall discontinue or modify any Advertisement that in the reasonable opinion of Client is not appropriate for the Client brand or is competitive with Client business.",0,0,0,0,0,1
PlayboyEnterprisesInc_20090220_10-QA_EX-10.2_4091580_EX-10.2_Content License Agreement_ Marketing Agreement_ Sales-Purchase Agreement2,"Supplier further agrees that it will not produce, cause to be produced or assist in the production of more units than are specified by Purchaser nor will Supplier produce, cause to be produced or assist in the production of any product or item not specifically requested by Purchaser using any or all of the Playboy Properties or any trademark, copyright, designations, names, phrases, designs or symbols similar to any or all of the Playboy Properties during or at any time after the completion of merchandise requested by this Contract.",0,0,0,0,0,1
PrecheckHealthServicesInc_20200320_8-K_EX-99.2_12070169_EX-99.2_Distributor Agreement,"This Agreement shall be in effect until March 18. 2021, unless sooner terminated by either party upon (30) days written notice, without cause.",1,0,0,0,0,0
PrecheckHealthServicesInc_20200320_8-K_EX-99.2_12070169_EX-99.2_Distributor Agreement,"Unless accepted by the Principal, the Distributor agrees that during the term of this Agreement, the Distributor, either directly or indirectly, shall handle no products that are competitive with the Products within the Territory.",0,0,0,0,0,1
Principal Life Insurance Company - Broker Dealer Marketing and Servicing Agreement,Any Party hereto may terminate this Agreement at any time upon prior written notice.,1,0,0,0,0,0
PrudentialBancorpInc_20170606_8-K_EX-10.4_10474434_EX-10.4_Endorsement Agreement,"This Agreement may be terminated at any time while the Employee is living by written notice thereof by either the Employer or the Employee to the other; and, in any event, this Agreement will terminate upon termination of the Employee's employment.",1,0,0,0,0,0
QIWI_06_16_2017-EX-99.(D)(2)-COOPERATION AGREEMENT,"For two (2) years following the Effective Time, QIWI covenants that at least one half of the total transactions processed by the Contact money transfer system during such two-year period shall be settled through PJSC Khanty-Mansiysk Bank Otkritie, provided that QIWI may terminate its obligation under this Clause 4.1 at any time, in which case it shall pay to Otkritie a fee equal to the demonstrated costs incurred by Otkritie for such period starting from 1 September 2014, until the date of termination of QIWI's obligations under this Clause 4.1 in connection with (i) the transfer of settlement bank function to PJSC Khanty-Mansiysk Bank Otkritie ; and (ii) supporting the settlement bank functionality for the Contact money transfer system, provided further that such fee shall in no event exceed RUB 50 000 000 (fifty million roubles).",0,0,0,1,0,0
Quaker Chemical Corporation - NON COMPETITION AND NON SOLICITATION AGREEMENT,"Each Seller agrees that for a period commencing on the Effective Date and ending two years after the Closing Date (the ""Non- Compete Period""), it shall not, other than solely through its direct or indirect ownership of Buyer's capital stock or any other interests in Buyer, directly, or indirectly, including through or on behalf of a subsidiary, anywhere in the world, excluding India: (i) own, manage, operate or control any business which competes with any Combined Business or (ii) be or become a shareholder, partner, member or owner of any Person who is engaged in any Combined Business;",0,0,0,0,0,1
Quaker Chemical Corporation - NON COMPETITION AND NON SOLICITATION AGREEMENT,"Gulf Oil and Gulf India each agree during the Non-Compete Period not to acquire, directly or indirectly, control of any businesses involved in, or otherwise competing with, the business of the Combined Business from any entity on Schedule 1 hereto.",0,0,0,0,0,1
QuantumGroupIncFl_20090120_8-K_EX-99.2_3672910_EX-99.2_Hosting Agreement,Customer agrees that its sole remedy for IBM's failure to meet an SLA Target Percentage is the Availability Credit as provided in this Attachment.,0,0,0,1,0,0
QuantumGroupIncFl_20090120_8-K_EX-99.2_3672910_EX-99.2_Hosting Agreement,"Customer may terminate this Agreement, or any portion of Services specified herein, for convenience by: providing at least sixty (60) days prior written notice to IBM; and paying the applicable early termination charges specified in Attachment C.",1,0,0,0,0,0
QuantumGroupIncFl_20090120_8-K_EX-99.2_3672910_EX-99.2_Hosting Agreement,IBM will give Customer a credit equal to the amount Customer paid IBM for the applicable Materials or for use of the applicable Base Components up to a maximum of twelve (12) months of applicable charges.,0,0,0,1,0,0
QuantumGroupIncFl_20090120_8-K_EX-99.2_3672910_EX-99.2_Hosting Agreement,"If such modification has a material adverse effect on the Customer's use of the Services and provided such modification is not required by law, regulation, or similar governmental action, or a ruling by a court of competent jurisdiction, Customer's sole remedy is to terminate this Agreement without the payment of termination charges provided Customer gives IBM notice of its intent to terminate within ninety (90) days of the effective date of such modification.",0,0,0,1,0,0
QuantumGroupIncFl_20090120_8-K_EX-99.2_3672910_EX-99.2_Hosting Agreement,"In no event will either party be liable to the other for special, incidental, or indirect damages or for any consequential damages (including lost profits or savings), even if they are informed of the possibility; provided that this Section 10.0 does not apply to Customer's failure to pay any amounts owing to IBM under this Agreement (including amounts owing for Services that would have been rendered but for Customer's breach of this Agreement).",0,0,0,1,1,0
QuantumGroupIncFl_20090120_8-K_EX-99.2_3672910_EX-99.2_Hosting Agreement,It is the cumulative maximum for which IBM and its Affiliates and Subcontractors are collectively responsible.,0,0,0,1,0,0
QuantumGroupIncFl_20090120_8-K_EX-99.2_3672910_EX-99.2_Hosting Agreement,Neither party will bring a legal action related to this Agreement more than two years after the cause of action accrued.,0,0,0,1,0,0
QuantumGroupIncFl_20090120_8-K_EX-99.2_3672910_EX-99.2_Hosting Agreement,"Regardless of the basis on which Customer is entitled to claim damages from IBM (including fundamental breach, negligence, misrepresentation, or other contract or tort claim), IBM is liable for no more than: indemnification payments as provided in Section 8.1; damages for bodily injury (including death) and damage to real property and tangible personal property; and the amount of any other actual direct damages, up to the greater of $100,000 or the charges paid by Customer to IBM for the Services in the twelve (12) months immediately preceding the accrual of the first claim related to the Services.",0,0,0,1,0,0
QuantumGroupIncFl_20090120_8-K_EX-99.2_3672910_EX-99.2_Hosting Agreement,This is IBM's entire obligation to Customer with regard to any claim of infringement.,0,0,0,1,0,0
REGANHOLDINGCORP_03_31_2008-EX-10-LICENSE AND HOSTING AGREEMENT,LMG's indemnification obligations under this Section 5.2 will expire twelve (12) months after the Conversion Date.,0,0,0,1,0,0
REGANHOLDINGCORP_03_31_2008-EX-10-LICENSE AND HOSTING AGREEMENT,"Neither party shall be liable to the other pursuant to this Agreement for any amounts representing loss of profit, loss of business or indirect, consequential, exemplary, or punitive damages of the other party.",0,0,0,1,0,0
REGANHOLDINGCORP_03_31_2008-EX-10-LICENSE AND HOSTING AGREEMENT,"Neither party shall be liable to the other pursuant to this Agreement for any amounts representing loss of profit, loss of business or indirect, consequential, exemplary, or punitive damages of the other party. The foregoing shall not limit the indemnification, defense and hold harmless obligations set forth in this Agreement other than those set forth in Section 5.4 and shall not apply with respect to damages or losses arising from the wrongful termination of this Agreement by LMG, willful misconduct, gross negligence or breach of LMG's obligations under Section 3. 8.",0,0,0,0,1,0
REGANHOLDINGCORP_03_31_2008-EX-10-LICENSE AND HOSTING AGREEMENT,TAG's indemnification obligations under this Section 5.3 will expire twelve (12) months after the Conversion Date.,0,0,0,1,0,0
REWALKROBOTICSLTD_07_10_2014-EX-10.2-STRATEGIC ALLIANCE AGREEMENT,"Unless sooner terminated in accordance with the provisions hereof, the initial term of this Agreement (""Initial Term"") will be ten (10) years from the Effective Date, provided that at any time following the 7th anniversary of such date, either party may terminate such strategic alliance upon not less than 60 days' prior written notice to the other party.",1,0,0,0,0,0
REWALKROBOTICSLTD_07_10_2014-EX-10.2-STRATEGIC ALLIANCE AGREEMENT,"provided that at any time following the 7th anniversary of such date, either party may terminate such strategic alliance upon not less than 60 days' prior written notice to the other party.",1,0,0,0,0,0
RISEEDUCATIONCAYMANLTD_04_17_2020-EX-4.23-SERVICE AGREEMENT,"This Agreement shall be renewed automatically for another five (5) years upon the expiration unless the Parties confirm, in writing, the termination of this Agreement.",0,1,0,0,0,0
"ROCKYMOUNTAINCHOCOLATEFACTORY,INC_12_23_2019-EX-10.2-STRATEGIC ALLIANCE AGREEMENT","If the Farids Group determines for any reason not to proceed with any proposed registration requested pursuant to Section 6.1, the Farids Group shall promptly notify the Company in writing.",1,0,0,0,0,0
RUBIOSRESTAURANTSINC_03_31_2008-EX-10.75-SPONSORSHIP AGREEMENT,In no event shall the aggregate amount of remediation pursuant to subsections (b) through (e) of this Section for any calendar year exceed the Annual Payment made by Sponsor for such calendar year.,0,0,0,1,0,0
RUBIOSRESTAURANTSINC_03_31_2008-EX-10.75-SPONSORSHIP AGREEMENT,The provisions of subsections (b) through (f) of this Section 10 shall constitute the sole remedy for the inability of SDBF to provide Sponsorship Benefits for any reason other than intentional breach by SDBF.,0,0,0,1,0,0
RaeSystemsInc_20001114_10-Q_EX-10.57_2631790_EX-10.57_Co-Branding Agreement,"EXCEPT AS SET FORTH IN SECTION 6 AND 7.1, ------------------------ UNDER NO CIRCUMSTANCES WILL EITHER PARTY BE LIABLE TO THE OTHER UNDER ANY CONTRACT, STRICT LIABILITY, NEGLIGENCE OR OTHER LEGAL OR EQUITABLE THEORY, FOR ANY INCIDENTAL OR CONSEQUENTIAL DAMAGES OR LOST PROFITS IN CONNECTION WITH THE SUBJECT MATTER OF THIS AGREEMENT.",0,0,0,1,1,0
RaeSystemsInc_20001114_10-Q_EX-10.57_2631790_EX-10.57_Co-Branding Agreement,"Effective Date and shall remain in force for a period of one (1) year, and shall be automatically renewed for successive periods of one (1) year unless otherwise terminated as provided herein.",0,1,0,0,0,0
RaeSystemsInc_20001114_10-Q_EX-10.57_2631790_EX-10.57_Co-Branding Agreement,NETTAXI may terminate this Agreement at any time for,1,0,0,0,0,0
RaeSystemsInc_20001114_10-Q_EX-10.57_2631790_EX-10.57_Co-Branding Agreement,SpinRecords.com may terminate this Agreement for no reason or for any reason upon sixty (60) days prior written notice to NETTAXI.,1,0,0,0,0,0
RaeSystemsInc_20001114_10-Q_EX-10.57_2631790_EX-10.57_Co-Branding Agreement,The spinwares and spinstore will be modified to include licensed content purchased directly from Spinrecords.com and to eliminate products that will compete with the Nettaxi store.,0,0,0,0,0,1
RaeSystemsInc_20001114_10-Q_EX-10.57_2631790_EX-10.57_Co-Branding Agreement,This Agreement shall be effective upon the,0,1,0,0,0,0
RaeSystemsInc_20001114_10-Q_EX-10.57_2631790_EX-10.57_Co-Branding Agreement,"its convenience, for no reason or for any reason, upon sixty (60) days prior written notice to SpinRecords.com.",1,0,0,0,0,0
RandWorldwideInc_20010402_8-KA_EX-10.2_2102464_EX-10.2_Co-Branding Agreement,"EXCEPT FOR LIABILITY ARISING FROM SECTION 9.3 [Intellectual Property Infringement], IN NO EVENT SHALL EITHER PARTY BE LIABLE TO THE OTHER FOR ANY INDIRECT, SPECIAL, INCIDENTAL, PUNITIVE OR CONSEQUENTIAL DAMAGES, LOSSES, OR EXPENSES INCLUDING, BUT NOT LIMITED TO, LOSS OF USE, LOSS OF PROFITS, OR LOSS OF GOODWILL, EVEN IF THAT PARTY HAS BEEN ADVISED OF THE POSSIBILITY OF SUCH LOSS OR DAMAGE.",0,0,0,1,1,0
RandWorldwideInc_20010402_8-KA_EX-10.2_2102464_EX-10.2_Co-Branding Agreement,"EXCEPT FOR LIABILITY ARISING FROM SECTION 9.3 [Intellectual Property Infringement], IN NO EVENT SHALL EITHER PARTY BE LIABLE UNDER THIS AGREEMENT FOR AN AMOUNT GREATER THAN THE AMOUNT THAT SUCH PARTY HAS EARNED PURSUANT TO THE REVENUE SHARING PROVISIONS OF SECTION 5.4 [Share of Net Revenue] IN THE TWELVE MONTH PERIOD PRECEDING THE CLAIM.",0,0,0,1,1,0
RandWorldwideInc_20010402_8-KA_EX-10.2_2102464_EX-10.2_Co-Branding Agreement,"Except as contemplated under this Agreement, during the two year period following the Effective Date, Dassault Systemes shall not commercially offer any web service, which is (i) based upon the ACIS-based software transferred to Dassault Systemes in",0,0,0,0,0,1
RandWorldwideInc_20010402_8-KA_EX-10.2_2102464_EX-10.2_Co-Branding Agreement,The Agreement shall automatically renew for successive one year additional terms unless terminated by either party at least six months prior to the expiration of the then-current term.,0,1,1,0,0,0
RandWorldwideInc_20010402_8-KA_EX-10.2_2102464_EX-10.2_Co-Branding Agreement,connection with the Purchase Agreement and (ii) similar to the Co-Branded Service.,0,0,0,0,0,1
RangeResourcesLouisianaInc_20150417_8-K_EX-10.5_9045501_EX-10.5_Transportation Agreement,"NOTWITHSTANDING ANYTHING TO THE CONTRARY IN THIS AGREEMENT, IN NO EVENT SHALL EITHER PARTY BE LIABLE TO THE OTHER PARTY OR ITS AFFILIATES, ANY SUCCESSORS IN INTEREST OR ANY BENEFICIARY OR ASSIGNEE OF THIS AGREEMENT FOR ANY CONSEQUENTIAL, MULTIPLE, INCIDENTAL, INDIRECT, SPECIAL, EXEMPLARY OR PUNITIVE DAMAGES, OR LOSS OF PROFITS OR REVENUES ARISING OUT OF OR RELATING TO THIS AGREEMENT OR ANY BREACH HEREOF; PROVIDED, HOWEVER, THE FOREGOING SHALL NOT BE CONSTRUED AS LIMITING AN OBLIGATION OF A PARTY HEREUNDER TO INDEMNIFY, DEFEND AND HOLD HARMLESS THE OTHER PARTY AGAINST CLAIMS ASSERTED BY UNAFFILIATED THIRD PARTIES, INCLUDING, BUT NOT LIMITED TO, THIRD PARTY CLAIMS FOR SPECIAL, INDIRECT, CONSEQUENTIAL, PUNITIVE OR EXEMPLARY DAMAGES.",0,0,0,1,1,0
RangeResourcesLouisianaInc_20150417_8-K_EX-10.5_9045501_EX-10.5_Transportation Agreement,"This Agreement shall commence on the Effective Date and continue in full force and effect until the end of the fifteenth (15th) Contract Year, and shall continue in full force and effect thereafter until terminated by either Party by providing thirty (30) calendar days' prior written notice of termination to the other Party (such fifteen (15) Contract Year period, as may be further extended as provided herein is referred to as the ""Term"").",0,1,1,0,0,0
ReedsInc_20191113_10-Q_EX-10.4_11888303_EX-10.4_Development Agreement,"EXCEPT WITH RESPECT TO THE INDEMNIFICATION OBLIGATIONS SET FORTH IN SECTION 9 WITH REGARD TO CLAIMS BY THIRD PARTIES, IN NO EVENT SHALL EITHER PARTY BE LIABLE FOR CONSEQUENTIAL, INDIRECT, INCIDENTAL, SPECIAL, EXEMPLARY, PUNITIVE OR ENHANCED DAMAGES, LOST PROFITS OR REVENUES OR DIMINUTION IN VALUE ARISING OUT OF, RELATING TO, OR IN CONNECTION WITH ANY BREACH OF THIS AGREEMENT OR CLAIM HEREUNDER, REGARDLESS OF (A) WHETHER SUCH DAMAGES WERE FORESEEABLE, (B) WHETHER OR NOT IT WAS ADVISED OF THE POSSIBLITY OF SUCH DAMAGES, AND (C) THE LEGAL OR EQUITABLE THEORY (CONTRACT, TORT OR OTHERWISE) UPON WHICH THE CLAIM IS BASED.",0,0,0,1,1,0
"Reinsurance Group of America, Incorporated - A_R REMARKETING  AGREEMENT","Notwithstanding the provisions of this Section 7(d), the Remarketing Agent shall not be required to contribute any amount in excess of the total price at which Remarketing Securities distributed in the Remarketing exceed the amount of any damages which the Remarketing Agent has otherwise paid or become liable to pay by reason of any untrue or alleged untrue statement or omission or alleged omission.",0,0,0,1,0,0
RemarkHoldingsInc_20081114_10-Q_EX-10.24_2895649_EX-10.24_Content License Agreement,"At the end of such [*] ([*]) year period, HSWI shall have the right to renew the Agreement under materially the same terms or shall have an option to purchase the Translated Content outright to the extent rights permit and to the extent the parties mutually agree to terms for such sale.",0,1,0,0,0,0
RemarkHoldingsInc_20081114_10-Q_EX-10.24_2895649_EX-10.24_Content License Agreement,"EXCEPT FOR EITHER PARTY'S VIOLATION OF THE CONFIDENTIALITY OBLIGATIONS AND FOR EITHER PARTY'S INDEMNIFICATION OBLIGATIONS, IN NO EVENT WILL EITHER PARTY BE LIABLE FOR SPECIAL, INCIDENTAL, CONSEQUENTIAL, INDIRECT OR PUNITIVE DAMAGES, OR LOST PROFITS, REGARDLESS OF WHETHER SUCH LIABILITY IS BASED ON BREACH OF CONTRACT, TORT, STRICT LIABILITY, BREACH OF WARRANTIES, FAILURE OF ESSENTIAL PURPOSE OR OTHERWISE AND EVEN IF ADVISED OF THE POSSIBILITY OF SUCH DAMAGES.",0,0,0,1,1,0
RemarkHoldingsInc_20081114_10-Q_EX-10.24_2895649_EX-10.24_Content License Agreement,"EXCEPT FOR EITHER PARTY'S VIOLATION OF THE CONFIDENTIALITY OBLIGATIONS AND FOR EITHER PARTY'S INDEMNIFICATION OBLIGATIONS, NEITHER PARTY SHALL BE LIABLE UNDER ANY CONTRACT, NEGLIGENCE, STRICT LIABILITY, OR OTHER LEGAL OR EQUITABLE THEORY FOR ANY AMOUNTS IN EXCESS IN THE AGGREGATE OF THE AMOUNT OF THE FEES PAID OR PAYABLE UNDER THIS AGREEMENT.",0,0,0,1,1,0
RemarkHoldingsInc_20081114_10-Q_EX-10.24_2895649_EX-10.24_Content License Agreement,"HSWI may not sublicense the Content, Images or Affinities to any paid-subscription website which is an aggregator of third-party content (for the avoidance of doubt, such shall not include the",0,0,0,0,0,1
RemarkHoldingsInc_20081114_10-Q_EX-10.24_2895649_EX-10.24_Content License Agreement,"Notwithstanding anything to the contrary herein, attached as Attachment B is a list of companies (the ""Competitors II"") which are competitors with World Book and to whom sublicense may be made only with prior written consent of World Book, which World Book may withhold at its sole discretion.",0,0,0,0,0,1
RevolutionMedicinesInc_20200117_S-1_EX-10.1_11948417_EX-10.1_Development Agreement,"Except pursuant to or as expressly permitted by this Agreement, RevMed shall not, shall cause its Affiliates not to, conduct or agree to conduct, outside of the Collaboration, on its own or together with one or more Third Parties, the Research, Development or Commercialization of any product that contains a SHP2 Inhibitor, including any SHP1-SHP2 Dual Inhibitor that [***]. For purposes of this Section, [***].",0,0,0,0,0,1
RevolutionMedicinesInc_20200117_S-1_EX-10.1_11948417_EX-10.1_Development Agreement,"If after [***]: (i) Sanofi or its Affiliates, alone or with or through a Third Party, develop, manufacture or commercialize a Competing Product and (ii) Sanofi or its Affiliates have not commenced a Registrational Clinical Trial for a Product prior to commencing the activities in Section 12.2(d)(i), RevMed may terminate this Agreement effective [***] after it delivers written notice to Sanofi that it is exercising its rights under this Section 12.2(d) unless Sanofi elects in writing within such [***] period to [***].",0,0,0,0,0,1
RevolutionMedicinesInc_20200117_S-1_EX-10.1_11948417_EX-10.1_Development Agreement,"NEITHER PARTY SHALL BE LIABLE TO THE OTHER FOR ANY SPECIAL, CONSEQUENTIAL, INCIDENTAL, PUNITIVE, OR INDIRECT DAMAGES OR LOST PROFITS ARISING FROM OR RELATING TO ANY BREACH OF THIS AGREEMENT, REGARDLESS OF ANY NOTICE OF THE POSSIBILITY OF SUCH DAMAGES.",0,0,0,1,0,0
RevolutionMedicinesInc_20200117_S-1_EX-10.1_11948417_EX-10.1_Development Agreement,"NOTHING IN THIS SECTION 14.5 IS INTENDED TO OR SHALL LIMIT OR RESTRICT THE INDEMNIFICATION RIGHTS OR OBLIGATIONS OF ANY PARTY UNDER SECTION 14.1 OR SECTION 14.2, OR DAMAGES AVAILABLE FOR A PARTY'S BREACH OF ITS OBLIGATIONS RELATING TO CONFIDENTIALITY UNDER ARTICLE XI OR INTELLECTUAL PROPERTY UNDER ARTICLE X.",0,0,0,0,1,0
RevolutionMedicinesInc_20200117_S-1_EX-10.1_11948417_EX-10.1_Development Agreement,"Sanofi may terminate this Agreement (A) in its entirety by providing [***] written notice of termination to RevMed or (B) on a country-by-country or Product-by-Product basis by providing [***] written notice of termination to RevMed; provided that if Sanofi desires to terminate this Agreement under this Section 12.2(a)(i)B only with respect to the U.S. (for all Products or one or more Products), Sanofi shall provide [***] written notice of termination to RevMed.",1,0,0,0,0,0
ReynoldsConsumerProductsInc_20191115_S-1_EX-10.18_11896469_EX-10.18_Supply Agreement,A Party that breaches this Agreement will only be liable to the other Party for direct damages arising from the breach.,0,0,0,1,0,0
ReynoldsConsumerProductsInc_20191115_S-1_EX-10.18_11896469_EX-10.18_Supply Agreement,"Each Party waives any right to recover consequential, incidental, indirect, exemplary, punitive or any other types of indirect damages from the other Party for a breach of this Agreement.",0,0,0,1,0,0
ReynoldsConsumerProductsInc_20191115_S-1_EX-10.18_11896469_EX-10.18_Supply Agreement,"If a Buyer receives a product that fails to conform to these representations and warranties, the sole remedies of Buyer for the breach of warranty will be to: (1) reject and return the non-conforming product to Seller for a refund or credit, or a replacement conforming product, in the manner and time period provided in the SOP; (2) obtain reimbursement from Seller for actual, reasonable, substantiated out-of-pocket expenses incurred by Buyer in the recovery, return or disposal of a non-conforming product that is the subject of a mandatory product recall required under Applicable Laws or a voluntary withdrawal declared by Seller or approved by Seller (such approval not to be unreasonably withheld, conditioned or delayed); and (3) obtain indemnification from Seller for any Indemnified Claim arising from or related to the non-conforming product as provided in Section 7.",0,0,0,1,0,0
ReynoldsConsumerProductsInc_20191115_S-1_EX-10.18_11896469_EX-10.18_Supply Agreement,"Notwithstanding the preceding sentences, this Subsection will not limit the liability of a Party for any amount or type of damages for: (1) the defense and indemnification of an Indemnified Claim on which the Party is the Indemnifying Party; (2) infringement by the Party on the intellectual property of the other Party; (3) the unauthorized disclosure or use by the Party of the Confidential Information of the other Party; (4) payment or reimbursement of any amount expressly required to be paid or reimbursed by the Party under a provision of this Agreement; or (5) the intentional misconduct of the Party in violation of Applicable Laws.",0,0,0,0,1,0
ReynoldsConsumerProductsInc_20200121_S-1A_EX-10.22_11948918_EX-10.22_Service Agreement,"EXCEPT WITH RESPECT TO A MATERIAL BREACH CONSTITUTING WILLFUL MISCONDUCT BY A PROVIDER, REPEAT PERFORMANCE OF A SERVICE BY THE PROVIDER OR REFUND OF THE FEES PAID FOR A SERVICE SHALL BE THE SOLE AND EXCLUSIVE REMEDY FOR BREACH OF THE SERVICES STANDARD FOR SUCH SERVICE.",0,0,0,1,0,0
ReynoldsConsumerProductsInc_20200121_S-1A_EX-10.22_11948918_EX-10.22_Service Agreement,"Except as agreed by the Parties in writing or as otherwise stated in the Exhibits, Company may terminate for convenience any Transition Service, and RGHI may terminate for convenience any Reverse Transition Service, upon 30 days' prior written notice of such termination; provided, (a) that, with respect to the Services described in Section G1 of Exhibit A, unless otherwise indicated therein, those Services may not be terminated independently except in accordance with an agreed Migration Plan and, (b) any unamortized costs associated with Provider's purchase of any license or other costs incurred specifically for the purpose of providing the Services hereunder will be passed through to the Terminating Party.",1,0,0,0,0,0
ReynoldsConsumerProductsInc_20200121_S-1A_EX-10.22_11948918_EX-10.22_Service Agreement,IN NO EVENT SHALL A PARTY'S LIABILITY IN RELATION TO SERVICES PROVIDED UNDER THIS AGREEMENT EXCEED THE FEES PAID TO IT UNDER THIS AGREEMENT FOR THE SPECIFIC SERVICE THAT RESULTED IN THE LOSS.,0,0,0,1,0,0
ReynoldsConsumerProductsInc_20200121_S-1A_EX-10.22_11948918_EX-10.22_Service Agreement,"IN NO EVENT SHALL ANY PARTY BE LIABLE TO THE OTHER PARTY FOR ANY INDIRECT, SPECIAL, EXEMPLARY, PUNITIVE OR CONSEQUENTIAL DAMAGES, OR LOST PROFITS OR LOST REVENUES THAT THE OTHER PARTY MAY INCUR BY REASON OF ITS HAVING ENTERED INTO OR RELIED UPON THIS AGREEMENT, OR IN CONNECTION WITH ANY OF THE SERVICES PROVIDED HEREUNDER OR THE FAILURE THEREOF, REGARDLESS OF THE FORM OF ACTION IN WHICH SUCH DAMAGES ARE ASSERTED, WHETHER IN CONTRACT OR TORT (INCLUDING NEGLIGENCE) OR OTHERWISE, EVEN IF ADVISED OF THE POSSIBILITY OF THE SAME OTHER THAN TO THE EXTENT AWARDED IN A THIRD PARTY CLAIM.",0,0,0,1,0,0
RitterPharmaceuticalsInc_20200313_S-4A_EX-10.54_12055220_EX-10.54_Development Agreement,Sekisui may terminate this Agreement upon prior written notice,1,0,0,0,0,0
RitterPharmaceuticalsInc_20200313_S-4A_EX-10.54_12055220_EX-10.54_Development Agreement,The initial term of this Agreement and any renewal term thereof shall be automatically extended at the end of the initial term and any renewal term thereof for an additional one (1) year period unless either Party notifies the other Party not less than six (6) months before the end of the then in effect term of its intent to terminate this Agreement,0,0,1,0,0,0
RitterPharmaceuticalsInc_20200313_S-4A_EX-10.54_12055220_EX-10.54_Development Agreement,The initial term of this Agreement and any renewal term thereof shall be automatically extended at the end of the initial term and any renewal term thereof for an additional one (1) year period unless either Party notifies the other Party not less than six (6) months before the end of the then in effect term of its intent to terminate this Agreement.,0,1,0,0,0,0
RitterPharmaceuticalsInc_20200313_S-4A_EX-10.54_12055220_EX-10.54_Development Agreement,at any other time upon ninety (90) days' prior written notice of impending termination.,1,0,0,0,0,0
SANDRIDGEENERGYINC_08_06_2009-EX-10.6-OPERATIONS AND MAINTENANCE AGREEMENT,"IN FURTHERANCE OF THE FOREGOING, EACH PARTY RELEASES THE OTHER PARTY AND WAIVES ANY RIGHT OF RECOVERY FOR SPECIAL, INDIRECT, CONSEQUENTIAL, PUNITIVE, OR EXEMPLARY DAMAGES SUFFERED BY SUCH PARTY REGARDLESS OF WHETHER ANY SUCH DAMAGES ARE CAUSED BY THE OTHER PARTY'S NEGLIGENCE (AND REGARDLESS OF WHETHER SUCH NEGLIGENCE IS SOLE, JOINT, CONCURRENT, ACTIVE, PASSIVE, OR GROSS NEGLIGENCE), FAULT, OR LIABILITY WITHOUT FAULT.",0,0,0,1,0,0
SANDRIDGEENERGYINC_08_06_2009-EX-10.6-OPERATIONS AND MAINTENANCE AGREEMENT,"NOTWITHSTANDING ANYTHING IN THIS AGREEMENT TO THE CONTRARY, NEITHER PARTY SHALL BE LIABLE TO THE OTHER PARTY FOR SPECIAL, INDIRECT, CONSEQUENTIAL, PUNITIVE, OR EXEMPLARY DAMAGES SUFFERED BY SUCH PARTY RESULTING FROM OR ARISING OUT OF THIS AGREEMENT OR THE BREACH THEREOF OR UNDER ANY OTHER THEORY OF LIABILITY, WHETHER TORT, NEGLIGENCE, STRICT LIABILITY, BREACH OF CONTRACT, WARRANTY, INDEMNITY, OR OTHERWISE, INCLUDING, WITHOUT LIMITATION, LOSS OF USE, INCREASED COST OF OPERATIONS, LOSS OF PROFIT OR REVENUE, OR BUSINESS INTERRUPTIONS.",0,0,0,1,0,0
SANDRIDGEENERGYINC_08_06_2009-EX-10.6-OPERATIONS AND MAINTENANCE AGREEMENT,"This Agreement shall commence on the Effective Date and, unless terminated earlier pursuant to Section 3.2 or 3.3 of this Agreement, shall continue until the twentieth (20th) anniversary of the Effective Date; provided, however, (i) Operator shall have the right to terminate this Agreement at any time upon no less than 120 days prior written notice to Owner, if Operator provides a substitute operator acceptable to Owner, as determined in its reasonable discretion, who (A) has experience operating similar assets, (B) has the ability to provide at least the same quality of service as Operator, (C) has the financial ability to perform the obligations hereunder, and (D) is ready, willing and able to execute an operation and maintenance agreement substantially similar to this Agreement and acceptable to Owner, as determined in its reasonable discretion, and (ii) Owner shall have the right to terminate this Agreement at any time upon no less than 120 days prior written notice to Operator.",1,0,0,0,0,0
SCOUTCAMINC_05_12_2020-EX-10.22-SERVICES AGREEMENT,"During the term of this Agreement and for a period of two (2) years after expiration or termination for any reason of this Agreement, Maimon agrees not to: (a) compete with the business of the Company, whether individually or through any entity, or to use (or permit the use of) any Confidential Information, directly or indirectly, for the purpose of competing with the business of the Company;",0,0,0,0,0,1
SCOUTCAMINC_05_12_2020-EX-10.22-SERVICES AGREEMENT,Maimon agrees during the term of this Agreement not to accept work or enter into a contract or accept an obligation inconsistent or incompatible with Maimon's obligations under this Agreement or with the scope of services to be rendered for the Company,0,0,0,0,0,1
SCOUTCAMINC_05_12_2020-EX-10.22-SERVICES AGREEMENT,The Company may in its discretion and at its option terminate this Agreement at any time after the Minimum Period upon five days prior written notice to Maimon.,1,0,0,0,0,0
SEASPINEHOLDINGSCORP_10_10_2018-EX-10.1-SUPPLY AGREEMENT,Integra may offset all costs and expenses covered under (i) above against the Fees as provided in Section 2.2 (c) as its sole and exclusive remedy for the recovery of such costs and expenses.,0,0,0,1,0,0
SEASPINEHOLDINGSCORP_10_10_2018-EX-10.1-SUPPLY AGREEMENT,"NEITHER PARTY SHALL BE LIABLE TO THE OTHER FOR ANY SPECIAL, CONSEQUENTIAL, INCIDENTAL, OR INDIRECT DAMAGES ARISING FROM OR RELATING TO ANY BREACH OF THIS AGREEMENT, REGARDLESS OF ANY NOTICE OF THE POSSIBILITY OF SUCH DAMAGES.",0,0,0,1,0,0
SEASPINEHOLDINGSCORP_10_10_2018-EX-10.1-SUPPLY AGREEMENT,"NOTWITHSTANDING THE FOREGOING, NOTHING IN THIS SECTION IS INTENDED TO LIMIT OR RESTRICT THE DAMAGES AVAILABLE FOR BREACHES OF SECTION 3.1 (GRANT OF RIGHTS), SECTION 5 (CONFIDENTIALITY PROVISIONS), OR SECTIONS 8.1 AND 8.2 (OWNERSHIP AND LICENSE).",0,0,0,0,1,0
SEASPINEHOLDINGSCORP_10_10_2018-EX-10.1-SUPPLY AGREEMENT,PcoMed's conversion right is PcoMed's sole and exclusive remedy for Integra's failure to satisfy the Minimum Payment for any Minimum Payment Period,0,0,0,1,0,0
SECURIANFUNDSTRUST_05_01_2012-EX-99.28.H.9-NET INVESTMENT INCOME MAINTENANCE AGREEMENT,"This Agreement shall continue in effect for a period of one year from the date of its execution and from year to year thereafter provided such continuance is specifically approved by a majority of the trustees of the Trust who (i) are not ""interested persons"" of the Trust or any other party to this Agreement, as defined in the 1940 Act, and (ii) have no direct or indirect financial interest in the operation of this Agreement (""Non- Interested Trustees"")",0,1,0,0,0,0
SENMIAOTECHNOLOGYLTD_02_19_2019-EX-10.5-Collaboration Agreement,"10.4.11 In consideration of the fact that Party B may have access to the relevant trade secrets of Didi during the cooperation, Party B or Party B's any affiliate cooperates with any entity competitive with Didi (including but not limited to Meituan, CAR, Yongche, izu, Caocao, Dida) in any form without prior written notice to and confirmation by Didi; 10.4.12 Party B introduces the entities competitive with Didi (including but not limited to Meituan, CAR, Yongche, izu, Caocao, Dida) to Driver Users, and induces Driver Users to conduct activities directly competing or conflicting with Didi;",0,0,0,0,0,1
SENMIAOTECHNOLOGYLTD_02_19_2019-EX-10.5-Collaboration Agreement,"In the case of a written notice 15 days in advance from either party to the other Party And a payment of the liquidated damages of RMB10,000 (RMB TEN THOUSAND), this Agreement shall terminate as of the date of termination stated in the notice of termination.",1,0,0,0,0,0
SENMIAOTECHNOLOGYLTD_02_19_2019-EX-10.5-Collaboration Agreement,Party A is entitled to unilaterally terminate this Agreement within three natural months from the signing date of this Agreement.,1,0,0,0,0,0
SENMIAOTECHNOLOGYLTD_02_19_2019-EX-10.5-Collaboration Agreement,"Party B has fully understood the functions and characteristics of services of the Platform prior to the use of the Platform and agrees that Party A shall not be liable to Party B for any defect in software, insufficiency of function or any necessary improvement.",0,0,0,1,0,0
SENMIAOTECHNOLOGYLTD_02_19_2019-EX-10.5-Collaboration Agreement,Party B's use of the Platform and the acquisition of any information by using the Platform are solely at Party B's independent judgment and is at Party B's own risk (including but not limited to the losses caused by damage to Party B's computer system or mobile phone system or loss of data.),0,0,0,1,0,0
SENMIAOTECHNOLOGYLTD_02_19_2019-EX-10.5-Collaboration Agreement,The following acts constitute Class D breaches.,0,0,0,0,0,1
SENMIAOTECHNOLOGYLTD_02_19_2019-EX-10.5-Collaboration Agreement,"Unless any party is in violation of the confidentiality clause, in any case, neither party shall be liable for any indirect, punitive claims, or claims for losses of commercial profits, or damages for business losses of the company or any third Party Arising from this Agreement, or for any loss or inaccuracy of data of any form, whether based on Agreement, tort or any other legal principle, even though the party has been informed of the possibility of such damage.",0,0,0,1,0,0
SEPARATEACCOUNTIIOFAGL_05_02_2011-EX-99.(J)(4)-UNCONDITIONAL CAPITAL MAINTENANCE AGREEMENT,"AIG shall have the absolute right to terminate this Agreement upon thirty (30) days' prior written notice to the Company, which notice shall state the effective date of termination (the ""Termination Date""); PROVIDED, HOWEVER, that AIG agrees not to terminate this Agreement unless (a) AIG significantly modifies the corporate structure or ownership of the Company, or (b) AIG sells the Company to an acquirer (i) having a rating from at least one of S&P, Moody's, A.M. Best or a substitute agency, which is a nationally recognized statistical rating organization, that is at least equal to the lower of (x) AIG's then-current rating from such agency or (y) the Company's then-current rating as supported by this Agreement from such agency; or (ii) such that, immediately on the effective date of the sale by AIG of the Company, the Company's capitalization is consistent with the minimum capital adequacy standards and criteria of at least one of S&P, Moody's, A.M. Best or a substitute agency, which is a nationally recognized statistical rating organization, for a rating that is equal to or better than the Company's then-current rating on the date immediately preceding such sale.",1,0,0,0,0,0
SEPARATEACCOUNTIIOFAGL_05_02_2011-EX-99.(J)(4)-UNCONDITIONAL CAPITAL MAINTENANCE AGREEMENT,"This Agreement does not provide, and is not intended to be construed or deemed to provide, any policyholder of the Company with recourse to or against any of the assets of AIG.",0,0,0,1,0,0
SEPARATEACCOUNTIIOFAGL_05_02_2011-EX-99.(J)(4)-UNCONDITIONAL CAPITAL MAINTENANCE AGREEMENT,"This Agreement is not, and nothing herein contained and nothing done pursuant hereto by AIG shall constitute or be construed or deemed to constitute, an evidence of indebtedness or an obligation or liability of AIG as guarantor, endorser, surety or otherwise in respect of any obligation, indebtedness or liability, of any kind whatsoever, of the Company.",0,0,0,1,0,0
SFGFINANCIALCORP_05_12_2009-EX-10.1-SOFTWARE LICENSE AND MAINTENANCE AGREEMENT,"IN NO EVENT SHALL LICENSOR BE LIABLE TO LICENSEE OR TO ANY THIRD PARTY FOR ANY SPECIAL, INDIRECT, INCIDENTAL OR CONSEQUENTIAL DAMAGES (INCLUDING WITHOUT LIMITATION LOSS OF USE, DATA, BUSINESS OR PROFITS) ARISING OUT OF OR IN CONNECTION WITH THIS AGREEMENT OR THE USE, OPERATION OR PERFORMANCE OF ANY OF THE LICENSED TECHNOLOGY, WHETHER SUCH LIABILITY ARISES FROM ANY CLAIM BASED UPON CONTRACT, WARRANTY, TORT (INCLUDING NEGLIGENCE), PRODUCT LIABILITY BREACH OR FAILURE OF EXPRESS OR IMPLIED WARRANTY OR CONDITION, MISREPRESENTATION OR OTHERWISE, AND WHETHER OR NOT LICENSORHAS BEEN ADVISED OF THE POSSIBILITY OF SUCH LOSS OR DAMAGE (INCLUDING, BUT NOT LIMITED TO, CLAIMS FOR LOSS OF DATA, GOODWILL, USE OF MONEY OR USE OF THE LICENSED TECHNOLOGY, INTERRUPTION IN USE OR AVAILABILITY OF DATA, STOPPAGE OF OTHER WORK OR IMPAIRMENT OR OTHER ASSETS), ARISING OUT OF BREACH OR FAILURE OF EXPRESS OR IMPLIED WARRANTY OR CONDITION, BREACH OF CONTRACT, MISREPRESENTATION, NEGLIGENCE, STRICT LIABILITY IN TORT, OR OTHERWISE",0,0,0,1,0,0
SFGFINANCIALCORP_05_12_2009-EX-10.1-SOFTWARE LICENSE AND MAINTENANCE AGREEMENT,IN NO EVENT SHALL LICENSOR'S AGGREGATE CUMULATIVE TOTAL LIABILITY UNDER THIS AGREEMENT EXCEED ONE HALF OF THE AMOUNT PAID BY THE LICENSEE TO Licensor HEREUNDER.,0,0,0,1,0,0
SFGFINANCIALCORP_05_12_2009-EX-10.1-SOFTWARE LICENSE AND MAINTENANCE AGREEMENT,"Licensor shall assume no liability, both contingent and otherwise, which may arise out of or be in any way related to the following; (a) furnishing, performance, maintenance, use of, or inability to use all or any part of the system, (b) any fault in the delivery or operation of the system, (c) suspension or termination of the Licensee's ability to use all or part of the system, or any inaccuracies or omissions in any information or documentation provided, (d) any failure or delay suffered or allegedly suffered by Licensee in initiating and terminating trades, (e) the termination of all or part of this Licensee Agreement by the Licensor, (f) the termination or modification of any and all parts of the License.",0,0,0,1,0,0
SFGFINANCIALCORP_05_12_2009-EX-10.1-SOFTWARE LICENSE AND MAINTENANCE AGREEMENT,"NEITHER PARTY WILL BE LIABLE TO THE OTHER FOR DAMAGES OF ANY KIND, INCLUDING WITHOUT LIMITATION INCIDENTAL OR CONSEQUENTIAL DAMAGES, DAMAGES FOR THE LOSS OF GOODWILL, PROSPECTIVE PROFITS OR ANTICIPATED INCOME, OR DAMAGES RESULTING FROM ANY EXPENDITURES, INVESTMENTS, LEASES OR COMMITMENTS MADE BY EITHER PARTY ON ACCOUNT OF THE TERMINATION OR EXPIRATION OF THIS AGREEMENT IN ACCORDANCE WITH ITS TERMS.",0,0,0,1,0,0
SFGFINANCIALCORP_05_12_2009-EX-10.1-SOFTWARE LICENSE AND MAINTENANCE AGREEMENT,The Agreement may be renewed for an additional period of seven (7) years at the option of the Licensor.,0,1,0,0,0,0
SFGFINANCIALCORP_05_12_2009-EX-10.1-SOFTWARE LICENSE AND MAINTENANCE AGREEMENT,"The Licensee agrees that neither the Licensor, nor any of its respective affiliates, employees, officers, or agents, shall be liable for any loss, damage, cost or expense, (direct or indirect) except for direct damages arising from the gross negligence of willful misconduct of the Licensor.",0,0,0,1,0,0
"SIBANNAC,INC_12_04_2017-EX-2.1-Strategic Alliance Agreement","The term of this Agreement is twelve (12) months from the date hereof, and will be automatically renewed for one (1) additional twelve month period unless either party shall notify the other in writing of its intention not to renew.",0,1,0,0,0,0
"SIBANNAC,INC_12_04_2017-EX-2.1-Strategic Alliance Agreement","The term of this Agreement is twelve (12) months from the date hereof, and will be automatically renewed for one (1) additional twelve month period unless either party shall notify the other in writing of its intention not to renew. Such notice must be given ninety (90) days prior to expiration of the original term.",0,0,1,0,0,0
"SIBANNAC,INC_12_04_2017-EX-2.1-Strategic Alliance Agreement",This Agreement may also be terminated by either party upon ninety (90) days written notice.,1,0,0,0,0,0
SLINGERBAGINC_05_27_2020-EX-10.7-CONSULTING AGREEMENT,The Company may terminate Consultant's engagement at any time by giving Consultant 60 days prior written Notice of the termination.,1,0,0,0,0,0
SLINGERBAGINC_05_27_2020-EX-10.7-CONSULTING AGREEMENT,The Consultant may voluntarily terminate the Consultant's engagement with the Company at any time by giving the Company 120 days prior written Notice of the termination.,1,0,0,0,0,0
SLOVAKWIRELESSFINANCECOBV_03_28_2001-EX-4.(B)(II).3-Maintenance and support contract for SICAP(R) modules,"After the initial period of two years, the maintenance and support contract shall be automatically renewed for a period of one year on each renewal date, unless one of the parties terminates the maintenance and support contract through written notification to the other party in the form of a registered letter with proof of receipt, at least six (6) weeks prior to the renewal date.",0,1,1,0,0,0
SLOVAKWIRELESSFINANCECOBV_03_28_2001-EX-4.(B)(II).3-Maintenance and support contract for SICAP(R) modules,"Sicap Ltd's liability for indirect loss, including consequential loss, loss of profit, lost savings and loss caused by interruption of operations is excluded.",0,0,0,1,0,0
SMITHELECTRICVEHICLESCORP_04_04_2012-EX-10.26-FLEET MAINTENANCE AGREEMENT,"11.5.2 the employment or termination of employment by SEV of any of the Employees (whether or not terminated by notice and, if so terminated, whenever that notice expires); and 11.5.3 any act, omission or default of SEV in respect of the employment by SEV of the Employees.",0,0,0,1,0,0
SMITHELECTRICVEHICLESCORP_04_04_2012-EX-10.26-FLEET MAINTENANCE AGREEMENT,"DCL shall not be liable to SEV under the provisions of this clause 11 for indirect loss, consequential loss or loss of profits.",0,0,0,1,0,0
SMITHELECTRICVEHICLESCORP_04_04_2012-EX-10.26-FLEET MAINTENANCE AGREEMENT,"DCL will indemnify and will keep SEV indemnified in full against all Liabilities arising directly or indirectly in connection with. 11.4.1 the employment or termination of employment by DCL of any of the Transferring Employees (whether or not terminated by notice and, if so terminated, whenever that notice expires) up to and including the Commencement Date; 11.4.2 any act, omission or default of DCL up to and including the Commencement Date in respect of the employment by DCL of the Transferring Employees; 11.4.3 DCL's failure to inform or consult as required under Regulation 10 and 10A of the Regulations except to the extent that any such action or claim (or any part of such action or claim) arises from any failure by SEV to give DCL the information required from SEV to enable DCL to comply with its obligations under Regulation 10(3) of the Regulations; 11.4.4 any claim by a Transferring Employee that such person is entitled for any reason to take benefits not relating to old age, invalidity or survivors pursuant to the terms of any pension scheme in which SEV is not then participating, or pursuant to the Transferring Employee's terms and conditions of employment prior to the Commencement Date; 11.4.5 any claim by any trade union, staff association or staff body recognised by DCL in respect of all or any of the Transferring Employees arising out of DCL's failure to comply with its legal obligations to such trade unions or staff associations or bodies; and 11.4.6 any claim by any former, existing or future employee of DCL (other than the Transferring Employees) against SEV concerning or relating to any matter whatever.",0,0,0,1,0,0
SMITHELECTRICVEHICLESCORP_04_04_2012-EX-10.26-FLEET MAINTENANCE AGREEMENT,"DCL will reimburse Redundancy Costs to SEV in accordance with Clause 11.6 up to a maximum total sum as set out in Schedule Two (""the Redundancy Cap"").",0,0,0,1,0,0
SMITHELECTRICVEHICLESCORP_04_04_2012-EX-10.26-FLEET MAINTENANCE AGREEMENT,"Following expiry of the initial period described in Clause 15 above, DCL or SEV giving not less than six months notice in writing may terminate this Agreement.",1,0,0,0,0,0
SMITHELECTRICVEHICLESCORP_04_04_2012-EX-10.26-FLEET MAINTENANCE AGREEMENT,"SEV shall be liable for any damage caused to the Premises by its employees, agents, sub-contractors and invitees.",0,0,0,1,0,0
SMITHELECTRICVEHICLESCORP_04_04_2012-EX-10.26-FLEET MAINTENANCE AGREEMENT,SEV shall not be liable for the failure to provide Maintenance Services due to being unable to gain access to Vehicles through DCL exercising their rights under this Clause 10.,0,0,0,1,0,0
SMITHELECTRICVEHICLESCORP_04_04_2012-EX-10.26-FLEET MAINTENANCE AGREEMENT,"SEV's entire liability in respect of the sums payable pursuant to the indemnities contained in Clauses 13.4 and 13.5 shall be limited to the annualised value of the Maintenance Charges calculated on the Commencement Date or the last anniversary thereof, unless SEV is insured in respect of such liability, in which case SEV's liability under Clauses 13.4 and 13.5 shall be limited to the extent of such cover.",0,0,0,1,0,0
SMITHELECTRICVEHICLESCORP_04_04_2012-EX-10.26-FLEET MAINTENANCE AGREEMENT,Subject to Clause 11.6. SEV will indemnify and keep DCL indemnified in full against all Liabilities arising directly or indirectly in connection with: 11.5.1 any Employment Costs arising in relation to the Contracted Period in relation to the Employees;,0,0,0,1,0,0
SPARKLINGSPRINGWATERHOLDINGSLTD_07_03_2002-EX-10.13-SOFTWARE LICENSE AND MAINTENANCE AGREEMENT,"For a renewable one-year term commencing upon the Maintenance Commencement Date, subject to payment of maintenance fees in accordance with the Fee Schedule but without additional fees or charges, Garman shall provide the following Maintenance Services:",0,1,0,0,0,0
SPARKLINGSPRINGWATERHOLDINGSLTD_07_03_2002-EX-10.13-SOFTWARE LICENSE AND MAINTENANCE AGREEMENT,"In no event shall either party be liable to the other for the recovery of any special, indirect or consequential damages even if the defendant party had been advised of the possibility of such damages including but not limited to lost profits, lost revenues, failure to realize expected savings, loss of data and loss of use.",0,0,0,1,0,0
SPARKLINGSPRINGWATERHOLDINGSLTD_07_03_2002-EX-10.13-SOFTWARE LICENSE AND MAINTENANCE AGREEMENT,Sparkling may terminate this Agreement at any time upon ninety (90) calendar days written notice to Garman.,1,0,0,0,0,0
SPARKLINGSPRINGWATERHOLDINGSLTD_07_03_2002-EX-10.13-SOFTWARE LICENSE AND MAINTENANCE AGREEMENT,The exclusive remedy of either party in a claim against the other under this Agreement shall be the recovery of its direct damages.,0,0,0,1,0,0
SPHERE3DCORP_06_24_2020-EX-10.12-CONSULTING AGREEMENT,In the case that the company would not like to extend the terms of agreement for an additional month. The company must notify the consultant within 5 days of the conclusion of the 12 month term.,0,0,1,0,0,0
SPHERE3DCORP_06_24_2020-EX-10.12-CONSULTING AGREEMENT,Without notification the contract will automatically extend for an additional month of service.,0,1,0,0,0,0
"SPIENERGYCO,LTD_03_09_2011-EX-99.5-OPERATIONS AND MAINTENANCE AGREEMENT","This Agreement shall be subject to an automatic extension for consecutive one (1) year periods thereafter (each, an ""Extension Term"" and together with the Initial Term, the ""Term""), unless terminated (i) in accordance with its terms or (ii) upon thirty (30) days' written notice by either Party to the other Party.",0,1,1,0,0,0
STAMPSCOMINC_06_24_1999-EX-10.18-SPONSORSHIP AGREEMENT,"BASED ON BREACH OF CONTRACT, TORT (INCLUDING NEGLIGENCE) OR OTHERWISE, WHETHER OR NOT THAT PARTY HAS BEEN ADVISED OF THE POSSIBILITY OF SUCH DAMAGE.",0,0,0,1,1,0
STAMPSCOMINC_06_24_1999-EX-10.18-SPONSORSHIP AGREEMENT,"EXCEPT UNDER SECTIONS 15 AND 16, IN NO EVENT WILL EITHER PARTY BE LIABLE TO THE OTHER FOR ANY SPECIAL, INCIDENTAL OR CONSEQUENTIAL DAMAGES, WHETHER",0,0,0,1,1,0
STAMPSCOMINC_06_24_1999-EX-10.18-SPONSORSHIP AGREEMENT,"If Intuit elects to provide advertising, sponsorship or other ------- promotional space on all or any portion of the Intuit Sites for a Client Competitor, Intuit agrees to negotiate with Client in good faith regarding such promotional opportunity.",0,0,0,0,0,1
STAMPSCOMINC_06_24_1999-EX-10.18-SPONSORSHIP AGREEMENT,"THE LIABILITY OF EITHER PARTY FOR DAMAGES OR ALLEGED DAMAGES HEREUNDER (EXCEPT UNDER SECTIONS 15 AND 16), WHETHER IN CONTRACT, TORT OR ANY OTHER LEGAL THEORY, IS LIMITED TO, AND WILL NOT EXCEED, THE AMOUNTS TO BE PAID BY CLIENT TO INTUIT HEREUNDER.",0,0,0,1,1,0
STAMPSCOMINC_06_24_1999-EX-10.18-SPONSORSHIP AGREEMENT,"Throughout the Term Intuit will not place, and will not allow any party acting on its behalf to place, any graphic, link or other form of advertising or media on any page of the Quicken.com Site and/or on any page on the AOL.com Personal Finance Site (other than the Channel Home Page), which markets or promotes any electronic postage product, postage meter and/or service (""Postage Products"") offered by a Client Competitor.",0,0,0,0,0,1
STARTECGLOBALCOMMUNICATIONSCORP_11_16_1998-EX-10.30-CONSTRUCTION AND MAINTENANCE AGREEMENT,"However, any Party may terminate its participation in this Agreement at the end of the Initial Period or at any time thereafter by giving at least one year's prior notice, in writing, to the other remaining Parties.",1,0,0,0,0,0
STARTECGLOBALCOMMUNICATIONSCORP_11_16_1998-EX-10.30-CONSTRUCTION AND MAINTENANCE AGREEMENT,"In the case where a claim is brought against one of the Terminal Parties, in its capacity as a Maintenance Authority for TAT-14 in respect of a sacrificed anchor and/or loss of, or damage to fishing gear, then such Terminal Party may settle such a claim for an amount not greater than $ 25,000 on each occasion or such an amount as agreed by the Managing Group from time to time, and obtain reimbursement under Subparagraph 24.2.",0,0,0,1,0,0
STARTECGLOBALCOMMUNICATIONSCORP_11_16_1998-EX-10.30-CONSTRUCTION AND MAINTENANCE AGREEMENT,"Subject to the preceding sentence, no Party shall be liable to any other Party in contract, tort or otherwise including any liability for negligence for any indirect or consequential loss or damage including, without limitation, corruption or loss of data, loss of profit, loss of anticipated savings all in connection with this Agreement, caused by its own acts or those of any of its auxiliaries, such as employees, servants or agents.",0,0,0,1,0,0
STWRESOURCESHOLDINGCORP_08_06_2014-EX-10.1-COOPERATION AGREEMENT,"Subject to the other provisions contained herein, this AGREEMENT shall be for a term of thirty (30) years from the Effective Date, which shall automatically renew from year-to-year thereafter unless terminated by a Party upon sixty (60) days' written notice after the end of the term.",0,1,1,0,0,0
"SUCAMPOPHARMACEUTICALS,INC_11_04_2015-EX-10.2-STRATEGIC ALLIANCE AGREEMENT","The Indemnifying Party's liability for all claims made under this Agreement shall be subject to the following limitations: (i) the Indemnifying Party shall […***…] for such claims until the […***…] of the […***…] shall […***…] of the […***…] by the […***…] of all of the […***…] and […***…] of […***…], in which case the Indemnifying Party shall be liable only for the […***…] of the [… ***…] of the […***…] by the […***…] of all of the […***…] and […***…] of […***…], and (ii) the Indemnifying Party's […***…] for [… ***…] shall not […***…] of the […***…] by the […***…] of all of the […***…] and […***…] of […***…].",0,0,0,1,0,0
SUMMAFOURINC_06_19_1998-EX-10.3-SOFTWARE LICENSE AND MAINTENANCE AGREEMENT,"IN NO EVENT SHALL EITHER PARTY BE LIABLE TO THE OTHER PARTY FOR LOST PROFITS OR ANY CONSEQUENTIAL, SPECIAL, INCIDENTAL, OR INDIRECT DAMAGES OR SUCH OTHER PARTY, HOWEVER CAUSED AND ON ANY THEORY OF LIABILITY, ARISING OUT OF THIS AGREEMENT. THESE LIMITATIONS SHALL APPLY NOTWITHSTANDING ANY FAILURE OF ESSENTIAL PURPOSE OF ANY LIMITED REMEDY. IN NO EVENT SHALL D2'S LIABILITY HEREUNDER EXCEED THE TOTAL AMOUNT PAID OR OWED BY LICENSEE TO D2 UNDER THIS AGREEMENT.",0,0,0,1,0,0
SUMMAFOURINC_06_19_1998-EX-10.3-SOFTWARE LICENSE AND MAINTENANCE AGREEMENT,LICENSEE may terminate this Agreement upon ninety (90) days written notice.,1,0,0,0,0,0
SUNTRONCORP_05_17_2006-EX-10.22-MAINTENANCE AGREEMENT,"The Investor acknowledges and agrees that if a Maintenance Event of Default (as defined in Section 10 below) has occurred and is continuing hereunder, the Agent, for itself and on behalf of the Lenders, shall have the non-exclusive right to obtain specific performance of the obligation of the Investor to make the Required Capital Contributions.",0,0,0,1,0,0
SYKESHEALTHPLANSERVICESINC_04_24_1998-EX-10.14-OUTSOURCING AGREEMENT,"Thereafter this Agreement will automatically be renewed for successive additional periods of one year, unless either party gives notice of cancellation on or before October 1 of any such year.",0,1,1,0,0,0
SYKESHEALTHPLANSERVICESINC_04_24_1998-EX-10.14-OUTSOURCING AGREEMENT,"Unless either party gives the other at least ninety days' prior written notice that it has elected not to extend the term of this Agreement beyond December 31, 1998, the term of this Agreement will be automatically extended until December 31, 1999.",0,1,1,0,0,0
ScansourceInc_20190822_10-K_EX-10.38_11793958_EX-10.38_Distributor Agreement1,"DISTRIBUTOR AGREES THAT, IN THE EVENT OF ANY TERMINATION OF THIS AGREEMENT, IT SHALL HAVE NO RIGHTS TO DAMAGES OR INDEMNIFICATION OF ANY NATURE, SPECIFICALLY INCLUDING COMMERCIAL SEVERANCE PAY, WHETHER BY WAY OF LOSS OF FUTURE PROFITS, EXPENDITURES FOR PROMOTION OF ANY PRODUCT, OR OTHER COMMITMENTS IN CONNECTION WITH THE BUSINESS AND GOOD WILL OF DISTRIBUTOR.",0,0,0,1,0,0
ScansourceInc_20190822_10-K_EX-10.38_11793958_EX-10.38_Distributor Agreement1,"DISTRIBUTOR'S SOLE AND EXCLUSIVE REMEDIES IN THE EVENT OF ANY SUCH INFRINGEMENT, MISAPPROPRIATION OR ANY CLAIM THEREOF SHALL BE AS SET FORTH IN SECTION 15 OF THIS AGREEMENT (""PATENT AND COPYRIGHT INFRINGEMENT"").",0,0,0,1,0,0
ScansourceInc_20190822_10-K_EX-10.38_11793958_EX-10.38_Distributor Agreement1,"EXCEPT FOR LIABILITY ARISING OUT OF OR IN CONNECTION WITH DISTRIBUTOR'S BREACH OF SECTION 9 (PROPRIETARY RIGHTS AND SOFTWARE LICENSING) OR EXHIBIT C (SOFTWARE LICENSE AGREEMENT), IN NO EVENT SHALL EITHER PARTY, ITS RESPECTIVE AFFILIATES, OFFICERS, DIRECTORS, EMPLOYEES, AGENTS OR SUPPLIERS BE LIABLE FOR ANY SPECIAL, INCIDENTAL,",0,0,0,1,1,0
ScansourceInc_20190822_10-K_EX-10.38_11793958_EX-10.38_Distributor Agreement1,"Either party may terminate this Agreement, without cause, by giving the other party [*****] days prior written notice.",1,0,0,0,0,0
ScansourceInc_20190822_10-K_EX-10.38_11793958_EX-10.38_Distributor Agreement1,"INDIRECT OR CONSEQUENTIAL DAMAGES, OR LOST REVENUE, LOST PROFITS, OR LOST OR DAMAGED DATA, WHETHER ARISING IN CONTRACT, TORT (INCLUDING NEGLIGENCE), OR OTHERWISE, EVEN IF SUCH PARTY HAS BEEN INFORMED OF THE POSSIBILITY THEREOF.",0,0,0,1,1,0
ScansourceInc_20190822_10-K_EX-10.38_11793958_EX-10.38_Distributor Agreement1,"NOTWITHSTANDING ANYTHING ELSE IN THIS AGREEMENT TO THE CONTRARY, AND EXCEPT FOR LIABILITY ARISING OUT OF DISTRIBUTOR'S BREACH OF SECTION 9 (PROPRIETARY RIGHTS AND SOFTWARE LICENSING) OR EXHIBIT C (SOFTWARE LICENSE AGREEMENT), OR AMOUNTS DUE FOR PRODUCTS AND SERVICES PURCHASED WITH RESPECT TO THE PAYMENT OF WHICH NO BONA FIDE DISPUTE EXISTS, ALL LIABILITY OF EACH PARTY, INCLUDING EACH PARTY'S AFFILIATES, OFFICERS, DIRECTORS, EMPLOYEES, AGENTS AND SUPPLIERS COLLECTIVELY, FOR CLAIMS ARISING UNDER THIS AGREEMENT OR OTHERWISE HOWSOEVER ARISING SHALL BE LIMITED SEPARATELY FOR PRODUCTS AND SERVICES PURCHASES TO THE GREATER OF I) [*****] OR (ll)THE MONEY PAID TO CISCO FOR PRODUCTS OR FOR SERVICES, SEPARATELY AND AS APPLICABLE, UNDER THIS AGREEMENT DURING THE [*****] PERIOD PRECEDING THE EVENT OR CIRCUMSTANCES FIRST GIVING RISE TO SUCH LIABILITY.",0,0,0,1,1,0
ScansourceInc_20190822_10-K_EX-10.38_11793958_EX-10.38_Distributor Agreement1,"Notwithstanding any other provision hereof, Cisco's sole and exclusive warranty and obligation with respect to the Products sold hereunder are set forth in Cisco's Limited Warranty Statement delivered with the Product.",0,0,0,1,0,0
ScansourceInc_20190822_10-K_EX-10.38_11793958_EX-10.38_Distributor Agreement1,"This Section states the entire obligation of Cisco and its suppliers, and the exclusive remedy of Distributor, in respect of any infringement or alleged infringement of any intellectual property rights or proprietary rights.",0,0,0,1,0,0
ScansourceInc_20190822_10-K_EX-10.38_11793958_EX-10.38_Distributor Agreement1,"Without prejudice to either party's right to terminate this Agreement as set forth in sub​ sections 18.2 to 18.5 below, Cisco may, by written notice to Distributor, given at least thirty (30) days prior to the end of the then-current term of the Agreement, extend the term of the Agreement for the period set forth in such notice, up to a maximum of one (1) year beyond the then- current expiration date.",0,1,0,0,0,0
ScansourceInc_20190822_10-K_EX-10.38_11793958_EX-10.38_Distributor Agreement2,Customer may terminate this Agreement and the license at any time by destroying all copies of Software including any Documentation.,1,0,0,0,0,0
ScansourceInc_20190822_10-K_EX-10.38_11793958_EX-10.38_Distributor Agreement2,"Customer's sole and exclusive remedy and the entire liability of Cisco and its suppliers and licensors under this limited warranty will be, at Cisco's option, repair, replacement,",0,0,0,1,0,0
ScansourceInc_20190822_10-K_EX-10.38_11793958_EX-10.38_Distributor Agreement2,"IN NO EVENT WILL CISCO OR ITS SUPPLIERS BE LIABLE FOR ANY LOST REVENUE, PROFIT, OR LOST OR DAMAGED DATA, OR FOR SPECIAL, INDIRECT, CONSEQUENTIAL, INCIDENTAL, OR PUNITIVE DAMAGES HOWEVER CAUSED AND REGARDLESS OF THE THEORY OF LIABILITY OR WHETHER ARISING OUT OF THE USE OF OR INABILITY TO USE SOFTWARE OR OTHERWISE AND EVEN IF CISCO OR ITS SUPPLIERS OR LICENSORS HAVE BEEN ADVISED OF THE POSSIBILITY OF SUCH DAMAGES.",0,0,0,1,0,0
ScansourceInc_20190822_10-K_EX-10.38_11793958_EX-10.38_Distributor Agreement2,"In no event shall Cisco's or its suppliers' or licensors' liability to Customer, whether in contract, tort (including negligence), or otherwise, exceed the price paid by Customer for the Software that gave rise to the claim or if the Software is part of another Product, the price paid for such other Product.",0,0,0,1,0,0
ScansourceInc_20190822_10-K_EX-10.38_11793958_EX-10.38_Distributor Agreement2,"or refund of the Software if reported (or, upon request, returned) to Cisco or the party supplying the Software to Customer, if different than Cisco.",0,0,0,1,0,0
SigaTechnologiesInc_20190603_8-K_EX-10.1_11695818_EX-10.1_Promotion Agreement,"During the Term, MMT shall not Commercialize in any manner any Competing Product in the Field in any country in the Territory; provided, however, the Parties hereby acknowledge that the restrictions set forth in this Section 2.3 shall not apply to any Affiliates of MMT (including Pfizer).",0,0,0,0,0,1
SigaTechnologiesInc_20190603_8-K_EX-10.1_11695818_EX-10.1_Promotion Agreement,"EXCEPT (I) IN THE EVENT OF THE FRAUD OF A PARTY OR OF A PARTY'S BREACH OF ITS OBLIGATIONS UNDER ARTICLE 7 (INTELLECTUAL PROPERTY) OR ARTICLE 10 (CONFIDENTIALITY), OR (II) TO THE EXTENT ANY SUCH DAMAGES ARE REQUIRED TO BE PAID TO A THIRD PARTY AS PART OF A CLAIM FOR WHICH A PARTY PROVIDES INDEMNIFICATION UNDER THIS ARTICLE 9, NEITHER PARTY NOR ANY OF ITS AFFILIATES OR SUBLICENSEES SHALL BE LIABLE TO THE OTHER IN CONTRACT, TORT, NEGLIGENCE, BREACH OF STATUTORY DUTY OR OTHERWISE FOR ANY INDIRECT, INCIDENTAL, CONSEQUENTIAL, SPECIAL, PUNITIVE, REMOTE, EXEMPLARY OR SPECULATIVE DAMAGES OR OTHER DAMAGES THAT ARE NOT PROBABLE AND REASONABLY FORESEEABLE AND IRRESPECTIVE OF WHETHER THAT PARTY OR ANY REPRESENTATIVE OF THAT PARTY HAS BEEN ADVISED OF, OR OTHERWISE MIGHT HAVE ANTICIPATED THE POSSIBILITY OF, ANY SUCH LOSS OR DAMAGE; PROVIDED, FOR CLARITY, [***].",0,0,0,1,1,0
SigaTechnologiesInc_20190603_8-K_EX-10.1_11695818_EX-10.1_Promotion Agreement,"Notwithstanding any other provision of this Agreement, MMT may at any time terminate this Agreement on country-by-country basis, or in its entirety, upon [***] months' prior written notice to SIGA.",1,0,0,0,0,0
SigaTechnologiesInc_20190603_8-K_EX-10.1_11695818_EX-10.1_Promotion Agreement,"This Agreement shall be automatically renewed for successive three (3) year terms thereafter (each a ""Renewal Term"" and together with the Initial Term, the ""Term"") until and unless (i) either Party provides the other Party written notice of non-renewal no later than ninety (90) days prior the end of the Initial Term or any Renewal Term or (ii) earlier terminated as provided in this ARTICLE 11.",0,1,1,0,0,0
"SightLife Surgical, Inc. - STRATEGIC SALES _ MARKETING AGREEMENT","During the Term of this Agreement, Surgical will not to enter into any other agreement or arrangement that will directly or indirectly compete with the Services to be rendered hereunder, as such agreement shall be considered a breach of this Agreement.",0,0,0,0,0,1
"SightLife Surgical, Inc. - STRATEGIC SALES _ MARKETING AGREEMENT",Either party shall have the right to terminate this Agreement at any time for any reason.,1,0,0,0,0,0
"SightLife Surgical, Inc. - STRATEGIC SALES _ MARKETING AGREEMENT","Surgical shall not promote, market or sell any products for any third party during the Term, which directly or indirectly compete with the Product.",0,0,0,0,0,1
SmartRxSystemsInc_20180914_1-A_EX1A-6 MAT CTRCT_11351705_EX1A-6 MAT CTRCT_Distributor Agreement,"This contract shall remain in effect initially for the five (5) year term (""Initial Term"") from the date signed and shall be automatically extended for one (1) year periods after the Initial Term (""Renewal Term"") unless (i) either party provides written notice of its intention not to renew the Agreement within 180 days prior to any Renewal Term; or (ii) this Agreement is otherwise terminated pursuant to the terms of this Section 12.",0,1,1,0,0,0
"Sonos, Inc. - Manufacturing Agreement ","EXCEPT IN THE EVENT OF A VIOLATION OF SECTION 3 (OWNERSHIP; GRANT OF RIGHTS: TRADEMARKS USAGE), OR FOR EACH PARTY'S OBLIGATIONS UNDER SECTION 11 (INDEMNITY), OR BREACH OF SECTION 12 (CONFIDENTIALITY), IN NO EVENT SHALL EITHER PARTY'S TOTAL LIABILITY ARISING OUT OF OR RELATED TO THIS AGREEMENT EXCEED THE AMOUNTS PAID BY SONOS FOR THE PRODUCTS IN THE [*] PERIOD IMMEDIATELY PRECEDING THE EVENT GIVING RISE TO THE LIABILITY. THIS SECTION DOES NOT LIMIT EITHER PARTY'S LIABILITY FOR PERSONAL INJURY, DEATH, OR DAMAGE TO TANGIBLE PROPERTY.",0,0,0,1,1,0
"Sonos, Inc. - Manufacturing Agreement ","EXCEPT IN THE EVENT OF A VIOLATION OF SECTION 3 (OWNERSHIP; GRANT OF RIGHTS: TRADEMARKS USAGE), OR FOR EACH PARTY'S OBLIGATIONS UNDER SECTION 11 (INDEMNITY), OR BREACH OF SECTION 12 (CONFIDENTIALITY), UNDER NO CIRCUMSTANCES WILL EITHER PARTY BE LIABLE TO THE OTHER UNDER ANY CONTRACT, STRICT LIABILITY, NEGLIGENCE OR OTHER LEGAL OR EQUITABLE THEORY, FOR ANY INCIDENTAL OR CONSEQUENTIAL DAMAGES OR LOST PROFITS IN CONNECTION WITH THE SUBJECT MATTER OF THIS AGREEMENT.",0,0,0,1,1,0
"Sonos, Inc. - Manufacturing Agreement ",Either Party may terminate this Agreement hereunder for any reason at its convenience upon one hundred eighty (180) days prior written notice.,1,0,0,0,0,0
"Sonos, Inc. - Manufacturing Agreement ","In any event, the maximum Sonos liability for such cancellation or reduction will be limited to [*], provided that [*].",0,0,0,1,0,0
"Sonos, Inc. - Manufacturing Agreement ","In such case, Sonos' sole liability shall be limited to payment of the amount due under this Agreement, all the Component(s) procured by IAC, and any finished and work-in-process Products provided such Components and Products liabilities were incurred in compliance with this Agreement.",0,0,0,1,0,0
"Sonos, Inc. - Manufacturing Agreement ","This Agreement shall be automatically renewed for additional successive one (1) year periods, unless written notice of non-renewal is received no later than six (6) months prior to the expiration of the then current term.",0,1,1,0,0,0
SoupmanInc_20150814_8-K_EX-10.1_9230148_EX-10.1_Franchise Agreement1,"7.1.3 Own, maintain, operate, engage in, or have any interest in any business which is the same as or similar to the Franchised Business, or any other business which performs any type of child tutoring services, anywhere.",0,0,0,0,0,1
SoupmanInc_20150814_8-K_EX-10.1_9230148_EX-10.1_Franchise Agreement1,"Any and all claims and actions arising out of or relating to this Agreement, the relationship of you and us, or your operation of the Franchised Business, brought by any party hereto against the other, shall be commenced within two (2) years from the occurrence of the facts giving rise to such claim or action, or such claim or action shall be barred.",0,0,0,1,0,0
SoupmanInc_20150814_8-K_EX-10.1_9230148_EX-10.1_Franchise Agreement1,"In consideration for such training, trade secrets and confidential information, you and your principals agree that during the term of this Agreement, and for a continuous uninterrupted period commencing upon expiration or termination of this Agreement, regardless of the cause for termination, and continuing for a period of three (3) years thereafter, neither you nor your principals shall, directly or indirectly, for themselves, or through, on behalf of, or in conjunction with any person, persons, partnership, limited liability company or corporation:",0,0,0,0,0,1
SoupmanInc_20150814_8-K_EX-10.1_9230148_EX-10.1_Franchise Agreement1,"You shall have the option to renew the term of this Agreement, on the terms and conditions set forth in this Agreement, for four (4) additional ten (10) year terms, upon written notice given by you to us not less than six (6) months nor more than twelve (12) months prior to the scheduled expiration date of the term then in effect, provided that each of the following conditions are satisfied: 3.2.1 You shall not be in default of any provision of this Agreement, or any other agreement between you and us or our affiliates, or any standards set forth in the Manuals, and you shall have complied with all the terms and conditions of this Agreement, the Manuals and any other agreements during the term of this Agreement. 3.2.2 You shall have satisfied all monetary obligations owed by you to us and our affiliates, and shall have timely met those obligations throughout the term of this Agreement. 3.2.3 You shall, at our option, execute our then-current form of Master Franchise Agreement and any addenda thereto for the renewal term, which renewal agreement shall supersede this Agreement in all respects, and the terms of which, including, without limitation, continuing fees payable to us, may differ materially and be less advantageous to you than the terms of this Agreement. 3.2.4 You shall comply with our then-current qualification and training requirements. 3.2.5 You shall pay us a renewal fee in the sum of Ten Thousand Dollars ($10,000) for the right to renew this Agreement. 3.2.6 You shall execute a general release, in a form prescribed by us, of any and all claims which you may have or believe to have against us and/or our affiliates and our respective officers, directors, agents and employees, whether the claims are known or unknown, which are based on, arise from or relate to this Agreement or the Franchised Business, as well as claims, known or unknown, which are not based on, do not arise from or do not relate to this Agreement or the Franchised Business, but which relate to other franchise agreements, Franchised Businesses and other agreements between us or our affiliates and you which arose on or before the date of the general release, including, without limitation, all obligations, liabilities, demands, costs, expenses, damages, claims, actions and causes of action, of whatever nature, character or description, arising under federal, state and local laws, rules and ordinances (provided, however, that all rights enjoyed by you and any causes of action arising in your favor from the provisions of Article 33 of the New York General Business Law (""GBL"") and the regulations issued thereunder shall remain in force; it being the intent of this provision that the non-waiver provisions of GBL Sections 687.4 and 687.5 be satisfied).",0,1,0,0,0,0
SouthernStarEnergyInc_20051202_SB-2A_EX-9_801890_EX-9_Affiliate Agreement,"Either party may cancel this Agreement at any time, with or without supplying a reason, through written notification or by making suitable settings in the respective Control Panel.",1,0,0,0,0,0
SouthernStarEnergyInc_20051202_SB-2A_EX-9_801890_EX-9_Affiliate Agreement,The Software Publisher and element 5 are authorized to revoke the license granted to the Affiliate at any time by written notice.,1,0,0,0,0,0
SouthernStarEnergyInc_20051202_SB-2A_EX-9_801890_EX-9_Affiliate Agreement,"This includes in particular the liability exclusion for lost profit, the loss of data or interruption to or errors in the operation of the Web site of the Affiliate.",0,0,0,1,0,0
StaarSurgicalCompany_20180801_10-Q_EX-10.37_11289449_EX-10.37_Distributor Agreement,". Without limiting the generality of the foregoing, upon any termination of this Agreement by either Party in accordance with its terms (or otherwise), in no event shall STAAR be required to pay to Distributor any ""good will"" or other payment of any nature or kind based on the sales, business development or other activities of Distributor during the term of this Agreement.",0,0,0,1,0,0
StaarSurgicalCompany_20180801_10-Q_EX-10.37_11289449_EX-10.37_Distributor Agreement,"Distributor shall (a) procure the Products solely from STAAR (or its affiliates) and not (b) procure, manufacture, market or sell in the Territory any implantable medical devices that compete directly or indirectly with the Products, during the term of this Agreement.",0,0,0,0,0,1
StaarSurgicalCompany_20180801_10-Q_EX-10.37_11289449_EX-10.37_Distributor Agreement,"EXCEPT FOR EACH PARTY'S CONFIDENTIALITY OBLIGATIONS SET FORTH IN SECTION 12 AND INDEMNIFICATION OBLIGATIONS SET FORTH IN THIS SECTION 13, WITHOUT LIMITING ANY RIGHT DISTRIBUTOR MAY HAVE UNDER LOCAL STATUTES THAT CANNOT BE EXCLUDED, RESTRICTED OR MODIFIED, NEITHER PARTY SHALL BE LIABLE FOR ANY INDIRECT, INCIDENTAL, CONSEQUENTIAL, PUNITIVE OR SPECIAL DAMAGES, OR FOR DAMAGES DUE TO LOSS OF PROFITS, LOSS OF BUSINESS, LOSS OF USE OR DATA, OR INTERRUPTION OF BUSINESS, EVEN IF SUCH PARTY HAS BEEN ADVISED OF THE POSSIBILITY OF SUCH DAMAGES.",0,0,0,1,1,0
StaarSurgicalCompany_20180801_10-Q_EX-10.37_11289449_EX-10.37_Distributor Agreement,"In the event that Distributor terminates this Agreement, then for one year thereafter, Distributor shall not sell, promote, advertise or market in the Territory products which are competitive with the Products.",0,0,0,0,0,1
StaarSurgicalCompany_20180801_10-Q_EX-10.37_11289449_EX-10.37_Distributor Agreement,"Notwithstanding the provisions of Section 3 above, either party shall have the right to terminate this Agreement, without cause, upon no less than ninety (90) days' prior written notice to the other party.",1,0,0,0,0,0
StaarSurgicalCompany_20180801_10-Q_EX-10.37_11289449_EX-10.37_Distributor Agreement,"The term of this Agreement shall commence on the Effective Date and terminate in , on , unless terminated earlier pursuant to the terms of this Agreement; provided, however, that this Agreement may be renewed for successive one (1) year periods if STAAR and Distributor expressly agree in writing and in their sole discretion to renew this Agreement prior to the foregoing termination date or any successive renewal term.",0,1,0,0,0,0
StaarSurgicalCompany_20180801_10-Q_EX-10.37_11289449_EX-10.37_Distributor Agreement,"To the maximum extent permitted by applicable law, the exclusive remedy for breach of the Warranty shall be, at STAAR's option, the repair or replacement, at STAAR's expense, of the non-conforming Product; provided that Distributor notifies STAAR of the non-conformity and returns the non-conforming Product within the Warranty Period.",0,0,0,1,0,0
StaarSurgicalCompany_20180801_10-Q_EX-10.37_11289449_EX-10.37_Distributor Agreement,"Without limiting the above, and to the maximum extent permitted by applicable law, Distributor's sole remedy in contract or in tort (including in negligence) and STAAR's liability shall be limited to the repair or replacement of any Product which is returned to and found to be defective or non-conforming by STAAR.",0,0,0,1,0,0
StampscomInc_20001114_10-Q_EX-10.47_2631630_EX-10.47_Co-Branding Agreement,"CONSEQUENTIAL, INCIDENTAL, SPECIAL, INDIRECT, OR EXEMPLARY DAMAGES ARISING OUT OF THIS AGREEMENT, EVEN IF A PARTY HAS BEEN ADVISED OF THE POSSIBILITY OF SUCH DAMAGES, AND UNDER ANY CAUSE OF ACTION, INCLUDING NEGLIGENCE. THESE LIMITATIONS SHALL APPLY NOTWITHSTANDING ANY FAILURE OF ESSENTIAL PURPOSE OF ANY LIMITED REMEDY.",0,0,0,1,0,0
StampscomInc_20001114_10-Q_EX-10.47_2631630_EX-10.47_Co-Branding Agreement,IN NO EVENT WILL EITHER PARTY BE LIABLE FOR,0,0,0,1,0,0
StampscomInc_20001114_10-Q_EX-10.47_2631630_EX-10.47_Co-Branding Agreement,"IN NO EVENT WILL EITHER PARTY BE LIABLE FOR Source: STAMPS.COM INC, 10-Q, 11/14/2000 CONSEQUENTIAL, INCIDENTAL, SPECIAL, INDIRECT, OR EXEMPLARY DAMAGES ARISING OUT OF THIS AGREEMENT, EVEN IF A PARTY HAS BEEN ADVISED OF THE POSSIBILITY OF SUCH DAMAGES, AND UNDER ANY CAUSE OF ACTION, INCLUDING NEGLIGENCE. THESE LIMITATIONS SHALL APPLY NOTWITHSTANDING ANY FAILURE OF ESSENTIAL PURPOSE OF ANY LIMITED REMEDY.",0,0,0,1,0,0
StampscomInc_20001114_10-Q_EX-10.47_2631630_EX-10.47_Co-Branding Agreement,"If MBE notifies the Company of its intent to so renew prior to the end of such initial term or such Renewal Period, the term of this Agreement shall automatically be extended for the Renewal Period and, other than the Fee Schedule, all of the terms and conditions of this Agreement shall remain in full force and effect.",0,1,0,0,0,0
StampscomInc_20001114_10-Q_EX-10.47_2631630_EX-10.47_Co-Branding Agreement,"MBE shall have the right to elect by written notice to the Company at any time between two (2) and six (6) months prior to the end of such initial term or any subsequent Renewal Period (as defined below), to notify the Company that MBE elects to seek to extend such term for additional two (2)-year periods (each a ""Renewal Period"") In the event of such election, MBE and the Company shall have -------------- a period of sixty (60) days in which to negotiate commercially reasonable Basic Fees, Bounty Fees and eBay Fees (and other applicable fees) (""Fee Schedule"") ------------ under which the Company would be willing to renew this Agreement for such Renewal Period.",0,1,0,0,0,0
StampscomInc_20001114_10-Q_EX-10.47_2631630_EX-10.47_Co-Branding Agreement,MBE's sole remedy for correction of problems after Acceptance shall be under the Warranties set forth in Section 11.,0,0,0,1,0,0
StampscomInc_20001114_10-Q_EX-10.47_2631630_EX-10.47_Co-Branding Agreement,"Notwithstanding anything to the contrary in ----------------------- this Agreement, in no event shall either party's liability under any provision of this Agreement or otherwise arising out of or related to this Agreement (other than payments due or accrued under Section 8, exceed the amounts paid by MBE and the MBE Centers to the Company pursuant to this Agreement.",0,0,0,1,0,0
StampscomInc_20001114_10-Q_EX-10.47_2631630_EX-10.47_Co-Branding Agreement,THIS SECTION 12 SETS FORTH THE SOLE AND ---------------------------- EXCLUSIVE LIABILITY OF THE COMPANY FOR INFRINGEMENT OF THIRD PARTY INTELLECTUAL PROPERTY RIGHTS.,0,0,0,1,0,0
StampscomInc_20001114_10-Q_EX-10.47_2631630_EX-10.47_Co-Branding Agreement,"The Company's sole and exclusive liability and MBE's sole and -------- exclusive remedy for breach of the representations and warranties set forth in this Section 11 shall be, at the Company's election, to either (i) use its best efforts to make the Service perform in accordance with the Specifications in all material respects as soon as reasonably practicable, or (ii) return the Fees paid by MBE and MBE Centers for the Service in which case MBE would have the right to either terminate the entire Agreement or the portions of the Agreement affected by breach of the representation and warranties.",0,0,0,1,0,0
StampscomInc_20001114_10-Q_EX-10.47_2631630_EX-10.47_Co-Branding Agreement,"The parties further agree that NEITHER PARTY WILL BE LIABLE FOR ANY LOST PROFITS, FOR COSTS OF PROCUREMENT OF SUBSTITUTE GOODS OR SERVICES OR FOR ANY CLAIM OR DEMAND AGAINST A PARTY BY ANY OTHER PARTY.",0,0,0,1,0,0
SteelVaultCorp_20081224_10-K_EX-10.16_3074935_EX-10.16_Affiliate Agreement,"Further, Marketing Affiliate shall not market similar products from competing companies on any Web Site Landing Page containing the Equidata or Marketing Affiliate Web link as long as this Agreement is in effect.",0,0,0,0,0,1
SteelVaultCorp_20081224_10-K_EX-10.16_3074935_EX-10.16_Affiliate Agreement,"IN NO EVENT WILL EQUIDATA BE LIABLE FOR ANY INDIRECT, EXEMPLARY, PUNITIVE, SPECIAL, OR CONSEQUENTIAL DAMAGES INCLUDING WITHOUT LIMITATION LOST PROFITS OR OTHER ECONOMIC LOSS, LOST REIMBURSEMENTS, AND LOST DATA, OR FOR ANY CLAIM BY ANY THIRD PARTY.",0,0,0,1,1,0
SteelVaultCorp_20081224_10-K_EX-10.16_3074935_EX-10.16_Affiliate Agreement,"This Agreement shall be for the term of one year; thereafter, the Agreement shall renew automatically under these same terms and agreements unless superceded by future agreements.",0,1,0,0,0,0
TALCOTTRESOLUTIONLIFEINSURANCECO-SEPARATEACCOUNTTWELVE_04_30_2020-EX-99.8(L)-SERVICE AGREEMENT,"In any event, neither party shall be liable for any special, consequential or incidental damages.",0,0,0,1,0,0
TALCOTTRESOLUTIONLIFEINSURANCECO-SEPARATEACCOUNTTWELVE_04_30_2020-EX-99.8(L)-SERVICE AGREEMENT,"This Agreement shall terminate (a) at the option of any party, upon 90 days' advance written notice to the other parties hereto;",1,0,0,0,0,0
TELEGLOBEINTERNATIONALHOLDINGSLTD_03_29_2004-EX-10.10-CONSTRUCTION AND MAINTENANCE AGREEMENT,"However, any Party may terminate its participation in this Agreement at the end of the Initial Period or any time thereafter by giving not less than one (1) year's prior notice thereof, in writing, to the other Parties.",1,0,0,0,0,0
TELEGLOBEINTERNATIONALHOLDINGSLTD_03_29_2004-EX-10.10-CONSTRUCTION AND MAINTENANCE AGREEMENT,"Under no circumstances shall any Party be liable to any other Party in contract, tort, (including negligence or breach of statutory duty) or otherwise for loss (whether direct or indirect) of profits, property, traffic, business or anticipated savings, or for any indirect or consequential loss or damage in connection with the operation of this Agreement howsoever caused.",0,0,0,1,0,0
TELKOMSALTD_01_30_2003-EX-10-LICENCE AND MAINTENANCE AGREEMENT,"For the avoidance of doubt, it is recorded that SAP AFRICA will not be liable under this AGREEMENT for: 11. 3. 1 the MODIFICATION or improvement of the SOFTWARE by TELKOM to fit the particular requirements of TELKOM; or 11. 3. 2 the correction of any data errors resulting from MODIFICATIONS or EXTENSIONS by TELKOM or its agents; or 11. 3. 3 the correction of any data errors as a result of misuse of the SOFTWARE by TELKOM or its agents; or 11. 3. 4 preparation or conversion of data by TELKOM into the form required for use with the SOFTWARE.",0,0,0,1,0,0
TELKOMSALTD_01_30_2003-EX-10-LICENCE AND MAINTENANCE AGREEMENT,"Notwithstanding anything to the contrary contained in this AGREEMENT, a party hereto (the ""defaulting party"") shall not be liable for any consequential damage or loss of whatever nature and/or however caused, that may be suffered by the other party (the ""innocent party"") other than for consequential loss or damages suffered by the innocent party caused by the wilful or intentional acts or omissions of the",0,0,0,1,0,0
TELKOMSALTD_01_30_2003-EX-10-LICENCE AND MAINTENANCE AGREEMENT,"SAP AFRICA, SAP AG and their licensors, shall not be liable for any claims, liabilities and costs, including attorneys fees, reasonably incurred in the defence of any claim (other than for the infringement of intellectual property rights specified in clause 10. 3 above), arising out of TELKOM'S unauthorised use of the SOFTWARE, DOCUMENTATION, THIRD-PARTY DATABASE and SAP AFRICA PROPRIETARY INFORMATION, licensed under this AGREEMENT provided that SAP AFRICA promptly notifies TELKOM in writing of such claim and that TELKOM is permitted to control fully the defence and any settlement of such claim.",0,0,0,1,0,0
TELKOMSALTD_01_30_2003-EX-10-LICENCE AND MAINTENANCE AGREEMENT,"Subject to, and without prejudice to the provisions of this clause 11. 1 and clause 10, SAP AFRICA'S liability for any loss or damages of whatever nature or however arising, that may be suffered by TELKOM or AFFILIATE from USE or license of the SOFTWARE and irrespective of the number of occurrences giving rise to such liability, shall be limited to the aggregate of all License Fees paid by TELKOM to SAP AFRICA in terms of this AGREEMENT, up until the date when such damages are determined or agreed.",0,0,0,1,0,0
TELKOMSALTD_01_30_2003-EX-10-LICENCE AND MAINTENANCE AGREEMENT,"TELKOM shall not copy the source code, nor disclose it to any third party except agents retained by TELKOM to assist in maintaining the SOFTWARE, provided that no such agent is in the business of marketing or developing SOFTWARE competitive with the SOFTWARE.",0,0,0,0,0,1
TELKOMSALTD_01_30_2003-EX-10-LICENCE AND MAINTENANCE AGREEMENT,"TELKOM'S sole and exclusive remedies for any breach of SAP AFRICA'S warranties contained in clause 10 shall, at SAP AFRICA'S option, be either: 11. 1. 1 replacement of the SOFTWARE and/or performance of services in respect thereof; or 11. 1. 2 return or credit of an appropriate portion of any payment made, or to be made, by TELKOM with respect to the defective portion, or the whole of the SOFTWARE or Maintenance Services, but excluding the License Fee or any portion thereof. SAP AFRICA must exercise its option within 20 days of first becoming aware of the defect.",0,0,0,1,0,0
TELKOMSALTD_01_30_2003-EX-10-LICENCE AND MAINTENANCE AGREEMENT,The Maintenance Services may be terminated by TELKOM in writing at any time upon 3 (three) months prior written notice.,1,0,0,0,0,0
TELKOMSALTD_01_30_2003-EX-10-LICENCE AND MAINTENANCE AGREEMENT,This AGREEMENT and the licence granted hereunder shall terminate should any of the following events occur: 6. 2. 1. 30 (thirty) days after TELKOM gives SAP AFRICA written notice of TELKOM's wish to terminate this AGREEMENT for any reason. Any such termination shall be subject to accrued rights and obligations but only after payment of all Licence and Maintenance Fees then due and owing;,1,0,0,0,0,0
TELKOMSALTD_01_30_2003-EX-10-LICENCE AND MAINTENANCE AGREEMENT,defaulting party or any person or entity in respect of whom the defaulting party may be vicariously liable.,0,0,0,1,0,0
"THERAVANCEBIOPHARMA,INC_05_08_2020-EX-10.2-SERVICE AGREEMENT","The Company may, in its sole and absolute discretion, terminate the Executive's employment under this Agreement at any time and with immediate effect by notifying the Executive that the Company is exercising its right under this clause 17 and that it will make a payment in l ieu of not ice (""PILON"") to the Executive.",1,0,0,0,0,0
TICKETSCOMINC_06_22_1999-EX-10.22-SPONSORSHIP AGREEMENT,"Except for claims arising under section 6, in no event will either party be liable for any special, indirect, incidental or consequential damages.",0,0,0,1,1,0
TICKETSCOMINC_06_22_1999-EX-10.22-SPONSORSHIP AGREEMENT,"Furthermore, for a thirty (30) day period, beginning thirty (30) days prior to the first anniversary of this Agreement, Tickets shall have the right to renew the Agreement for another year with Sponsor Fees that do not exceed a [***] percent increase over the existing Sponsor Fees.",0,1,0,0,0,0
TICKETSCOMINC_06_22_1999-EX-10.22-SPONSORSHIP AGREEMENT,"This Agreement shall commence on the Effective Date and shall remain in full force and effect until one (1) year subsequent to the Effective Date, provided however, that Tickets may terminate this Agreement for any reason upon thirty (30) days' notice to MP3. com at any time prior to the expiration of sixty (60) days subsequent to the Effective Date.",1,0,0,0,0,0
TRANSMONTAIGNEPARTNERSLLC_03_13_2020-EX-10.9-SERVICES AGREEMENT,This Agreement may be terminated by (a) the written agreement of the Parties or (b) by either Party upon 5 days written notice to the other Party.,1,0,0,0,0,0
TRICITYBANKSHARESCORP_05_15_1998-EX-10-OUTSOURCING AGREEMENT,"Customer and M&I shall be liable to the other only for direct damages arising out of or relating to their respective performance or non-performance of obligations under this Agreement; provided, however, that the following shall be considered direct damages for the purposes of this Agreement: A. Costs of recreating or reloading any of Customer's information that is lost or damaged; B. Costs of implementing a work-around in respect of a failure to provide the Services; C. Costs of replacing lost or damaged equipment, software, and materials; D. Costs and expenses incurred by Customer to correct errors in software maintenance and enhancements provided as part of the Services; E. Costs and expenses incurred by Customer to procure the Services from an alternate source, to the extent in excess of M&I's charges under this Agreement; and F. Straight time, overtime, or related expenses incurred by Customer, including overhead allocations of Customer for Customer's employees, wages and salaries of additional employees, travel expenses, overtime expenses, telecommunication charges, and similar charges, due to failure of M&I to provide the Services or incurred in connection with subsections (A) through (E) above, to the extent that such straight time, overtime, or related expenses exceed what Customer would have paid to M&I if M&I were providing the Services, and limited to the amount that M&I would have paid to Customer under subsection (E) above if Customer chose to procure the Services from an alternate source.",0,0,0,1,0,0
TRICITYBANKSHARESCORP_05_15_1998-EX-10-OUTSOURCING AGREEMENT,"Customer may terminate this Agreement during the Term upon at least one (1) years' written notice to M&I, provided that Customer pays M&I an early termination fee (""Termination for Convenience Fee"") in an amount equal to REDACTED of the Estimated Remaining Value.",1,0,0,0,0,0
TRICITYBANKSHARESCORP_05_15_1998-EX-10-OUTSOURCING AGREEMENT,"If M&I and Customer are unable to agree upon the terms for renewal of this Agreement at least six (6) months prior to the expiration of the Term, then Customer may, at its option, renew this Agreement for one (1) twelve month period at the then-current terms and conditions of this Agreement.",0,1,0,0,0,0
TRICITYBANKSHARESCORP_05_15_1998-EX-10-OUTSOURCING AGREEMENT,"M&I may, at any time, withdraw any of the Services (other than the Core Services) upon providing ninety (90) days' prior written notice to Customer.",1,0,0,0,0,0
TRICITYBANKSHARESCORP_05_15_1998-EX-10-OUTSOURCING AGREEMENT,"Neither Customer nor M&I shall be liable for, nor will the measure of any damages in any event include, any indirect, incidental, punitive, special or consequential damages or amounts for loss of income, profits or savings arising out of or relating to performance or non-performance under this Agreement.",0,0,0,1,0,0
TRICITYBANKSHARESCORP_05_15_1998-EX-10-OUTSOURCING AGREEMENT,"Notwithstanding any provision in the Agreement to the contrary, M&I's liability to Customer for claims arising out of the ACH Services performed by M&I pursuant to this Section 6.5 shall be limited to errors and omissions which are caused solely by M&I's gross negligence or willful misconduct and which cannot be remedied through the processing of appropriate corrected ACH Entry(ies).",0,0,0,1,0,0
TRICITYBANKSHARESCORP_05_15_1998-EX-10-OUTSOURCING AGREEMENT,"Notwithstanding any provision in this Agreement, M&I's total liability under this Agreement shall not exceed payments made to M&I by Customer under this Agreement during the three (3) months prior to the event.",0,0,0,1,0,0
TRIZETTOGROUPINC_08_18_1999-EX-10.17-TECHNICAL INFRASTRUCTURE MAINTENANCE AGREEMENT,"Customer, upon thirty days prior written notice, may cancel this Agreement at the end of the Initial Term and thereafter on each anniversary of the end of the Initial Term.",0,0,1,0,0,0
TRIZETTOGROUPINC_08_18_1999-EX-10.17-TECHNICAL INFRASTRUCTURE MAINTENANCE AGREEMENT,"MMMW shall NOT be liable for INCIDENTAL or CONSEQUENTIAL DAMAGES, even if MMMW has been advised, knew or should have known of the possibility of such damages.",0,0,0,1,0,0
TRIZETTOGROUPINC_08_18_1999-EX-10.17-TECHNICAL INFRASTRUCTURE MAINTENANCE AGREEMENT,"MMMW's entire liability and the Customer's sole and exclusive remedy for claims related to or arising out of this Agreement for any cause and regardless of the form of action, whether in contract or tort, including negligence and strict liability, shall be the remedies set forth in Section 8, provided that if MMMW fails after repeated attempts to perform those remedies, MMMW's entire liability shall be the Customer's actual, direct damages such as would be provided in a court of law, not to exceed the charge for service for the item that caused the damages.",0,0,0,1,0,0
TRIZETTOGROUPINC_08_18_1999-EX-10.17-TECHNICAL INFRASTRUCTURE MAINTENANCE AGREEMENT,MMMW's sole and exclusive obligation under this warranty shall be at its option to repair or exchange any hardware not in satisfactory operating condition.,0,0,0,1,0,0
TRIZETTOGROUPINC_08_18_1999-EX-10.17-TECHNICAL INFRASTRUCTURE MAINTENANCE AGREEMENT,"No action, regardless of form, related to, or arising out of this Agreement may be brought by either party more than two (2) years after the cause of action has arisen.",0,0,0,1,0,0
TRUENORTHENERGYCORP_02_08_2007-EX-10.1-DEVELOPMENT AGREEMENT,"Each of the Parties expressly waives and agrees not to seek indirect, consequential, punitive or exemplary damages of any kind with respect to any dispute arising out of or relating to this Agreement or breach hereof.",0,0,0,1,0,0
TUNIUCORP_03_06_2014-EX-10-COOPERATION AGREEMENT,"Notwithstanding the foregoing provisions, neither Party shall be responsible to the other Party in respect of any indirect loss or damage caused hereunder.",0,0,0,1,0,0
TUNIUCORP_03_06_2014-EX-10-COOPERATION AGREEMENT,"Party A irrevocably undertakes that, without Party B's consent, Party A shall not conduct any other business or make any commercial arrangement, including without limitation being engaged in or otherwise participating in any commercial activities and businesses independently or together with any other person or entity, nor shall it carry out any activities that may be competitive with or cause adverse effect to Party B's business.",0,0,0,0,0,1
TUNIUCORP_03_06_2014-EX-10-COOPERATION AGREEMENT,"Party B shall have the right to terminate this Agreement in advance without the prior written consent from Party A, bysending a written notice to Party A but Party A may not terminate or rescind this Agreement;",1,0,0,0,0,0
TUNIUCORP_03_06_2014-EX-10-COOPERATION AGREEMENT,The demand for liquidated damages and specific performance in respect of any breach during the Term of Cooperation are all remedies that the non-breaching Party shall have under this Agreement.,0,0,0,1,0,0
TheglobeComInc_19990503_S-1A_EX-10.20_5416126_EX-10.20_Co-Branding Agreement,"EXCEPT IN THE EVENT OF A CLAIM UNDER SECTION 10 OR FAILURE TO PAY UNDER SECTION 6, IN NO EVENT SHALL EITHER PARTY BE LIABLE TO THE",0,0,0,1,1,0
TheglobeComInc_19990503_S-1A_EX-10.20_5416126_EX-10.20_Co-Branding Agreement,"NEGLIGENCE) ARISING OUT OF OR IN CONNECTION WITH THIS AGREEMENT, EVEN IF THE PARTIES ARE AWARE OF THE POSSIBILITY OF SUCH DAMAGES.",0,0,0,1,0,0
TheglobeComInc_19990503_S-1A_EX-10.20_5416126_EX-10.20_Co-Branding Agreement,"NEITHER PARTY SHALL BE LIABLE FOR LOST PROFITS OR SPECIAL, INCIDENTAL OR CONSEQUENTIAL DAMAGES (HOWEVER ARISING, INCLUDING",0,0,0,1,0,0
TheglobeComInc_19990503_S-1A_EX-10.20_5416126_EX-10.20_Co-Branding Agreement,OTHER PARTY IN AN AMOUNT GREATER THAN THE AMOUNT BOXLOT ACTUALLY PAYS TO THEGLOBE HEREUNDER.,0,0,0,1,1,0
TodosMedicalLtd_20190328_20-F_EX-4.10_11587157_EX-4.10_Marketing Agreement_ Reseller Agreement,"Except with regard to a breach of confidentiality, a party's indemnification obligations hereunder, or infringement of intellectual property rights, either party's total liability to the other party under this Agreement shall be limited to the amounts paid or payable by the Reseller to Todos during the twelve-month period preceding the interposition of the claim.",0,0,0,1,1,0
TodosMedicalLtd_20190328_20-F_EX-4.10_11587157_EX-4.10_Marketing Agreement_ Reseller Agreement,"IN NO EVENT SHALL EITHER PARTY BE LIABLE TO THE OTHER PARTY FOR ANY INCIDENTAL, CONSEQUENTIAL, INDIRECT, SPECIAL, OR PUNITIVE DAMAGES (INCLUDING, BUT NOT LIMITED TO, LOST PROFITS, BUSINESS INTERRUPTION, LOSS OF BUSINESS INFORMATION OR OTHER PECUNIARY LOSS) REGARDLESS OF WHETHER SUCH LIABILITY IS BASED ON BREACH OF CONTRACT, TORT (INCLUDING NEGLIGENCE), STRICT LIABILITY, BREACH OF WARRANTIES, FAILURE OF ESSENTIAL PURPOSE OR OTHERWISE AND EVEN IF ADVISED OF THE POSSIBILITY OF SUCH DAMAGES.",0,0,0,1,0,0
TodosMedicalLtd_20190328_20-F_EX-4.10_11587157_EX-4.10_Marketing Agreement_ Reseller Agreement,"Thereafter, at the end of each renewal term, the Agreement shall renew for an additional two (2) years unless one party provides the other party with prior written notice of non-renewal at least sixty (60) days prior to the expiration of the then-current term.",0,1,1,0,0,0
TodosMedicalLtd_20190328_20-F_EX-4.10_11587157_EX-4.10_Marketing Agreement_ Reseller Agreement,"Upon completion of the Initial Term, provided that the Reseller has achieved the Annual Milestones, the term of the Agreement shall be automatically renewed for an additional five (5) years.",0,1,0,0,0,0
TomOnlineInc_20060501_20-F_EX-4.46_749700_EX-4.46_Co-Branding Agreement,"Each Party agrees that, for a period of five years (""Non-Competition Period"") from the Effective Date (""End Date""), no Party, nor any of their respective Affiliates, will enter into an agreement with any third party, or otherwise carry on any business, directly or indirectly, which is focused on, and targets, primarily Consumers within the PRC, and (i) in the case of Skype and Skype Holding, which provides for a co-branded Internet-based application in simplified Chinese similar in functionality and features as the Company-Skype Branded Application (as may be updated or upgraded from time to time) (and for the avoidance of doubt, a co-branded Internet-based application in simplified Chinese shall be similar in functionality and features as the Company-Skype Branded Application only in the event such application is a customized co-branded version of the Skype Software having one or more functionality or features contained in the Company-Skype Branded Application), or provides for distribution in the PRC of the Skype Software in simplified Chinese by a Primarily PRC Based Service Provider; and (ii) in the case of Online BVI, Tom Holding and the Company, which provides for any voice over internet protocol and/or instant messaging products or services that compete or are likely to compete with the Skype Software.",0,0,0,0,0,1
TomOnlineInc_20060501_20-F_EX-4.46_749700_EX-4.46_Co-Branding Agreement,"Each Party agrees that, from the Effective Date and through the three (3) month period (""Enterprise Non-Competition Period"") immediately following the date (""Enterprise Launch Date"") that Skype launches an enterprise version of the Skype Software primarily targeted for non-Consumer customers (""Enterprise Skype Software""), no Party, nor any of their respective Subsidiaries, will (i) discuss, negotiate or enter into (whether verbal or in writing) with any third Person or other third party (""Other Party"") any understanding, arrangement, or memorandum of understanding, letter of intent, agreement or any other documents (whether or not legally binding); and/or (ii) voluntarily accept or solicit any offer made by any Other Party in respect of or in relation to, (a) in the case of Skype, an enterprise co-branded Internet-based application in simplified Chinese that is focused on, and targeted primarily at, non-Consumers within the PRC, and that is substantially similar in functionality and features as the Enterprise Skype Software, and (b) in the case of Online BVI, Tom Holding and the Company, any voice over internet protocol and/or instant messaging products or services that compete or are likely to compete with the Enterprise Skype Software",0,0,0,0,0,1
TomOnlineInc_20060501_20-F_EX-4.46_749700_EX-4.46_Co-Branding Agreement,"Notwithstanding any portion of the foregoing to the contrary, the Non-Competition Period shall terminate prior to the End Date, and for the avoidance of doubt, no party shall be obligated to comply with the restrictions set out in Section 8.1 after the termination of the Non-Competition Period:",0,0,0,0,0,1
TomOnlineInc_20060501_20-F_EX-4.46_749700_EX-4.46_Co-Branding Agreement,THE FOREGOING PROVISIONS OF THIS SECTION 13.5 STATE THE ENTIRE LIABILITY AND THE EXCLUSIVE REMEDY OF THE PARTIES TO THIS AGREEMENT WITH RESPECT TO INFRINGEMENT OR ALLEGED INFRINGEMENT OF INTELLECTUAL PROPERTY RIGHTS.,0,0,0,1,0,0
TomOnlineInc_20060501_20-F_EX-4.46_749700_EX-4.46_Co-Branding Agreement,THE PARTIES ACKNOWLEDGE AND AGREE THAT NOTHING IN THIS SECTION 12.2 SHALL LIMIT A PARTY'S OBLIGATION TO PAY ANY AMOUNTS DUE AND OWING TO THE OTHER PARTY UNDER SECTION 5 ON OR BEFORE ANY DATE OF EXPIRATION OR TERMINATION HEREOF.,0,0,0,0,1,0
TomOnlineInc_20060501_20-F_EX-4.46_749700_EX-4.46_Co-Branding Agreement,"TO THE MAXIMUM EXTENT PERMISSIBLE UNDER APPLICABLE LAW, EXCEPT FOR THE WILFUL MISAPPROPRIATION OR INFRINGEMENT OF THE INTELLECTUAL PROPERTY OF A PARTY TO THIS AGREEMENT, OR THE OBLIGATIONS OF THE PARTIES TO THIS AGREEMENT PURSUANT TO SECTION 13, (A) THE LIABILITY OF ANY PARTY TO THIS AGREEMENT, IF ANY, FOR DAMAGES FOR ANY CLAIM OF ANY KIND WHATSOEVER AND REGARDLESS OF THE LEGAL THEORY, WITH REGARD TO THE RIGHTS GRANTED HEREUNDER OR THE SERVICES PERFORMED HEREUNDER, SHALL NOT INCLUDE COMPENSATION, REIMBURSEMENT OR DAMAGES ON ACCOUNT OF THE LOSS OF PRESENT OR PROSPECTIVE PROFITS, EXPENDITURES, DATA, OPPORTUNITY, ANTICIPATED SAVINGS, INVESTMENTS OR COMMITMENTS, WHETHER MADE IN ESTABLISHMENT, DEVELOPMENT OR MAINTENANCE OF REPUTATION OR GOODWILL OR FOR ANY OTHER REASON WHATSOEVER; AND (B) IN NO EVENT SHALL ANY PARTY TO THIS AGREEMENT BE LIABLE TO THE OTHER PARTIES TO THIS AGREEMENT FOR SPECIAL, INDIRECT, CONSEQUENTIAL, INCIDENTAL, PUNITIVE OR CONSEQUENTIAL DAMAGES.",0,0,0,1,1,0
TomOnlineInc_20060501_20-F_EX-4.46_749700_EX-4.46_Co-Branding Agreement,"This Agreement shall automatically continue following the Initial Term, for an additional period of three (3) years, unless a party to this Agreement provides written notice of termination to the other parties at least sixty (60) days prior to the expiration of the Initial Term or this Agreement (""Extended Term"" and, with the Initial Term, ""Term"").",0,1,1,0,0,0
TubeMediaCorp_20060310_8-K_EX-10.1_513921_EX-10.1_Affiliate Agreement,"Affiliate agrees not to sell commercial time to or for the benefit of direct competitors of the Service (e.g., music video networks carried by MVPDs such as MTV, VH1 and Fuse)",0,0,0,0,0,1
TubeMediaCorp_20060310_8-K_EX-10.1_513921_EX-10.1_Affiliate Agreement,"If Affiliate fails to notify Network of its desire that this Agreement terminate on its expiration date, at least six (6) months before the expiration date, this Agreement will automatically renew, upon the same terms and conditions, for an additional four (4) -year period (""Renewal Term"").",0,1,1,0,0,0
TubeMediaCorp_20060310_8-K_EX-10.1_513921_EX-10.1_Affiliate Agreement,"If the Term is renewed as described in Section 2(b), Network and Affiliate will negotiate exclusively and in good faith concerning further renewal of this Agreement upon mutually-agreed terms and conditions; provided, that unless Network and Affiliate otherwise agree in writing, the exclusive negotiation period will end six (6) months before the expiration of the Term.",0,1,0,0,0,0
TubeMediaCorp_20060310_8-K_EX-10.1_513921_EX-10.1_Affiliate Agreement,"NOTWITHSTANDING ANY OTHER PROVISION IN THIS AGREEMENT TO THE CONTRARY, NEITHER PARTY SHALL BE LIABLE TO THE OTHER PARTY FOR INCIDENTAL, CONSEQUENTIAL, PUNITIVE OR SPECIAL DAMAGES (INCLUDING LOSS OF PROFITS OF REVENUES, OR DAMAGES TO OR LOSS OF PERSONAL PROPERTY) IN ANY CAUSE OF ACTION ARISING OUT OF, RELATED TO, OR IN CONNECTION WITH A DEFAULT UNDER OR A BREACH OF THIS AGREEMENT.",0,0,0,1,0,0
TubeMediaCorp_20060310_8-K_EX-10.1_513921_EX-10.1_Affiliate Agreement,"Network retains the right at all times during the Term to discontinue its distribution of the Service in its entirety and to terminate this Agreement and all other affiliates' agreements on at least ninety (90) days' prior notice without any liability therefor to Affiliate, other than amounts payable hereunder which accrued prior to such termination, including amounts payable pursuant to Section 6(b) and Exhibit D.",1,0,0,0,0,0
UAGHINC_04_14_2004-EX-10.18-MAINTENANCE AGREEMENT,"EXCEPT AS STATED ABOVE, THE PROVIDER'S OBLIGATIONS UNDER THIS AGREEMENT ARE IN LIEU OF ALL OTHER WARRANTIES, EXPRESSED OR IMPLIED. ALL IMPLIED WARRANTIES ARE LIMITED TO THE DURATION OF THIS AGREEMENT. A PARTY'S TOTAL LIABILITY TO THE OTHER PARTY IN CONNECTION WITH THIS AGREEMENT, FOR ANY AND ALL CAUSES OF ACTIONS AND CLAIMS, INCLUDING, WITHOUT LIMITATION, BREACH OF CONTRACT, BREACH OF WARRANTY, NEGLIGENCE, STRICT LIABILITY, MISREPRESENTATION AND OTHER TORTS, SHALL BE: (a) FOR BODILY INJURY OR DEATH TO ANY PERSON PROXIMATELY CAUSED BY A PARTY'S NEGLIGENCE, THE AMOUNT OF DIRECT DAMAGES PROVEN; (b) FOR LOSS OR DAMAGE TO REAL PROPERTY OR TANGIBLE PERSONAL PROPERTY PROXIMATELY CAUSED BY A PARTY'S NEGLIGENCE, THE AMOUNT OF DIRECT DAMAGES PROVEN; (c) FOR ANY DAMAGES ARISING OUT OF THE WILLFUL OR INTENTIONAL MISCONDUCT OF A PARTY, THE AMOUNT OF DIRECT DAMAGES PROVEN; (d) FOR ALL OTHER DAMAGES OTHER THAN THOSE SET FORTH ABOVE AND NOT EXCLUDED UNDER THIS AGREEMENT, EACH PARTY'S LIABILITY TO THE OTHER PARTY DURING ANY TWELVE (12) MONTH PERIOD SHALL BE LIMITED TO THE LESSOR OF (i) DIRECT DAMAGES PROVEN BY THE PARTY, OR (ii) THE AMOUNT PAID BY THE COMPANY TO THE PROVIDER UNDER THIS AGREEMENT FOR THE TWELVE (12) MONTH PERIOD PRIOR TO THE CLAIM.",0,0,0,1,0,0
UAGHINC_04_14_2004-EX-10.18-MAINTENANCE AGREEMENT,"Notwithstanding the foregoing, either party may terminate this Agreement at any time without liability by providing one hundred eighty (180) days written notice to the other party.",1,0,0,0,0,0
UAGHINC_04_14_2004-EX-10.18-MAINTENANCE AGREEMENT,"THE PROVIDER SHALL NOT BE LIABLE FOR ANY INCIDENTAL OR CONSEQUENTIAL DAMAGES, INCLUDING BUT NOT LIMITED TO LOSS OF REVENUES OR LOSS OF PROFIT, ARISING OUT OF THE PROVISION OF THE SERVICES OR REPAIRS, NOTWITHSTANDING ADVANCE NOTICE FROM THE COMPANY THAT THE POSSIBILITY OF SUCH DAMAGE OR LOSS EXISTS.",0,0,0,1,0,0
UAGHINC_04_14_2004-EX-10.18-MAINTENANCE AGREEMENT,This Agreement will extend automatically for monthly periods unless either party to this Agreement notifies the other party in writing at least thirty (30) days before the expiration of the then current term.,0,1,1,0,0,0
ULTRAGENYXPHARMACEUTICALINC_12_23_2013-EX-10.9-SUPPLY AGREEMENT,Cremer's liability arising from this Agreement is limited to intentional misconduct or gross negligence.,0,0,0,1,0,0
ULTRAGENYXPHARMACEUTICALINC_12_23_2013-EX-10.9-SUPPLY AGREEMENT,"NEITHER PARTY MAY CLAIM AND NEITHER PARTY IS LIABLE FOR CLAIMS FOR INDIRECT DAMAGES AND LOSSES, SUCH AS SPECIAL OR CONSEQUENTIAL LOSS OR DAMAGE, ANY LOSS OF ACTUAL OR ANTICIPATED PROFIT, OR REVENUE, ANTICIPATED SAVINGS OR BUSINESS OR DAMAGE TO GOODWILL OR BRAND EQUITY, ARE EXCLUDED.",0,0,0,1,0,0
ULTRAGENYXPHARMACEUTICALINC_12_23_2013-EX-10.9-SUPPLY AGREEMENT,"Thereafter, the Agreement shall be automatically renewed for additional two year periods (each a ""Renewal Term"", the Initial Term and all Renewal Terms, the ""Term"") unless either Party notifies the other Party of its intention not to renew in writing at least three calendar months before the expiration of the then current Term.",0,1,1,0,0,0
USASYNTHETICFUELCORP_10_21_2010-EX-10.10-STRATEGIC ALLIANCE AGREEMENT,"Neither Party shalI be liable to the other Party in connection with this Agreement or the subject matter hereof for any indirect, incidental, special or consequential damages, including but not limited to loss of revenue, cost of capital or loss of profit or business opportunity, whether such liability arises out of contract, tort (including negligence), strict liability or otherwise.",0,0,0,1,0,0
USASYNTHETICFUELCORP_10_21_2010-EX-10.10-STRATEGIC ALLIANCE AGREEMENT,"This Agreement shall be for an initial term of five (5) years, and unless earlier terminated in accordance with this Agreement, shall automatically renew for an additional term of five (5) years thereafter.",0,1,0,0,0,0
UnionDentalHoldingsInc_20050204_8-KA_EX-10_3345577_EX-10_Affiliate Agreement,This Agreement shall become effective on the Effective Date and shall continue in effect until either Party informs the other Party with thirty (30) day prior written notice of termination of this Agreement.,1,0,0,0,0,0
UpjohnInc_20200121_10-12G_EX-2.6_11948692_EX-2.6_Manufacturing Agreement_ Supply Agreement,"A Facility Addendum may be extended for up to three (3) additional periods of twelve (12) months (each, an ""Extension Period"") by written notice given by Customer to Manufacturer not less than twelve (12) months prior to the expiration of the Initial Term or the applicable Extension Period, as the case may be",0,1,0,0,0,0
UpjohnInc_20200121_10-12G_EX-2.6_11948692_EX-2.6_Manufacturing Agreement_ Supply Agreement,"A Facility Addendum may be extended for up to three (3) additional periods of twelve (12) months (each, an ""Extension Period"") by written notice given by Customer to Manufacturer not less than twelve (12) months prior to the expiration of the Initial Term or the applicable Extension Period, as the case may be.",0,0,1,0,0,0
UpjohnInc_20200121_10-12G_EX-2.6_11948692_EX-2.6_Manufacturing Agreement_ Supply Agreement,"Except in the event of (i) Third Party Claims subject to a Party's indemnification obligations pursuant to Section 10.1, (ii) Third Party Claims subject to a Party's indemnification obligations pursuant to Section 10.2, (iii) the gross negligence, fraud or willful misconduct of a Party or its Personnel, (iv) a Party's willful breach of this Agreement, (v) a breach of Section 13 or (vi) customer liabilities pursuant to, and subject to the limitations set forth in, Section 2.5(e), neither Party's aggregate liability to the other Party (or its Personnel that are indemnitees under Section 10.1 or Section 10.2, as applicable) under this Agreement for the initial twelve (12) month period immediately following the Effective Date, and for any twelve (12) month period thereafter during the Term, shall exceed, on a cumulative basis, the amount that is one and one half (11∕2) times the aggregate amounts paid or payable pursuant to this Agreement in the preceding twelve (12) month period preceding the loss date by Customer to Manufacturer but solely with respect to the supply hereunder of Product (or Products) for which such corresponding liability arose (the ""Affected Products"") and not any other Products (or if, as of the time the liability arises, this Agreement has not been in effect for twelve (12) months, then the amounts paid or payable by Customer to Manufacturer hereunder during the period from the Effective Date until such time the liability arises, shall be annualized to a full twelve (12) months but solely with respect to the supply hereunder of the Affected Product(s) and not any other Products).",0,0,0,1,1,0
UpjohnInc_20200121_10-12G_EX-2.6_11948692_EX-2.6_Manufacturing Agreement_ Supply Agreement,"Furthermore, Customer shall not be liable for Losses pursuant to Section 10.2(a)(iii) above to the extent such infringement or misappropriation is caused by Manufacturer's unauthorized use or unauthorized modification of any Customer Property, Customer- Owned Improvements and Developments, Buy-Sell Materials or Customer-Supplied Materials.",0,0,0,1,0,0
UpjohnInc_20200121_10-12G_EX-2.6_11948692_EX-2.6_Manufacturing Agreement_ Supply Agreement,"In the event of a Triggering Event, Manufacturer shall be liable for any actual amounts that Customer is contractually required to pay to any Third-Party customer of Customer that result from Customer's inability to supply the affected Product to such Third-Party customer as a direct result of such Triggering Event; provided that (1) Customer shall provide to Manufacturer appropriate evidence of such amounts (including invoices from the applicable customers) and the applicable contractual requirements (redacted, in each case, of information pertaining to pricing and other commercial terms that are not directly related to the claimed amounts), it being understood and agreed that, upon request, Manufacturer will enter into customary confidentiality arrangements prior to such information being shared and (2) Manufacturer shall not be liable for any such amounts in the aggregate in any Fiscal Year in excess of the aggregate Conversion Cost Markup during such Fiscal Year with respect to all Products manufactured at the Facility that is the subject of the applicable Triggering Event. ""Conversion Cost Markup"" means, for a Product for any Fiscal Year, ten percent (10%) of the product of (A) Manufacturer's Standard Conversion Cost for such Product for such Fiscal Year and (B) the quantity of such Product ordered by Customer for delivery during such Fiscal Year.",0,0,0,1,0,0
UpjohnInc_20200121_10-12G_EX-2.6_11948692_EX-2.6_Manufacturing Agreement_ Supply Agreement,"NOTWITHSTANDING ANY OTHER PROVISION OF THIS AGREEMENT TO THE CONTRARY, EXCEPT FOR DAMAGES OR CLAIMS ARISING OUT OF (I) A BREACH OF SECTION 13 OF THIS AGREEMENT, (II) CUSTOMER LIABILITIES PURSUANT TO, AND SUBJECT TO THE LIMITATIONS SET FORTH IN, SECTION 2.5(E), (III) A PARTY'S OR ITS PERSONNEL'S GROSS NEGLIGENCE, FRAUD OR WILLFUL MISCONDUCT, (IV) A PARTY'S WILLFUL BREACH OF THIS AGREEMENT, OR (V) A PARTY'S INDEMNIFICATION OBLIGATION WITH RESPECT TO THIRD PARTY CLAIMS UNDER SECTION 10.1 OR SECTION 10.2, IN NO EVENT SHALL EITHER PARTY BE LIABLE TO THE OTHER PARTY OR ANY INDEMNIFIED PARTY HEREUNDER FOR ANY CONSEQUENTIAL DAMAGES, SPECIAL DAMAGES, INCIDENTAL OR INDIRECT DAMAGES, LOSS OF REVENUE OR PROFITS, DIMINUTION IN VALUE, DAMAGES BASED ON MULTIPLE OF REVENUE OR EARNINGS OR OTHER PERFORMANCE METRIC, LOSS OF BUSINESS REPUTATION, PUNITIVE AND EXEMPLARY DAMAGES OR ANY SIMILAR DAMAGES ARISING OR RESULTING FROM OR RELATING TO THIS AGREEMENT, WHETHER SUCH ACTION IS BASED ON WARRANTY, CONTRACT, TORT (INCLUDING NEGLIGENCE OR STRICT LIABILITY) OR OTHERWISE.",0,0,0,1,1,0
UpjohnInc_20200121_10-12G_EX-2.6_11948692_EX-2.6_Manufacturing Agreement_ Supply Agreement,"Notwithstanding the foregoing clauses (i) through (v) of this Section 5.2(e) or anything else contained in this Agreement or any Facility Addendum or Quality Agreement, Manufacturer shall have no liability under this Agreement (including under Section 4.11(b) or Section 10.1) or any Facility Addendum or Quality Agreement for any Non-Complying Product which is non-complying due to any Non-Complying Customer-Supplied Materials or Non-Complying Buy-Sell Materials.",0,0,0,1,0,0
UpjohnInc_20200121_10-12G_EX-2.6_11948692_EX-2.6_Manufacturing Agreement_ Supply Agreement,"Notwithstanding the foregoing, Customer shall not be liable for Losses described in Section 10.2(a) to the extent such Losses are: (i) caused by the gross negligence, fraud or willful misconduct of a Manufacturer Indemnified Party in connection with the performance or non-performance of this Agreement; (ii) caused by the breach of any of the terms of this Agreement or any Facility Addendum by a Manufacturer Indemnified Party or (iii) are subject to Manufacturer's indemnification obligation pursuant to Section 10.1.",0,0,0,1,0,0
UpjohnInc_20200121_10-12G_EX-2.6_11948692_EX-2.6_Manufacturing Agreement_ Supply Agreement,"Notwithstanding the foregoing, Manufacturer shall not be liable for Losses described in Section 10.1(a) to the extent such Losses are: (i) caused by the gross negligence, fraud or willful misconduct of a Customer Indemnified Party in connection with the performance or non-performance of this Agreement; (ii) caused by the breach of any of the terms of this Agreement or a Facility Addendum by a Customer Indemnified Party, including in connection with the performance or non-performance of this Agreement or (iii) subject to Customer's indemnification obligations pursuant to Section 10.2.",0,0,0,1,0,0
UpjohnInc_20200121_10-12G_EX-2.6_11948692_EX-2.6_Manufacturing Agreement_ Supply Agreement,"Unless otherwise provided in the applicable Facility Addendum, this Agreement (a) shall commence on the Effective Date and shall continue for a period of four (4) years from such date (the ""Initial Term"" of this Agreement), unless sooner terminated pursuant to Section 7.3, 7.4, 7.5, 7.6 or 7.7, and (b) may be extended for up to three (3) additional periods of twelve (12) months (each, an ""Extension Period"") by written notice given by Customer to Manufacturer not less than twelve (12) months prior to the expiration of the Initial Term or the applicable Extension Period, as the case may be.",0,1,0,0,0,0
UpjohnInc_20200121_10-12G_EX-2.6_11948692_EX-2.6_Manufacturing Agreement_ Supply Agreement,"Where a Party or any member of its Group is required by this Agreement to reimburse or indemnify the other Party or any member of its Group for any cost or expense, the reimbursing or indemnifying Party (or the applicable member of its Group) shall reimburse or indemnify the other Party (or the applicable member of its Group) for the full amount of the cost or expense, inclusive of any amounts in respect of VAT imposed on that amount to the extent properly reflected on a valid invoice, except to the extent that the reimbursed or indemnified Party reasonably determines that it (or such member of its Group), or a member of the same group as it (or such member of its Group) for VAT purposes, is entitled to credit for or repayment of that VAT from any relevant taxing authority.",0,0,0,1,0,0
UsioInc_20040428_SB-2_EX-10.11_1723988_EX-10.11_Affiliate Agreement 2,"(iii) the providing of vendor services or merchant services by Affiliate or Contractor(s) located by Affiliate which are competitive with Network 1 or without the prior written consent of Network 1, contrary to Section 1.01 [CONTRACTORS] and IV, violation of any clause of Network 1 Affiliate Office Agreement and failure to cure such violation within 30 days of notification",0,0,0,0,0,1
UsioInc_20040428_SB-2_EX-10.11_1723988_EX-10.11_Affiliate Agreement 2,"Affiliate shall not, without the express written consent of Network 1: i. Contact or otherwise deal directly with, VISA, MasterCard or the Member Bank; or ii. Make any representations with respect to Network 1, VISA, MasterCard or the Member Bank; or",0,0,0,0,0,1
UsioInc_20040428_SB-2_EX-10.11_1723988_EX-10.11_Affiliate Agreement 2,Agreement may be terminated prior to the conclusion of the Term by giving written notice of termination:,0,0,0,0,0,1
UsioInc_20040428_SB-2_EX-10.11_1723988_EX-10.11_Affiliate Agreement 2,"Agreement may be terminated prior to the conclusion of the Term by giving written notice of termination: A. By either party as a result of default by the other party under this Agreement and failure to cure said default within thirty (30) days after notice of said default is given. B. By either party in the event of insolvency, receivership, voluntary or involuntary bankruptcy or an assignment for the benefit of creditors of or by the Affiliate other than in the ordinary course of business. However, Affiliate may pledge or otherwise collateralize assets for the purpose of securing commercial loans or lines of credit in the ordinary course of business provided that such pledge is subordinate to an security interest associated with the Merchant accounts and/or losses from such accounts. C. By Affiliate in the event of any changes in the Affiliate's Fee (other than direct pass through increases related to Visa and MasterCard interchange, fees, assessments and dues, processor communication costs, and other direct increases including terminal hardware). D. By Network 1, for cause. For purpose hereof; ""cause"" shall consist of (i) fraud, intentional misrepresentation or negligence by Affiliate or any Contractor located by Affiliate in compiling or providing any information submitted to or relied on by Network 1 to Network 1, whether or not such fraud or misrepresentation is based on a misstatement, omission, a substantive fact, or data; (ii) intentional violations by the Affiliate or any Contractor(s) located by Affiliate of any of the rules or regulations of VISA, MasterCard, the Member Bank or Network 1; and (iii) the providing of vendor services or merchant services by Affiliate or Contractor(s) located by Affiliate which are competitive with Network 1 or without the prior written consent of Network 1, contrary to Section 1.01 [CONTRACTORS] and IV, violation of any clause of Network 1 Affiliate Office Agreement and failure to cure such violation within 30 days of notification",0,0,0,0,0,1
UsioInc_20040428_SB-2_EX-10.11_1723988_EX-10.11_Affiliate Agreement 2,"D. By Network 1, for cause. For purpose hereof; ""cause"" shall consist of",0,0,0,0,0,1
UsioInc_20040428_SB-2_EX-10.11_1723988_EX-10.11_Affiliate Agreement 2,This Agreement will automatically renew for successive one-year terms unless terminated by either party by providing the other with 30 days written notice that this Agreement will not be renewed or Affiliate enters into a Processing agreement with Network 1 and an ISO Sponsorship agreement with Harris Bank in which case this Agreement will automatically terminate concurrent with the execution of such agreements.,0,1,1,0,0,0
VALENCETECHNOLOGYINC_02_14_2003-EX-10-JOINT VENTURE CONTRACT,"Party B and its Affiliates guarantee that following the Effective Date of this Contract, it will not further transfer to any Third Party: i) the proprietary technology for production of Powder (as defined below) to be made into Batteries (as defined below) or ii) the proprietary technology for production of Batteries that use the Bellcore configuration.",0,0,0,0,0,1
"VAPOTHERM, INC. - Manufacturing and Supply Agreement","No party will be liable to any other for any indirect, consequential, or special damages or for loss of profits.",0,0,0,1,0,0
"VAPOTHERM, INC. - Manufacturing and Supply Agreement","No party will be liable to any other for any indirect, consequential, or special damages or for loss of profits. This limitation does not, however, apply to any obligation of either party to indemnify the other in connection with any Indemnifiable Loss.",0,0,0,0,1,0
"VAPOTHERM, INC. - Manufacturing and Supply Agreement","Notwithstanding any other provision contained in this Agreement, each party's maximum aggregate liability to the other party for any and all causes whatsoever, and each party's remedy, regardless of the form of action, whether in contract or tort, including negligence, and whether or not pursuant to the indemnification provisions contained in Section 12 and whether or not such party is notified of the possibility of damage to the other party, shall be limited to $[* * *].",0,0,0,1,0,0
"VAPOTHERM, INC. - Manufacturing and Supply Agreement","The term of this Agreement is three years from and including the date of this Agreement (the ""Initial Term""), with automatic renewal for additional successive one-year terms (each a ""Renewal Term"" and together wit the Initial Term, the ""Term"") unless no later than [* * *] days prior to the end of the Initial Term, or any Renewal Term either party notifies the other that it wishes to terminate this Agreement effective the end of the Initial Term or that Renewal Term, as applicable.",0,1,1,0,0,0
VARIABLESEPARATEACCOUNT_04_30_2014-EX-13.C-UNCONDITIONAL CAPITAL MAINTENANCE AGREEMENT,"AIG shall have the absolute right to terminate this Agreement upon thirty (30) days' prior written notice to the Company, which notice shall state the effective date of termination (the ""Termination Date""); provided, however, that AIG agrees not to terminate this Agreement unless (a) AIG significantly modifies the",0,0,1,0,0,0
VARIABLESEPARATEACCOUNT_04_30_2014-EX-13.C-UNCONDITIONAL CAPITAL MAINTENANCE AGREEMENT,"corporate structure or ownership of the Company, or (b) AIG sells the Company to an acquirer, in each case, (i) having a rating from at least one of S&P, Moody's, A.M. Best or a substitute agency, which is a nationally recognized statistical rating organization, that is at least equal to the lower of (x) AIG's then-current rating from such agency or (y) the Company's then-current rating as supported by this Agreement from such agency; or (ii) such that, immediately on the effective date of the modification of corporate structure or sale by AIG of the Company, the Company's capitalization is consistent with the minimum capital adequacy standards and criteria of at least one of S&P, Moody's, A.M. Best or a substitute agency, which is a nationally recognized statistical rating organization, for a rating that is equal to or better than the Company's then-current rating on the date immediately preceding such modification of corporate structure or sale.",0,0,1,0,0,0
"VAXCYTE,INC_05_22_2020-EX-10.19-SUPPLY AGREEMENT","EXCEPT (I) WITH RESPECT TO ANY BREACH OF ARTICLE 8 (CONFIDENTIALITY), (II) FOR THIRD PARTY PENALTIES, COSTS AND EXPENSES AS SET FORTH IN SECTION 2.9, OR (III) FOR [***], TO THE MAXIMUM EXTENT PERMITTED BY LAW, (A) NEITHER PARTY SHALL BE LIABLE TO THE OTHER PARTY FOR ANY INDIRECT, INCIDENTAL, CONSEQUENTIAL, SPECIAL OR PUNITIVE DAMAGES, WHETHER LIABILITY IS ASSERTED IN CONTRACT, TORT (INCLUDING NEGLIGENCE), STRICT LIABILITY, OR ANY OTHER THEORY OR FORM OF ACTION, EVEN IF SUCH PARTY HAS BEEN ADVISED OF THE POSSIBILITY THEREOF; AND (B) EACH PARTY'S TOTAL LIABILITY TO THE OTHER PARTY UNDER THIS SUPPLY AGREEMENT SHALL NOT EXCEED [***].",0,0,0,1,1,0
"VAXCYTE,INC_05_22_2020-EX-10.19-SUPPLY AGREEMENT","For any failure to supply compliant Product(s) in the later of the Delivery Time Period and the period ending [***] after the delivery date specified under the Work Order, without limiting SutroVax's other remedies, subject to this Section 2.9.2 and Section 9.3 (Limitation of Liability), Sutro shall be liable for any non-cancelable Third Party penalties, costs and expenses incurred by SutroVax as a result of Sutro's failure to supply Product(s) as aforesaid, subject to receipt by Sutro of appropriate documentary evidence of such penalties, costs and expenses to the extent such evidence of such amounts may be provided by SutroVax without breaching SutroVax's or its Affiliates' duties of confidentiality to such Third Party (and provided that SutroVax shall use commercially reasonable efforts to (i) minimize or eliminate such penalties, costs and expenses and (ii) where provision of such evidence to Sutro would result in a breach of such duties of confidentiality, to obtain the consent of the applicable Third Party to the provision of such evidence to Sutro).",0,0,0,1,0,0
"VAXCYTE,INC_05_22_2020-EX-10.19-SUPPLY AGREEMENT","Notwithstanding anything to the contrary in this Supply Agreement, this Supply Agreement may be terminated: 10.2.1 in its entirety or with respect to one or more Products, on a Product-by-Product basis, by mutual written consent of Sutro and SutroVax; 10.2.2 in its entirety by a Party if the other Party materially breaches any of the material terms, conditions or agreements contained in this Supply Agreement to be kept, observed or performed by the other Party, by giving the Party who committed the breach [***] days' prior written notice, unless the notified Party shall have cured the breach within such [***]-day period; and 10.2.3 in its entirety or with respect to one or more Products, on a Product-by-Product basis, by SutroVax upon [***] days' prior written notice to Sutro for any reason.",1,0,0,0,0,0
"VAXCYTE,INC_05_22_2020-EX-10.19-SUPPLY AGREEMENT","SUTRO'S LIABITY TO SUTROVAX FOR THIRD PARTY PENALTIES, COSTS AND EXPENSES UNDER SECTION 2.9 SHALL NOT EXCEED [***].",0,0,0,1,0,0
VERICELCORP_08_06_2019-EX-10.10-SUPPLY AGREEMENT,"After the Initial Term (including any extension thereto made in accordance with the preceding sentence), the Agreement may be extended on a yearly basis up to ten (10) years at Vericel's sole discretion, with renewal notice to be provided to MediWound no later than twelve (12) months prior to the expiry of any yearly extension (the ""Renewal Term"", and the Initial Term, together with the Renewal Term, if any, the ""Term""); provided that unless otherwise agreed by the Parties, the Term of this Agreement (including the Initial Term, any extension of the Initial Term and any Renewal Terms) shall be no more than fifteen (15) years in total.",0,1,1,0,0,0
VERICELCORP_08_06_2019-EX-10.10-SUPPLY AGREEMENT,"Following the Initial Term, Vericel may, without penalty or prejudice to any other rights or remedies Vericel may have, in its sole discretion terminate or reduce the scope of any individual activities contemplated by this Agreement or any Additional Service or with respect to any Product or terminate this Agreement as a whole with or without cause, upon [***] prior written notice of such termination or reduction (which such written notice may be provided during the Initial Term).",1,0,0,0,0,0
VERICELCORP_08_06_2019-EX-10.10-SUPPLY AGREEMENT,"NEITHER PARTY SHALL BE LIABLE FOR ANY SPECIAL, INCIDENTAL, EXEMPLARY OR CONSEQUENTIAL DAMAGES OF ANY KIND (INCLUDING LOST PROFITS) REGARDLESS OF THE FORM OF ACTION, WHETHER IN CONTRACT, TORT, NEGLIGENCE, BREACH OF STATUTORY DUTY OR OTHERWISE, SUFFERED BY THE OTHER PARTY, EVEN IF THAT PARTY HAS BEEN INFORMED OF THE POSSIBILITY OF ANY SUCH DAMAGES IN ADVANCE. [***].",0,0,0,1,0,0
VERTEXENERGYINC_08_14_2014-EX-10.24-OPERATION AND MAINTENANCE AGREEMENT,(e) Without cause on no less than seven (7) days prior written notice.,1,0,0,0,0,0
VERTEXENERGYINC_08_14_2014-EX-10.24-OPERATION AND MAINTENANCE AGREEMENT,"Notwithstanding anything in this agreement to the contrary, neither Party shall be liable to the other Party for special, indirect, consequential, punitive, or exemplary damages suffered by such Party resulting from or arising out of this Agreement or the breach thereof or under any other theory of liability, whether tort, negligence, strict liability, breach of contract, warranty, indemnity, or otherwise, including, without limitation, loss of use, increased cost of operations, loss of profit or revenue, or business interruptions. In furtherance of the foregoing, each Party releases the other Party and waives any right of recovery for special, indirect, consequential, punitive, or exemplary damages suffered by such Party regardless of whether any such damages are caused by the other Party's negligence (and regardless of whether such negligence is sole, joint, concurrent, active, passive, or gross negligence), fault, or liability without fault.",0,0,0,1,0,0
VERTEXENERGYINC_08_14_2014-EX-10.24-OPERATION AND MAINTENANCE AGREEMENT,Owner may terminate this Agreement at any time upon the occurrence of any of the following:,1,0,0,0,0,0
VERTICALNETINC_04_01_2002-EX-10.19-MAINTENANCE AND SUPPORT AGREEMENT,CONVERGE TO VERT FOR SUCH MAINTENANCE AND SUPPORT SERVICES DURING THE THREE MONTH PERIOD IMMEDIATELY PRECEDING THE DATE ON WHICH THE CLAIM OR CAUSE OF ACTION FOR ANY SUCH DAMAGES FIRST AROSE.,0,0,0,1,0,0
VERTICALNETINC_04_01_2002-EX-10.19-MAINTENANCE AND SUPPORT AGREEMENT,"IF A CLAIM OR CAUSE OF ACTION IS ATTRIBUTABLE TO A PRODUCT OR ANY SERVICES PROVIDED UNDER THE SUBSCRIPTION LICENSE AGREEMENT, THE REMEDIES SET FORTH IN THE SUBSCRIPTION LICENSE AGREEMENT, TO THE EXCLUSION OF THE REMEDIES SET FORTH IN THIS AGREEMENT, SHALL CONSTITUTE THE SOLE AND EXCLUSIVE REMEDIES AVAILABLE TO A PARTY FOR SUCH CLAIM OR CAUSE OF ACTION.",0,0,0,1,0,0
VERTICALNETINC_04_01_2002-EX-10.19-MAINTENANCE AND SUPPORT AGREEMENT,"IF A CLAIM OR CAUSE OF ACTION IS ATTRIBUTABLE TO ANY MAINTENANCE UPDATE, ENHANCEMENT OR SERVICES PROVIDED OR TO BE PROVIDED UNDER THIS AGREEMENT, THE REMEDIES SET FORTH IN THIS AGREEMENT, TO THE EXCLUSION OF THE REMEDIES SET FORTH IN THE SUBSCRIPTION LICENSE AGREEMENT, SHALL CONSTITUTE THE SOLE AND EXCLUSIVE REMEDIES AVAILABLE TO A PARTY FOR SUCH CLAIM OR CAUSE OF ACTION.",0,0,0,1,0,0
VERTICALNETINC_04_01_2002-EX-10.19-MAINTENANCE AND SUPPORT AGREEMENT,"In the event of any breach of the foregoing warranty, and provided that Converge reports such breach to VNE in writing within 90 days following the date of performance of the Services in question, VNE shall, as its sole obligation and Converge's sole and exclusive remedy, promptly repair, replace or re-perform the Services in question, without additional cost to Converge, so as to correct the warranty non-compliance as promptly as practicable (within 30 days to the extent technically feasible).",0,0,0,1,0,0
VERTICALNETINC_04_01_2002-EX-10.19-MAINTENANCE AND SUPPORT AGREEMENT,"TO THE MAXIMUM EXTENT PERMITTED BY LAW, IN NO EVENT SHALL EITHER PARTY BE LIABLE OR OBLIGATED IN ANY MANNER FOR ANY SPECIAL, INCIDENTAL, EXEMPLARY OR CONSEQUENTIAL DAMAGES OF ANY KIND ARISING OUT OF OR RELATING TO THIS AGREEMENT (INCLUDING, BUT NOT LIMITED TO, LOST PROFITS, REVENUES OR BUSINESS OPPORTUNITIES) HOWEVER CAUSED AND REGARDLESS OF THE FORM OF ACTION, WHETHER IN CONTRACT, TORT, NEGLIGENCE, STRICT PRODUCT LIABILITY, OR OTHERWISE, EVEN IF THE PARTY HAS BEEN INFORMED OF THE POSSIBILITY OF ANY SUCH DAMAGES IN ADVANCE.",0,0,0,1,0,0
VERTICALNETINC_04_01_2002-EX-10.19-MAINTENANCE AND SUPPORT AGREEMENT,"TO THE MAXIMUM EXTENT PERMITTED BY LAW, THE MAXIMUM LIABILITY OF EACH PARTY TO THE OTHER OR TO ANY THIRD PARTY FOR DAMAGES, IF ANY, RELATING TO THIS AGREEMENT OR ANY MAINTENANCE UPDATE, ENHANCEMENT OR SERVICES PROVIDED OR TO BE PROVIDED HEREUNDER, WHETHER FOR BREACH OF CONTRACT OR WARRANTY, STRICT LIABILITY, NEGLIGENCE OR OTHER TORT, STRICT PRODUCT LIABILITY, THE FAILURE OF ANY LIMITED REMEDY TO ACHIEVE ITS ESSENTIAL PURPOSE, OR OTHERWISE, SHALL NOT EXCEED (I) WITH RESPECT TO ANY ENHANCEMENT PROVIDED HEREUNDER, THE AMOUNTS PAID BY CONVERGE TO VERT FOR SUCH ENHANCEMENT, AND (II) WITH RESPECT TO ANY MAINTENANCE AND SUPPORT SERVICES, THE AMOUNTS PAID BY",0,0,0,1,0,0
VERTICALNETINC_04_01_2002-EX-10.19-MAINTENANCE AND SUPPORT AGREEMENT,"Thereafter, this Agreement shall renew only upon the mutual written agreement of the parties for up to three additional renewal terms of one year each (each, a ""Renewal Term"").",0,1,0,0,0,0
VERTICALNETINC_04_01_2002-EX-10.19-MAINTENANCE AND SUPPORT AGREEMENT,"Unless otherwise provided by local law without the possibility of contractual waiver or limitation, any legal or other action related to this Agreement must be commenced no later than two years from the date on which the cause of action arose.",0,0,0,1,0,0
VIOLINMEMORYINC_12_12_2012-EX-10.14-SPONSORSHIP AGREEMENT,"Sponsor hereby agrees to and does (a) waive any and all suits, actions, claims, losses, demands, damages, liabilities, costs and reasonable expenses of every kind (including consequential, incidental or punitive damages, or lost profits), including court costs and reasonable attorneys' fees (collectively, ""Claims"") Sponsor may have now or in the future against Forty Niners SC, its Affiliates, the National Football League, SCSA and any of their respective officers, directors, employees, agents, insurers, and assigns (collectively, the ""Indemnitees"") for damage to or destruction of Sponsor's property, excepting only claims caused by the gross negligence or willful misconduct of an Indemnitee;",0,0,0,1,0,0
"VIRTUALSCOPICS,INC_11_12_2010-EX-10.1-STRATEGIC ALLIANCE AGREEMENT","EXCEPT WITH REGARD TO A PARTY'S BREACH OF SECTION 9, GROSS NEGLIGENCE, WILLFUL MISCONDUCT AND INDEMNIFICATION OBLIGATIONS RELATED TO THIRD PARTY CLAIMS PURSUANT TO SECTION 12, EACH PARTY'S ENTIRE LIABILITY UNDER THIS AGREEMENT WILL IN NO EVENT EXCEED THREE TIMES (3X) THE TOTAL VALUE OF THE WORK ORDER UNDER WHICH THE CLAIM AROSE.",0,0,0,1,1,0
"VIRTUALSCOPICS,INC_11_12_2010-EX-10.1-STRATEGIC ALLIANCE AGREEMENT","Either party may terminate this Agreement, without cause, upon ninety (90) days prior written notice to the other party, provided, however, that all outstanding Work Orders shall continue to be governed by the terms and conditions hereof.",1,0,0,0,0,0
"VIRTUALSCOPICS,INC_11_12_2010-EX-10.1-STRATEGIC ALLIANCE AGREEMENT","NOTWITHSTANDING ANYTHING TO THE CONTRARY CONTAINED IN THIS AGREEMENT, NEITHER PARTY SHALL BE LIABLE TO THE OTHER PARTY FOR INCIDENTAL, INDIRECT, CONSEQUENTIAL OR SPECIAL DAMAGES OR FOR ANY DAMAGES ARISING OUT OF OR IN CONNECTION WITH ANY LOSS OF PROFIT, INTERRUPTION OF SERVICE OR LOSS OF BUSINESS OR ANTICIPATORY PROFITS, EVEN IF A PARTY OR ITS AFFILIATES HAVE BEEN APPRISED OF THE LIKELIHOOD OF SUCH DAMAGES OCCURRING, IN EACH CASE ARISING IN CONNECTION WITH ANY DEFAULT OR BREACH OF OBLIGATIONS UNDER THIS AGREEMENT OR ANY ATTACHMENTS HERETO.",0,0,0,1,0,0
"VIRTUALSCOPICS,INC_11_12_2010-EX-10.1-STRATEGIC ALLIANCE AGREEMENT","Upon expiration of the Initial Term, unless written notice to the contrary is provided by one party to the other party at least 30 days prior to the expiration of the then-current term, this Agreement shall be renewed for additional, successive periods of one (1) year each (each a ""Renewal"" and together with the Initial Term, collectively, the ""Term"").",0,1,1,0,0,0
"VISIUMTECHNOLOGIES,INC_10_20_2004-EX-10.20-DISTRIBUTOR AGREEMENT","Neither party shall be liable to the other party for any special, incidental, or consequential damages arising in connection with, or out of termination of, this agreement.",0,0,0,1,0,0
"VISIUMTECHNOLOGIES,INC_10_20_2004-EX-10.20-DISTRIBUTOR AGREEMENT",REPAIR OR REPLACEMENT BY WLI AS PROVIDED IN THIS LIMITED WARRANTY IS YOUR EXCLUSIVE REMEDY UNDER THIS LIMITED WARRANTY.,0,0,0,1,0,0
"VISIUMTECHNOLOGIES,INC_10_20_2004-EX-10.20-DISTRIBUTOR AGREEMENT","The liability of WLI to Power2Ship for any claim whatsoever related to the Products or the Licensed Programs or this Agreement, including any cause of action in contract, tort, or strict liability, shall not exceed the total amount payable under this Agreement by Power2Ship to WLI within the most recent six-month period for the Licensed Programs (if such claim relates to the Licensed Programs), or for the WLI Products (if such claim relates to the WLI Products).",0,0,0,1,0,0
"VISIUMTECHNOLOGIES,INC_10_20_2004-EX-10.20-DISTRIBUTOR AGREEMENT","The warranty and remedies set forth in Exhibit B are exclusive and in lieu of any other warranties or remedies, express or implied, including the implied warranties of merchantability and fitness for intended or particular purpose.",0,0,0,1,0,0
"VISIUMTECHNOLOGIES,INC_10_20_2004-EX-10.20-DISTRIBUTOR AGREEMENT","Under no circumstances shall WLI be liable to Power2Ship or to any other person or entity for any incidental, special or consequential damages whether arising out of breach of warranty, breach of contract or otherwise even if WLI has been advised of the possibility of such claims or demands.",0,0,0,1,0,0
"VISIUMTECHNOLOGIES,INC_10_20_2004-EX-10.20-DISTRIBUTOR AGREEMENT","Unless otherwise terminated as provided herein, the initial term of this Agreement shall be three (3) years from the Effective Date and shall thereafter be automatically renewed for subsequent one (1) year periods unless either party notifies the other in writing of its election not to renew the Agreement at least one hundred twenty (120) days prior to the expiration of the then-current term.",0,1,1,0,0,0
"VISIUMTECHNOLOGIES,INC_10_20_2004-EX-10.20-DISTRIBUTOR AGREEMENT","WLI SHALL NOT BE LIABLE FOR ANY SPECIAL, INCIDENTAL, CONSEQUENTIAL OR EXEMPLARY DAMAGES.",0,0,0,1,0,0
VITAMINSHOPPECOMINC_09_13_1999-EX-10.26-SPONSORSHIP AGREEMENT,"EXCEPT UNDER SECTIONS 13(a) AND 13(b), IN NO EVENT WILL EITHER PARTY BE LIABLE TO THE OTHER FOR ANY SPECIAL, INCIDENTAL OR CONSEQUENTIAL DAMAGES, WHETHER BASED ON BREACH OF CONTRACT, TORT (INCLUDING NEGLIGENCE) OR OTHERWISE, WHETHER OR NOT THAT PARTY HAS BEEN ADVISED OF THE POSSIBILITY OF SUCH DAMAGE. EXCEPT UNDER SECTIONS 13(a) AND 13(b), THE LIABILITY OF EITHER PARTY FOR DAMAGES OR ALLEGED DAMAGES HEREUNDER, WHETHER IN CONTRACT, TORT OR ANY OTHER LEGAL THEORY, IS LIMITED TO, AND WILL NOT EXCEED, THE AMOUNTS TO BE PAID BY CLIENT TO EXCITE HEREUNDER.",0,0,0,1,0,0
VITAMINSHOPPECOMINC_09_13_1999-EX-10.26-SPONSORSHIP AGREEMENT,"EXCEPT UNDER SECTIONS 13(a) AND 13(b), THE LIABILITY OF EITHER PARTY FOR DAMAGES OR ALLEGED DAMAGES HEREUNDER, WHETHER IN CONTRACT, TORT OR ANY OTHER LEGAL THEORY, IS LIMITED TO, AND WILL NOT EXCEED, THE AMOUNTS TO BE PAID BY CLIENT TO EXCITE HEREUNDER.",0,0,0,0,1,0
"VNUE,INC_07_10_2015-EX-10.1-SPONSORSHIP AGREEMENT","EXCEPT FOR INDEMNIFICATION OBLIGATIONS DUE TO LIABILITIES TO THIRD PARTIES, NOTWITHSTANDING ANY PROVISION CONTAINED IN THIS AGREEMENT TO THE CONTRARY, NO PARTY TO THIS AGREEMENT WILL BE LIABLE TO ANY OTHER PARTY TO THIS AGREEMENT FOR ANY INCIDENTAL, INDIRECT, SPECIAL, CONSEQUENTIAL OR PUNITIVE DAMAGES (INCLUDING DAMAGES FOR LOSS OF USE, POWER, BUSINESS GOOD WILL, REVENUE OR PROFIT, NOR FOR INCREASED EXPENSES, OR BUSINESS INTERRUPTION) ARISING OUT OF OR RELATED TO THE PERFORMANCE OR NON PERFORMANCE OF THIS AGREEMENT UNLESS THE DAMAGES AROSE DUE TO A PARTY'S GROSS NEGLIGENCE OR WILLFUL BREACH OF THIS AGREEMENT.",0,0,0,1,1,0
VerizonAbsLlc_20200123_8-K_EX-10.4_11952335_EX-10.4_Service Agreement,"The sole remedy of the Issuer, the Indenture Trustee, the Owner Trustee, and the Secured Parties for any extension, modification, amendment, cancellation or waiver of a Receivable or any terms thereof under Section 3.2(b) or a breach of the covenants made by the Servicer in Section 3.2(c) or (d) is the Servicer's acquisition of the Receivables, as described under this Section 3.3.",0,0,0,1,0,0
VertexEnergyInc_20200113_8-K_EX-10.1_11943624_EX-10.1_Marketing Agreement,"The term of this JSMA shall commence on May 1, 2020 (the ""Commencement Date"") and ends at April 30, 2029 (the ""Term""), with automatic renewals each for a period of five (5) years (a ""Renewal Term"") unless notice is given pursuant to 5.2.",0,1,0,0,0,0
VertexEnergyInc_20200113_8-K_EX-10.1_11943624_EX-10.1_Marketing Agreement,"This JSMA will be terminated as of the end of the Term or any Renewal Term, by either Party giving written notice of non-renewal to the other Party no less than 120 prior to the applicable expiry date (the ""Termination Period"").",0,0,1,0,0,0
VgrabCommunicationsInc_20200129_10-K_EX-10.33_11958828_EX-10.33_Development Agreement,Developer may also terminate this Agreement by giving two (2) weeks' notice in writing to VAL.,1,0,0,0,0,0
VirtuosoSurgicalInc_20191227_1-A_EX1A-6 MAT CTRCT_11933379_EX1A-6 MAT CTRCT_License Agreement,"Company may terminate this Agreement and the license granted herein, for any reason, upon giving JHU sixty (60) days written notice under Paragraph 8.1.",1,0,0,0,0,0
VirtuosoSurgicalInc_20191227_1-A_EX1A-6 MAT CTRCT_11933379_EX1A-6 MAT CTRCT_License Agreement,"NOTWITHSTANDING ANY OTHER PROVISION OF THIS AGREEMENT, JHU ADDITIONALLY DISCLAIMS ALL OBLIGATIONS AND LIABILITIES ON THE PART OF JHU AND INVENTORS, FOR DAMAGES, INCLUDING, BUT NOT LIMITED TO, DIRECT, INDIRECT, SPECIAL, AND CONSEQUENTIAL DAMAGES, ATTORNEYS' AND EXPERTS' FEES, AND COURT COSTS (EVEN IF JHU HAS BEEN ADVISED OF THE POSSIBILITY OF SUCH DAMAGES, FEES OR COSTS), ARISING OUT OF OR IN CONNECTION WITH THE MANUFACTURE, USE, OR SALE OF THE LICENSED PRODUCTS AND LICENSED SERVICES UNDER THIS AGREEMENT.",0,0,0,1,0,0
VitalibisInc_20180316_8-K_EX-10.2_11100168_EX-10.2_Hosting Agreement,"Licensee's sole and exclusive remedy and VOTOCAST'S sole and exclusive liability for any loss or interruption of Services shall be as follows. For loss or interruption of Services which is not due to scheduled maintenance, and is caused by VOTOCAST, and such loss or interruption of Services exceeds a continual period of one (I) hour per Exhibit C, Licensee shall receive a credit against future Services equal to one-thirtieth (1/30) of the monthly fees for the Services for each cumulative hour, up to a maximum total of the fees charged for Services for the applicable month of the affected Services.",0,0,0,1,0,0
VitalibisInc_20180316_8-K_EX-10.2_11100168_EX-10.2_Hosting Agreement,"Regardless of any other provision of this Agreement, VOTOCAST shall not be liable by reason of termination of this Agreement for compensation, reimbursement, or damages on account of the loss of prospective profits on anticipated sales, or on account of expenditures, investments, leases or other commitments made in connection with Licensee's business or otherwise, excluding any amounts paid by Licensee to VOTOCAST pursuant to the terms of this Agreement.",0,0,0,1,0,0
VitalibisInc_20180316_8-K_EX-10.2_11100168_EX-10.2_Hosting Agreement,"Regardless of the term, Licensee can terminate Agreement with at least one hundred eighty (180) days written notice with no further obligation.",1,0,0,0,0,0
VitalibisInc_20180316_8-K_EX-10.2_11100168_EX-10.2_Hosting Agreement,"TO THE MAXIMUM EXTENT PERMITTED BY LAW, VOTOCAST'S AGGREGATE LIABILITY ARISING FROM OR RELATING TO THIS AGREEMENT OR THE USE OR INABILITY TO USE THE SERVICES SHALL BE LIMITED TO THE AMOUNT OF ALL FEES ACTUALLY RECEIVED BY VOTOCAST FROM LICENSEE UNDER THIS AGREEMENT.",0,0,0,1,0,0
VitalibisInc_20180316_8-K_EX-10.2_11100168_EX-10.2_Hosting Agreement,The sole remedy for any breach of Section 6.1 (d) and (e) shall be the provisions in Section 7.1.,0,0,0,1,0,0
VitalibisInc_20180316_8-K_EX-10.2_11100168_EX-10.2_Hosting Agreement,The sole remedy for any breach of Section 6.2 (e) shall be the provisions in Section 7.2.,0,0,0,1,0,0
VitalibisInc_20180316_8-K_EX-10.2_11100168_EX-10.2_Hosting Agreement,"This Agreement shall automatically renew beyond the Initial Term for successive one (I) year terms (each, a ""Renewal Term""), unless a Party provides the other with written notice of termination at least one hundred eighty (180) days prior to the expiration of the Initial Term or the then-current Renewal Term.",0,1,1,0,0,0
VitalibisInc_20180316_8-K_EX-10.2_11100168_EX-10.2_Hosting Agreement,"VOTOCAST SHALL HAVE NO LIABILITY WITH RESPECT TO VOTOCAST'S OBLIGATIONS UNDER THIS AGREEMENT OR OTHERWISE FOR ANY CONSEQUENTIAL, EXEMPLARY, SPECIAL. INCIDENTAL, OR PUNITIVE DAMAGES OF ANY KIND (INCLUDING, WITHOUT LIMITATION, LOSS OF PROFITS, REVENUE. BUSINESS, OR DATA), EVEN IF VOTOCAST HAS BEEN ADVISED OF THE POSSIBILITY OF SUCH DAMAGES.",0,0,0,1,0,0
VnueInc_20150914_8-K_EX-10.1_9259571_EX-10.1_Promotion Agreement,"At any time prior to the end of the Term, the Parties may agree in writing to extend the Agreement for successive One (1) Year periods (the ""Renewal Terms"") under the same conditions set forth herein.",0,1,0,0,0,0
WARNERCHILCOTTPLC_12_31_2003-EX-4.36-DEVELOPMENT AGREEMENT,"Neither Party shall be liable to the Other Party for any direct, indirect, consequential, incidental, special, punitive or exemplary damages arising out of or relating to the 9 suspension or termination of any of its obligations or duties under this Agreement by reason of the occurrence of Force Majeure. In the event that Force Majeure has occurred and is continuing for a period of at least six (6) months, the Other Party shall have the right to terminate this Agreement upon thirty (30) days' notice.",0,0,0,1,0,0
WARNINGMANAGEMENTSERVICESINC_12_10_1999-EX-10-ENDORSEMENT AGREEMENT,"In no event (including, but not limited to, Manning's or Pey Dirt's default hereunder) shall Manning or Pey Dirt be liable to Company (or any entity claiming through Company) for any amount in excess of the amounts of royalties actually received by Pey Dirt hereunder, excluding the reimbursement of expenses.",0,0,0,1,0,0
WARNINGMANAGEMENTSERVICESINC_12_10_1999-EX-10-ENDORSEMENT AGREEMENT,"Under no circumstances will Manning or Pey Dirt, on the one hand, or Company, on the other hand, be liable to the other or any other entity for any special, consequential, indirect, exemplary and/or punitive damages, or for loss of good will or business profits.",0,0,0,1,0,0
"WASTE2ENERGYHOLDINGS,INC_06_03_2010-EX-10.2-STRATEGIC ALLIANCE AGREEMENT","SHBV agrees not to engage in business dealings, discussions, or otherwise work directly with any third parties introduced to SHBV through W2E, or to exploit any pre-existing relationship of W2E with any third party that has been represented to SHBV by W2E, without the prior consent and/or direct participation of W2E.",0,0,0,0,0,1
"WASTE2ENERGYHOLDINGS,INC_06_03_2010-EX-10.2-STRATEGIC ALLIANCE AGREEMENT","W2E agrees not to engage in business dealings, discussions, or otherwise work directly with any third parties introduced to W2E through SHBV, or to exploit any pre-existing relationship of SHBV with any third party that has been represented to W2E by SHBV, without the prior consent and/or direct participation of SHBV.",0,0,0,0,0,1
WEBHELPCOMINC_03_22_2000-EX-10.8-HOSTING AGREEMENT,"EXCLUDING LIABILITY FOR INFRINGEMENT CLAIMS AS DISCUSSED IN SECTION 9 OF THIS AGREEMENT, IN NO EVENT SHALL eGAIN BE LIABLE TO CUSTOMER FOR CONSEQUENTIAL, EXEMPLARY, INDIRECT, SPECIAL OR INCIDENTAL DAMAGES (INCLUDING, WITHOUT LIMITATION, LOST PROFITS), OR BE LIABLE TO ANY THIRD PARTY FOR ANY DAMAGES WHATSOEVER, EVEN IF eGAIN HAS BEEN ADVISED OF THE POSSIBILITY OF SUCH DAMAGES.",0,0,0,0,1,0
WEBHELPCOMINC_03_22_2000-EX-10.8-HOSTING AGREEMENT,"EXCLUDING LIABILITY FOR INFRINGEMENT CLAIMS AS DISCUSSED IN SECTION 9 OF THIS AGREEMENT, IN NO EVENT SHALL eGAIN BE LIABLE TO CUSTOMER FOR CONSEQUENTIAL, EXEMPLARY, INDIRECT, SPECIAL OR INCIDENTAL DAMAGES (INCLUDING, WITHOUT LIMITATION, LOST PROFITS), OR BE LIABLE TO ANY THIRD PARTY FOR ANY DAMAGES WHATSOEVER, EVEN IF eGAIN HAS BEEN ADVISED OF THE POSSIBILITY OF SUCH DAMAGES. eGain's entire liability under this Agreement for any damages from any cause whatsoever, regardless of form or action, whether in contract, negligence or otherwise, shall in no event exceed an amount equal to the price paid for the Services out of which the claim arose.",0,0,0,1,0,0
WEBHELPCOMINC_03_22_2000-EX-10.8-HOSTING AGREEMENT,"In the event of Downtime (as defined in this Section 6.1 below), as Customer's sole and exclusive remedy and eGain's sole and exclusive liability, the monthly fee payable for the Hosting Services shall be reduced as follows: a) For the first sixty (60) minutes of Downtime during Normal Business Hours or the first four (4) hours of Downtime outside of Normal Business Hours (""Initial Downtime""), eGain will credit Customer's account for one (1) day of service. b) For each eight (8) hour period of Downtime per day in addition to the Initial Downtime, eGain will credit Customer's account for one (1) additional day of service.",0,0,0,1,0,0
WEBHELPCOMINC_03_22_2000-EX-10.8-HOSTING AGREEMENT,"In the event of a breach (other than Downtime) of the warranty set forth in Section 6.1(i) above, Customer's sole and exclusive remedy, and eGain's sole and exclusive liability shall be, at eGain's option, repair or replacement of the Software.",0,0,0,1,0,0
WEBHELPCOMINC_03_22_2000-EX-10.8-HOSTING AGREEMENT,"In the event that the Software or eGain System is not Year 2000 Compliant, Customer's sole and exclusive remedy and eGain's sole and exclusive liability shall be for eGain, at no additional cost to Customer, to promptly modify the Software or the eGain System so that the Software or eGain System is Year 2000 Compliant.",0,0,0,1,0,0
WEBHELPCOMINC_03_22_2000-EX-10.8-HOSTING AGREEMENT,"THE FOREGOING CONSTITUTES CUSTOMER'S SOLE AND EXCLUSIVE REMEDY, AND eGAIN'S ENTIRE LIABILITY, FOR DOWNTIME AND FOR BREACH OF THE HOSTING SERVICES WARRANTY PROVIDED IN THIS SECTION 6.1.",0,0,0,1,0,0
WEBHELPCOMINC_03_22_2000-EX-10.8-HOSTING AGREEMENT,"This Agreement shall continue in effect from the Effective Date for a one (1) year period, unless earlier terminated as set forth below, and thereafter shall renew automatically for successive one (1) year periods unless either party gives the other party at least thirty (30) days prior written notice of its intent not to renew the Agreement.",0,1,1,0,0,0
WELLSFARGOMORTGAGEBACKEDSECURITIES2006-6TRUST_05_11_2006-EX-10.3-Yield Maintenance Agreement,"Notwithstanding any provision herein or in the ISDA Form to the contrary, the obligations of Counterparty hereunder are limited recourse obligations of Counterparty, payable solely from the Trust Estate (as defined in the Pooling and Servicing Agreement) and the proceeds thereof to satisfy Counterparty's obligations hereunder.",0,0,0,1,0,0
WESTERN COPPER - NON-COMPETITION AGREEMENT,"(b) advise, lend money to, guarantee the debts or obligations of or permit its name to be used by any Person who carries on or is engaged in Mining Activities, in the Area of Non-Competition.",0,0,0,0,0,1
WESTERN COPPER - NON-COMPETITION AGREEMENT,"Western Copper covenants and agrees with Glamis that, for a period of 2 years after the Effective Date, it will not, directly or indirectly, either individually or in partnership or jointly or in conjunction with any Person, which will include being a principal, agent, shareholder, or advisor of such Person or in any other manner whatsoever, (a) carry on or be engaged in Mining Activities, or",0,0,0,0,0,1
"WHITESMOKE,INC_11_08_2011-EX-10.26-PROMOTION AND DISTRIBUTION AGREEMENT",(c) breach of any implied condition as to title or quiet enjoyment; and (d) misuse of confidential information.,0,0,0,0,1,0
"WHITESMOKE,INC_11_08_2011-EX-10.26-PROMOTION AND DISTRIBUTION AGREEMENT","Nothing in this Agreement shall exclude or limit either party's liability for: (a) death or personal injury resulting from the negligence of either party or their servants, agents or employees; (b) fraud or fraudulent misrepresentation;",0,0,0,0,1,0
"WHITESMOKE,INC_11_08_2011-EX-10.26-PROMOTION AND DISTRIBUTION AGREEMENT","Nothing in this Agreement shall exclude or limit either party's liability under Clause 10 (Indemnities), or Distributor's liability under Clause 2 (License Grants and Restrictions), Clause 3.5 (Exclusivity), Clause 3.6 (End User License Agreement) and Clause 3.7 (Accurate Reproduction) or Clause [ * ].",0,0,0,0,1,0
"WHITESMOKE,INC_11_08_2011-EX-10.26-PROMOTION AND DISTRIBUTION AGREEMENT","Notwithstanding anything to the contrary, in no event shall the [ * ] paid or payable to Distributor by Google pursuant to Clause 4.1 (Payments) exceed the [ * ].",0,0,0,1,0,0
"WHITESMOKE,INC_11_08_2011-EX-10.26-PROMOTION AND DISTRIBUTION AGREEMENT","Subject to Clauses 9.1 and 9.2, each party's total liability under or in connection with this Agreement (whether in contract, tort or otherwise) arising in any Contract Year is limited to the greater of: (a) [ * ] Euros ([ * ] Euros); and (b) [ * ]% of the total payment due to the Distributor in the relevant Contract Year pursuant to Clause 4 (Payment Terms).",0,0,0,1,1,0
"WHITESMOKE,INC_11_08_2011-EX-10.26-PROMOTION AND DISTRIBUTION AGREEMENT","Subject to Clauses 9.1 and 9.2, neither party shall be liable under this Agreement (whether in contract, tort or otherwise) for any: (a) loss of anticipated savings; (b) loss of business opportunity (which for the avoidance of doubt shall not include loss of advertising revenue); (c) loss of or corruption of data; (d) loss or damage resulting from third party claims; or (e) indirect or consequential losses; suffered or incurred by the other party (whether or not such losses were within the contemplation of the parties at the date of this Agreement).",0,0,0,1,1,0
"WHITESMOKE,INC_11_08_2011-EX-10.26-PROMOTION AND DISTRIBUTION AGREEMENT",The foregoing Clauses 10.1 to 10.5 states the parties' entire liability and exclusive remedy with respect to infringement of a third party's Intellectual Property Rights.,0,0,0,1,0,0
WOMENSGOLFUNLIMITEDINC_03_29_2000-EX-10.13-ENDORSEMENT AGREEMENT,"The Company may renew this Agreement on the same terms and conditions for one (1) additional five year period that shall begin on January 1, 2005 and end on December 31, 2009, by providing a written notice of its intent to effect such renewal to the Professional by November 30, 2004.",0,1,0,0,0,0
WOMENSGOLFUNLIMITEDINC_03_29_2000-EX-10.13-ENDORSEMENT AGREEMENT,"The Professional agrees (i) to use no golf bag bearing any identification of a competitor of the Company and (ii) to wear no apparel bearing any identification of a competitor of the Company, and will prohibit any caddy of hers from bearing any such identification.",0,0,0,0,0,1
WOMENSGOLFUNLIMITEDINC_03_29_2000-EX-10.13-ENDORSEMENT AGREEMENT,"The Professional agrees to divest herself of any management or control interest that she currently has in any entity that is a competitor of the Company, and not to acquire any such interest during the Term.",0,0,0,0,0,1
WOMENSGOLFUNLIMITEDINC_03_29_2000-EX-10.13-ENDORSEMENT AGREEMENT,"To avoid any possibility of confusion of the public, trademark infringement or interference with the rights of the Company, the Professional agrees not to endorse, license or otherwise authorize the use of her name, likeness or image in connection with another company's golf clubs or golf-related clothing or equipment during the Term and for a period of two (2) years thereafter.",0,0,0,0,0,1
WORLDWIDESTRATEGIESINC_11_02_2005-EX-10-RESELLER AGREEMENT,"FOR SUCH TOUCHSTAR SOFTWARE OR CALL CENTER SYSTEM AND (B) WITH REGARD TO SERVICES, THE REPERFORMANCE OF THE SERVICES.",0,0,0,1,0,0
WORLDWIDESTRATEGIESINC_11_02_2005-EX-10-RESELLER AGREEMENT,"IN NO EVENT SHALL TOUCHSTAR BE LIABLE TO RESELLER, ANY OTHER RESELLER OR ANY CUSTOMER BY REASON OF ANY REPRESENTATION OR IMPLIED WARRANTY, CONDITION, OTHER TERM, OR ANY DUTY AT COMMON LAW, OR UNDER THE TERMS OF THIS AGREEMENT, FOR ANY DIRECT, INDIRECT, SPECIAL, CONSEQUENTIAL OR PUNITIVE LOSS OR DAMAGE (WHETHER FOR LOSS OF PROFIT OR OTHERWISE) ARISING OUT OF OR IN CONNECTION WITH ANY ACT OR OMISSION OF TOUCHSTAR RELATING TO THE DEVELOPMENT, MANUFACTURE, OR SUPPLY OF THE TOUCHSTAR SOFTWARE, THE SERVICES, OR THE INSTALLATION OF ANY CALL CENTER SYSTEM, THEIR RESALE BY RESELLER, OR THEIR USE BY ANY CUSTOMER OR OTHER END USER.",0,0,0,1,0,0
WORLDWIDESTRATEGIESINC_11_02_2005-EX-10-RESELLER AGREEMENT,"Other than pursuant to this Section 10.12(b)(v), the arbitration award shall not include any indirect, incidental, special, consequential, or punitive damages and the arbitrators shall be so instructed.",0,0,0,1,0,0
WORLDWIDESTRATEGIESINC_11_02_2005-EX-10-RESELLER AGREEMENT,"Reseller shall not import, promote, distribute, license, market or sell any products in",0,0,0,0,0,1
WORLDWIDESTRATEGIESINC_11_02_2005-EX-10-RESELLER AGREEMENT,"THE SOLE OBLIGATION OF TOUCHSTAR, AND THE SOLE REMEDY OF RESELLER OR ANY OTHER RESELLER, UNDER THIS AGREEMENT SHALL BE (A) WITH REGARD TO THE TOUCHSTAR SOFTWARE OR ANY CALL CENTER SYSTEM, THE REPLACEMENT OR REPAIR OF THE TOUCHSTAR SOFTWARE OR THE CALL CENTER SYSTEM OR, AT THE OPTION OF TOUCHSTAR, THE RETURN OF THE PURCHASE PRICE PAID BY RESELLER",0,0,0,1,0,0
WORLDWIDESTRATEGIESINC_11_02_2005-EX-10-RESELLER AGREEMENT,"THE SOLE OBLIGATION OF TOUCHSTAR, AND THE SOLE REMEDY OF RESELLER OR ANY OTHER RESELLER, UNDER THIS AGREEMENT SHALL BE (A) WITH REGARD TO THE TOUCHSTAR SOFTWARE OR ANY CALL CENTER SYSTEM, THE REPLACEMENT OR REPAIR OF THE TOUCHSTAR SOFTWARE OR THE CALL CENTER SYSTEM OR, AT THE OPTION OF TOUCHSTAR, THE RETURN OF THE PURCHASE PRICE PAID BY RESELLER 14 FOR SUCH TOUCHSTAR SOFTWARE OR CALL CENTER SYSTEM AND (B) WITH REGARD TO SERVICES, THE REPERFORMANCE OF THE SERVICES.",0,0,0,1,0,0
WORLDWIDESTRATEGIESINC_11_02_2005-EX-10-RESELLER AGREEMENT,"This Agreement shall continue in force for a term of twelve (12) months from the Effective Date, unless terminated earlier under the provisions of this Article 8 (the ""Term""); PROVIDED that TouchStar shall have the right to terminate this Agreement at any time after the Effective Date upon not less than fifteen (15) days' prior written notice to Reseller.",1,0,0,0,0,0
WORLDWIDESTRATEGIESINC_11_02_2005-EX-10-RESELLER AGREEMENT,"TouchStar shall have no liability to Reseller or any Other Reseller by reason of the termination or expiration of this Agreement for compensation, reimbursement, or damages of any kind, including any loss of prospective profits on anticipated sales, loss of goodwill, or investments made in reliance on this Agreement.",0,0,0,1,0,0
WORLDWIDESTRATEGIESINC_11_02_2005-EX-10-RESELLER AGREEMENT,the Territory which directly compete with the TouchStar Software or Support Services.,0,0,0,0,0,1
WPPPLC_04_30_2020-EX-4.28-SERVICE AGREEMENT,"(a) as holder or beneficial owner (for investment purposes only) of any class of securities in a company if those securities are listed or dealt in on a Recognised Investment Exchange and the Executive (together with his spouse, children, parents and parents' issue) neither holds nor is beneficially interested in more than 1% of the securities of that class; or (b) with the consent in writing of the Company, which may be given subject to any terms which the Company requires.",0,0,0,0,0,1
WPPPLC_04_30_2020-EX-4.28-SERVICE AGREEMENT,"(j) encourage, assist or procure any Person to do anything which if done by the Executive would be a breach of sub clauses 1 (a) to (i).",0,0,0,0,0,1
WPPPLC_04_30_2020-EX-4.28-SERVICE AGREEMENT,15.2 The Company may in its sole and absolute discretion (whether or not any notice of termination has been given under sub clause 15.1) terminate this Agreement at any time and with immediate effect by giving notice in writing to the Executive that the Company is exercising its rights pursuant to this clause 15.,1,0,0,0,0,0
WPPPLC_04_30_2020-EX-4.28-SERVICE AGREEMENT,"During the Appointment, the Executive may not accept any employment with or appointment to any office, whether paid or unpaid, in relation to anybody, whether corporate or not (other than a Group Company), or directly or indirectly be interested in any manner in any other business except:",0,0,0,0,0,1
WPPPLC_04_30_2020-EX-4.28-SERVICE AGREEMENT,The Appointment may be terminated by either party giving the other at least 12 months' notice in writing.,1,0,0,0,0,0
WPPPLC_04_30_2020-EX-4.28-SERVICE AGREEMENT,"The Executive agrees and undertakes with the Company acting on behalf of itself and as agent for each Group Company that he will not in any Relevant Capacity at any time during the Restricted Period: (a) within or in relation to the Restricted Territory take any steps preparatory to or be directly or indirectly engaged, employed, interested or concerned in: (i) any Competing Business; and/or (ii) any Target Business Entity, (b) within or in relation to the Restricted Territory acquire a substantial or controlling interest directly or by or through any nominee or nominees in any Competing Business, Target Business Entity or in any Person owning or controlling a Competing Business or Target Business Entity; or (c) solicit or attempt to solicit, canvass, interfere with or entice away from the Company or any Relevant Group Company the custom or any prospective custom of any Client or any Prospect with a view to providing to that Client or Prospect any products or services which are the same as or materially similar to any Restricted Business in competition with the Company or any Relevant Group Company; or (d) provide or agree to provide any products or services which are the same as or materially similar to any Restricted Business to any Client or any Prospect in competition with the Company or any Relevant Group Company; or (e) solicit, entice or encourage or attempt to solicit, entice or encourage any Key Individual to leave the employment of the Company or any Relevant Group Company (whether or not such person would commit any breach of his contract of employment by doing so); or (f) employ, engage, appoint, enter into partnership or association with or in any way cause to be employed, engaged or appointed any Key Individual in relation to any Person which is or is proposing to be a Competing Business or is or is proposed to be directly or indirectly owned by or controlling any Competing Business; or (g) provide or agree to provide any products or services which are the same as or materially similar to any Restricted Business in respect of any Competitor Account; or (h) be employed or engaged by any Client or Prospect if as a result the Client or Prospect will cease to use or materially reduce its usage of the products or services of the Company or any Relevant Group Company or, in the case of a Prospect, will not use the products or services of the Company or any Relevant Group Company or use them to a materially lesser extent; or (i) solicit or try to solicit or place orders for the supply of products or services from any Supplier if as a result the Supplier will cease supplying, materially reduce its supply or vary detrimentally the terms on which it supplies products or services to the Company or any Relevant Group Company; or",0,0,0,0,0,1
WaterNowInc_20191120_10-Q_EX-10.12_11900227_EX-10.12_Distributor Agreement,"The arbitrator shall not award any Party punitive, exemplary, multiplied or consequential damages, and each Party hereby irrevocably waives any right to seek such damages in arbitration or in judicial proceedings.",0,0,0,1,0,0
WaterNowInc_20191120_10-Q_EX-10.12_11900227_EX-10.12_Distributor Agreement,"Upon expiration of the Initial Term of this Agreement, this Agreement will automatically renew for additional, successive five (5) year periods unless either Party provides the other Party written notice of its desire to terminate at least one hundred twenty (120) days prior to the end of the Initial Term or any renewal.",0,1,1,0,0,0
WebmdHealthCorp_20050908_S-1A_EX-10.7_1027007_EX-10.7_Content License Agreement,"IN NO EVENT WILL WEBMD OR ITS SUPPLIERS OR LICENSORS BE LIABLE UNDER ANY THEORY OF LIABILITY, HOWEVER ARISING, FOR ANY COSTS OF COVER OR FOR INDIRECT, SPECIAL, INCIDENTAL, OR CONSEQUENTIAL DAMAGES OF ANY KIND ARISING OUT OF THIS AGREEMENT, OR THE PROVISION OR USE OF CONTENT, EVEN IF WEBMD HAS BEEN ADVISED OF THE POSSIBILITY OF SUCH DAMAGES.",0,0,0,1,0,0
WebmdHealthCorp_20050908_S-1A_EX-10.7_1027007_EX-10.7_Content License Agreement,"WEBMD'S AGGREGATE LIABILITY FOR ALL DAMAGES, LOSSES AND CAUSES OF ACTION IN ANY WAY RELATED TO THIS AGREEMENT OR THE CONTENT, WHETHER IN CONTRACT, TORT (INCLUDING NEGLIGENCE) OR OTHERWISE, EITHER JOINTLY OR SEVERALLY, SHALL NOT EXCEED FIFTY DOLLARS ($50).",0,0,0,1,0,0
WestPharmaceuticalServicesInc_20200116_8-K_EX-10.1_11947529_EX-10.1_Supply Agreement,"All claims for any cause whatsoever, whether based in contract, negligence or other tort, strict liability, breach of warranty or otherwise, shall be deemed waived unconditionally and absolutely unless Seller receives written notice of such claim not later than one hundred fifty (150) days after Buyer's receipt of Product as to which such claim is made.",0,0,0,1,0,0
WestPharmaceuticalServicesInc_20200116_8-K_EX-10.1_11947529_EX-10.1_Supply Agreement,Any cause of action that Buyer may have against Seller and which may arise in connection with the transaction(s) specified herein must be commenced within two (2) years after the cause of action has accrued.,0,0,0,1,0,0
WestPharmaceuticalServicesInc_20200116_8-K_EX-10.1_11947529_EX-10.1_Supply Agreement,Claims by Buyer are waived unless made in writing within 150 days from date of (non-) delivery.,0,0,0,1,0,0
WestPharmaceuticalServicesInc_20200116_8-K_EX-10.1_11947529_EX-10.1_Supply Agreement,"Defective or nonconforming Product shall be replaced by Seller without additional charge, or in lieu thereof, at Seller's option, Seller may refund the purchase price upon return of such Product at Seller's expense and such refund or replacement shall constitute Buyer's sole and exclusive remedy.",0,0,0,1,0,0
WestPharmaceuticalServicesInc_20200116_8-K_EX-10.1_11947529_EX-10.1_Supply Agreement,EM's maximum liability for all claims for any reason is the sales price of the product involved and EM shall not be liable for indirect or consequential damage.,0,0,0,1,0,0
WestPharmaceuticalServicesInc_20200116_8-K_EX-10.1_11947529_EX-10.1_Supply Agreement,"IN NO EVENT SHALL SELLER BE LIABLE FOR SPECIAL, INCIDENTAL, CONSEQUENTIAL OR EXEMPLARY DAMAGES.",0,0,0,1,0,0
WestPharmaceuticalServicesInc_20200116_8-K_EX-10.1_11947529_EX-10.1_Supply Agreement,"In no event shall either party be responsible for any special, punitive, or consequential damages whatsoever.",0,0,0,1,0,0
WestPharmaceuticalServicesInc_20200116_8-K_EX-10.1_11947529_EX-10.1_Supply Agreement,"NOTWITHSTANDING THE ABOVE AND REGARDLESS OF THE CIRCUMSTANCES, SELLER'S TOTAL LIABILITY TO BUYER FOR ANY AND ALL CLAIMS, LOSSES OR DAMAGES ARISING OUT OF ANY CAUSE WHATSOEVER, WHETHER BASED IN CONTRACT, NEGLIGENCE OR OTHER TORT, STRICT LIABILITY, BREACH OF WARRANTY OR OTHERWISE, SHALL IN NO EVENT EXCEED THE PURCHASE PRICE OF PRODUCT IN RESPECT TO WHICH SUCH CAUSE AROSE",0,0,0,1,0,0
WestPharmaceuticalServicesInc_20200116_8-K_EX-10.1_11947529_EX-10.1_Supply Agreement,"Seller's total liability for all claims arising hereunder or connected with the products sold hereunder, whether based in contract, tort or otherwise, shall be no greater than an amount equal to the purchase price of the products to which any such claims relate, or at the Seller's option, and only in the case of claims regarding defective or non-conforming product, to replacement of such products, provided that in all cases Buyer shall be under an obligation to mitigate any loss as far as possible. Seller shall not in any event be liable for any special, incidental, exemplary or consequential damages.",0,0,0,1,0,0
"XACCT Technologies, Inc.SUPPORT AND MAINTENANCE AGREEMENT",The Agreement will be automatically renewed for additional one (1) year terms (subject to applicable fee adjustments) unless thirty (30) days prior to the anniversary of the Effective Date Licensee gives written notice to XACCT of its intention not to renew.,0,1,1,0,0,0
"XACCT Technologies, Inc.SUPPORT AND MAINTENANCE AGREEMENT","UNDER NO CIRCUMSTANCES, INCLUDING NEGLIGENCE, SHALL XACCT BE LIABLE FOR ANY SPECIAL, INCIDENTAL OR CONSEQUENTIAL DAMAGES INCLUDING, WITHOUT LIMITATION, DAMAGES FOR LOST PROFITS, LOSS OF DATA, OR COSTS OF PROCUREMENT OF SUBSTITUTE GOODS OR SERVICES, ARISING IN ANY WAY OUT OF THIS AGREEMENT OR THE USE OF THE PRODUCT AND DOCUMENTATION EVEN IF XACCT HAS BEEN ADVISED OF THE POSSIBILITY OF SUCH DAMAGES OR LOSSES.",0,0,0,1,0,0
"XACCT Technologies, Inc.SUPPORT AND MAINTENANCE AGREEMENT",XACCT'S SOLE LIABILITY AND LICENSEE'S EXCLUSIVE REMEDY FOR DAMAGES WITH RESPECT TO PRODUCT MAINTENANCE SHALL BE AS SET FORTH IN THE LICENSE AGREEMENT.,0,0,0,1,0,0
"XACCT Technologies, Inc.SUPPORT AND MAINTENANCE AGREEMENT","XACCT'S SOLE LIABILITY AND LICENSEE'S EXCLUSIVE REMEDY FOR DAMAGES WITH RESPECT TO THE SUPPORT SERVICES UNDER ANY CONTRACT, TORT (INCLUDING NEGLIGENCE), STRICT LIABILITY OR OTHER THEORY, SHALL BE LIMITED TO THE AMOUNT PAID BY LICENSEE FOR THE SUPPORT SERVICES FOR THE PRIOR 12 MONTHS.",0,0,0,1,0,0
XENCORINC_10_25_2013-EX-10.24-COLLABORATION AGREEMENT (3),"For avoidance of doubt, all BII liability or indemnification obligation that might result from representations and the warranties under this Section 6 are always subject to the limitations set forth in Section 7.4 of this Agreement.",0,0,0,1,0,0
XENCORINC_10_25_2013-EX-10.24-COLLABORATION AGREEMENT (3),"With the exception of wilful misconduct by a Party, and such cases where a limitation of liability and/or indemnification is not possible under applicable law, for which cases there shall be no limitation, any and all liability and/or indemnification obligations of each of BII and XENCOR under this Agreement shall be: a. excluded for incidental, indirect, consequential, punitive or special damages (provided that the foregoing shall not exclude a Party's right to consequential or incidental",0,0,0,1,1,0
XENCORINC_10_25_2013-EX-10.24-COLLABORATION AGREEMENT (3),"damages for any negligent or intentional breach of confidentiality and non-use obligations under Section 9); and b. each Party's aggregate liability and/or indemnification obligations towards the other Party under this Agreement shall not exceed an amount equal to the average annual aggregate amount paid or to be paid by XENCOR to BII hereunder; provided, however, that in the case of a Party's negligent or intentional breach of confidentiality and non­use obligations pursuant to Section 9, this limitation of liability shall be increased to twice the average annual aggregate amount paid or to be paid by XENCOR to BII hereunder; provided however that the foregoing Subsections a. and b. of this Section 7.4 shall not limit XENCOR' s liability and indemnification obligation towards BII with respect to any third party claims according to clause (iii) and (iv) of Section 7.3 b. regarding any use of the Deliverables (in particular the Product) in humans and/or with respect to any third party claim that BII's use of the Material to manufacture the Product infringes any issued patent owed by such third party (excluding any such claim based specifically on use of the Process but not on the use of the Material)",0,0,0,1,0,0
XENCORINC_10_25_2013-EX-10.24-COLLABORATION AGREEMENT (3),"damages for any negligent or intentional breach of confidentiality and non-use obligations under Section 9); and b. each Party's aggregate liability and/or indemnification obligations towards the other Party under this Agreement shall not exceed an amount equal to the average annual aggregate amount paid or to be paid by XENCOR to BII hereunder; provided, however, that in the case of a Party's negligent or intentional breach of confidentiality and non­use obligations pursuant to Section 9, this limitation of liability shall be increased to twice the average annual aggregate amount paid or to be paid by XENCOR to BII hereunder; provided however that the foregoing Subsections a. and b. of this Section 7.4 shall not limit XENCOR' s liability and indemnification obligation towards BII with respect to any third party claims according to clause (iii) and (iv) of Section 7.3 b. regarding any use of the Deliverables (in particular the Product) in humans and/or with respect to any third party claim that BII's use of the Material to manufacture the Product infringes any issued patent owed by such third party (excluding any such claim based specifically on use of the Process but not on the use of the Material).",0,0,0,0,1,0
XYBERNAUTCORP_07_12_2002-EX-4-SPONSORSHIP AGREEMENT,"In addition, AJR's obligations under Section 11(a) above shall survive for a period of one (1) year after the date of this Agreement.",0,0,0,1,0,0
XYBERNAUTCORP_07_12_2002-EX-4-SPONSORSHIP AGREEMENT,"Notwithstanding anything herein to the contrary, AJR's liability under this Section 11 shall not exceed One Hundred Fifty Thousand Dollars ($150,000).",0,0,0,1,0,0
XYBERNAUTCORP_07_12_2002-EX-4-SPONSORSHIP AGREEMENT,"The indemnification obligations described in Section 11(a), including all limitations on such obligations, shall be the exclusive remedy of the XC Indemnified Parties for any Losses resulting from or based upon any breach by AJR of any of its agreements, covenants or obligations hereunder or the use of any of the Licensed Materials in a manner that is not permitted hereby.",0,0,0,1,0,0
XinhuaSportsEntertainmentLtd_20070221_F-1_EX-99.4_645553_EX-99.4_Content License Agreement,"This Agreement may be renewed for an additional term of ten (10) years by notice in writing given by XFN to CEIS at the expiry of the Term, for a consideration to be mutually agreed.",0,1,0,0,0,0
XinhuaSportsEntertainmentLtd_20070221_F-1_EX-99.4_645553_EX-99.4_Content License Agreement,XFN may terminate this Agreement by giving thirty (30) days written notice to the CEIS.,1,0,0,0,0,0
XpresspaGroupInc_20190401_10-K_EX-10.28_11599457_EX-10.28_Marketing Agreement,"EXCEPT WITH RESPECT TO EACH PARTY'S INDEMNIFICATION OBLIGATIONS UNDER THIS AGREEMENT, (A) UNDER NO CIRCUMSTANCE AND UNDER NO LEGAL THEORY (TORT, CONTRACT, OR OTHERWISE), SHALL EITHER PARTY BE LIABLE TO THE OTHER PARTY FOR ANY LOST PROFITS, LOSS OF OPPORTUNITY OR OTHER SPECIAL, PUNITIVE, INDIRECT, OR CONSEQUENTIAL DAMAGES SUFFERED BY THE OTHER PARTY ARISING IN CONNECTION WITH THIS AGREEMENT; AND (B) THE MAXIMUM LIABILITY OF EACH PARTY IN ANY WAY RELATED TO THIS AGREEMENT SHALL NOT EXCEED $2,000,000.00 (EXCLUDING ANY AMOUNTS DUE AND PAYABLE PURSUANT TO SECTION ​8 HEREUNDER).",0,0,0,1,0,0
XpresspaGroupInc_20190401_10-K_EX-10.28_11599457_EX-10.28_Marketing Agreement,"Following the Initial Term, this Agreement shall automatically renew for successive terms of six (6) months (each a ""Renewal Term"", and together with the Initial Term, the ""Term"") unless written notice is given by either Party no later than thirty (30) days in advance of the expiration of the Initial Term or the applicable Renewal Term.",0,1,1,0,0,0
XpresspaGroupInc_20190401_10-K_EX-10.28_11599457_EX-10.28_Marketing Agreement,"Throughout the Term and for a period of six (6) months after the expiration or termination of this Agreement, neither Calm nor any of its affiliates shall, directly or indirectly, sell, offer for sale, market or promote any digital meditation or digital sleep products in any retail location located in an airport other than in collaboration with XSPA, without the express prior written consent of XSPA.",0,0,0,0,0,1
XpresspaGroupInc_20190401_10-K_EX-10.28_11599457_EX-10.28_Marketing Agreement,"Throughout the Term and for a period of six (6) months after the expiration or termination of this Agreement, neither XSPA nor any of its affiliates shall, directly or indirectly, sell, offer for sale, market or promote any digital meditation or digital sleep products (other than the Products), including online or in any Store in the Territory, without the express prior written consent of Calm.",0,0,0,0,0,1
ZEBRATECHNOLOGIESCORP_04_16_2014-EX-10.1-INTELLECTUAL PROPERTY AGREEMENT,"The sole and exclusive remedy for any breach of this IP Agreement, including the representations and warranties and covenants herein, shall be as set forth in Article 8 of the Acquisition Agreement.",0,0,0,1,0,0
ZogenixInc_20190509_10-Q_EX-10.2_11663313_EX-10.2_Distributor Agreement,"""Distribution Term"" means the period commencing on the first Regulatory Approval of the Product in the Territory and continuing until [***], or if this Agreement is terminated earlier pursuant to Article 12, the effective date of such termination.",1,0,0,0,0,0
ZogenixInc_20190509_10-Q_EX-10.2_11663313_EX-10.2_Distributor Agreement,"At any time following the expiration of the Distribution Term (as defined in Section 1.17), the Distributor may terminate this Agreement at will upon [***] prior written notice to Zogenix.",1,0,0,0,0,0
ZogenixInc_20190509_10-Q_EX-10.2_11663313_EX-10.2_Distributor Agreement,"During the Term, without the prior written approval of Zogenix, Distributor shall not, and shall cause its Affiliates not to, either directly or indirectly, file for Regulatory Approval of, promote, market, offer for sale, sell, import or distribute in the Territory any product containing fenfluramine or any salt, enantiomer, or polymorph of fenfluramine, or any product for [***].",0,0,0,0,0,1
ZogenixInc_20190509_10-Q_EX-10.2_11663313_EX-10.2_Distributor Agreement,"NEITHER PARTY SHALL BE ENTITLED TO RECOVER FROM THE OTHER PARTY ANY SPECIAL, INCIDENTAL, CONSEQUENTIAL OR PUNITIVE DAMAGES IN CONNECTION WITH THIS AGREEMENT; provided however, that this Section 10.5 shall not be construed to limit (a) either Party's right to special, incidental or consequential damages for the other Party's breach of Article 8 or (b) either Party's indemnification rights or obligations under Article 11.",0,0,0,1,1,0
ZogenixInc_20190509_10-Q_EX-10.2_11663313_EX-10.2_Distributor Agreement,Neither Party will be liable to the other for Indirect Losses in connection with any recall or withdrawal pursuant to this Section.,0,0,0,1,0,0
"Zounds Hearing, Inc. - MANUFACTURING DESIGN MARKETING AGREEMENT","IN NO EVENT SHALL EITHER PARTY BE LIABLE TO THE OTHER FOR ANY ""COVER"" DAMAGES (INCLUDING INTERNAL COVER DAMAGES WHICH THE PARTIES AGREE MAY NOT BE CONSIDERED DIRECT DAMAGES), OR ANY INCIDENTAL, CONSEQUENTIAL, SPECIAL OR PUNITIVE DAMAGES OF ANY KIND OR NATURE ARISING OUT OF THIS AGREEMENT OR THE SALE OF MANUFACTURER'S PRODUCTS, WHETHER SUCH LIABILITY IS ASSERTED ON THE BASIS OF CONTRACT, TORT (INCLUDING THE POSSIBILITY OF NEGLIGENCE OR STRICT LIABILITY), OR OTHERWISE, EVEN IF THE PARTY HAS BEEN WARNED OF THE POSSIBILITY OF ANY SUCH LOSS OR DAMAGE, AND EVEN IF ANY OF THE LIMITED REMEDIES IN THIS AGREEMENT FAIL OF THEIR ESSENTIAL PURPOSE.",0,0,0,1,0,0
"Zounds Hearing, Inc. - MANUFACTURING DESIGN MARKETING AGREEMENT","THIS SECTION 7 SETS FORTH SUBCONTRACTOR'S SOLE AND EXCLUSIVE LIABILITY, AND MANUFACTURER'S SOLE AND EXCLUSIVE REMEDY, AS TO ANY FAILURE OF THE MANUFACTURER'S PRODUCTS TO MEET THE WARRANTY STANDARDS.",0,0,0,1,0,0
"Zounds Hearing, Inc. - MANUFACTURING DESIGN MARKETING AGREEMENT",This Agreement will renew automatically thereafter for successive one-year terms unless and until one Party gives notification of termination with at least sixty (60) days written notice.,0,1,1,0,0,0
